timepoint,n_cells,observed_h1_nocc,p_value_nocc,null_mean,null_95th
D0,1000,1.345686912536621,0.47,1.3863054370880128,1.99310302734375
D1,324,1.2814531326293945,0.58,1.4474485301971436,2.2091071128845208
D11,249,1.1985654830932617,0.11,0.8275884866714478,1.3083833694458007
D2,230,1.5683393478393555,0.16,1.2708869743347169,2.0683500289916985
D4,200,0.970799446105957,0.24,0.8328611278533935,1.494761037826538
D9,379,1.3895759582519531,0.26,1.1544560766220093,1.6950950622558592
