,observed_max_h1,p_value
D0,1.4669981002807617,0.394
D1,1.322561264038086,0.552
D11,1.0793461799621582,0.266
D2,1.7711811065673828,0.126
D4,1.3701486587524414,0.144
D9,1.774221420288086,0.098
