label,n_cells,observed_h1,p_value,null_mean,null_95th
osi_D14,1000,3.776317596435547,0.0,1.172075481414795,1.4624336004257201
osi_D7,1000,3.0825748443603516,0.0,1.039843258857727,1.35083589553833
osi_D0,1000,1.7436065673828125,0.03,1.1793096208572387,1.5747884273529051
pdx_YU-006_residual,1000,8.1978120803833,0.0,0.9425302648544311,1.1991600990295406
pdx_YU-006_untreated,1000,3.6173219680786133,0.0,1.089459810256958,1.4582453727722167
pdx_YU-003_residual,1000,2.0661754608154297,0.0,1.0005526065826416,1.30890634059906
