,n_cells,max_h0,max_h1,n_h0,n_h1
D0,1249.0,44.40550994873047,1.4133377075195312,1249.0,1473.0
D14,1250.0,54.09081268310547,3.776317596435547,1250.0,1153.0
D3,1250.0,51.82065963745117,1.8202381134033203,1250.0,1399.0
D7,1250.0,29.034324645996094,2.6726579666137695,1250.0,1421.0
