,condition,group,cilia,cnv_burden,cnv_corr_to_tumour
GSM7791000_AAACCCAAGTGTTCCA-1,untreated,bulk,0.0029856634896898993,0.00692300970818934,-0.1664149132654946
GSM7791000_AAACCCACACACCGCA-1,untreated,bulk,-0.07358426699562678,0.017895705835863005,-0.18322678409712986
GSM7791000_AAACCCACAGAACCGA-1,untreated,bulk,-0.13436655438135542,0.005437359298709615,-0.15118021804425025
GSM7791000_AAACCCACAGAGCCCT-1,untreated,bulk,0.011171426546005975,0.01273256504666771,-0.1374414975955239
GSM7791000_AAACCCACAGCTTTGA-1,untreated,bulk,-0.010367348988850916,0.0067187259296862785,-0.08947765443184905
GSM7791000_AAACCCACATCGCCTT-1,untreated,bulk,-0.10394442705881028,0.015103344806489503,-0.04174843470331851
GSM7791000_AAACCCAGTCGCTTAA-1,untreated,bulk,-0.09561249600516426,0.01231977426066196,-0.04695299898481995
GSM7791000_AAACCCATCTCTGGTC-1,untreated,bulk,-0.08542722959367055,0.010389054639159635,0.01475437084025678
GSM7791000_AAACGAAAGAACCCGA-1,untreated,bulk,0.011006425827268573,0.009173959626220939,-0.0057099951880436066
GSM7791000_AAACGAAAGAAGCTGC-1,untreated,bulk,-0.021904010545639785,0.010584856970987034,0.06707992424015152
GSM7791000_AAACGAAGTCCATAGT-1,untreated,bulk,-0.007107691235012481,0.006194805866751502,-0.22424551956058023
GSM7791000_AAACGAATCTTCGACC-1,untreated,bulk,-0.0495800602625287,0.008349351793270713,-0.17275272237147907
GSM7791000_AAACGCTAGGGCGAAG-1,untreated,bulk,-0.1019057696206229,0.006839495623290256,0.05725481496191829
GSM7791000_AAACGCTAGGTCACAG-1,untreated,bulk,0.10324671851264108,0.011385168720315506,-0.11907646997110753
GSM7791000_AAACGCTGTCTCAGGC-1,untreated,bulk,0.005385245974101727,0.011720851264610086,-0.0624743853491969
GSM7791000_AAACGCTGTGGAAGTC-1,untreated,bulk,0.0656932868654766,0.010916561264565082,0.09462416412545781
GSM7791000_AAAGAACCAAACCACT-1,untreated,bulk,0.030491927010672437,0.007837673308461033,-0.1967806376844463
GSM7791000_AAAGAACGTCAAGTTC-1,untreated,bulk,-0.03907928466796875,0.02026215995517333,0.5174913283587559
GSM7791000_AAAGAACGTTACGGAG-1,untreated,bulk,-0.07510766301836286,0.005933182107910583,-0.11606259872941704
GSM7791000_AAAGAACTCAACCGAT-1,untreated,bulk,-0.09209027244931176,0.010740571565767881,-0.046177330488177154
GSM7791000_AAAGGATAGCCTCAGC-1,untreated,bulk,-0.06496018629225475,0.0069455958577219765,-0.0831406768768847
GSM7791000_AAAGGATCAGCCTATA-1,untreated,bulk,-0.20427640642438616,0.009442307037927169,-0.2215808894480768
GSM7791000_AAAGGATCAGGTTCCG-1,untreated,bulk,-0.13948444582167124,0.008037030489496529,-0.06816855137300787
GSM7791000_AAAGGATGTGGTACAG-1,untreated,bulk,-0.1652499548972599,0.009156789017943874,-0.08596534457012449
GSM7791000_AAAGGATGTGTCGATT-1,untreated,bulk,0.2467527018653022,0.010965797978665136,-0.10618843824841849
GSM7791000_AAAGGATTCTTCCTAA-1,untreated,bulk,-0.06307360664246572,0.008468052625029095,-0.04293414959883006
GSM7791000_AAAGGGCAGATCGGTG-1,untreated,bulk,0.017996398986331985,0.007706098203437074,-0.10540484334032701
GSM7791000_AAAGGGCAGCCGCACT-1,untreated,bulk,0.0234325035034664,0.017909195316262467,0.02979396826125412
GSM7791000_AAAGGGCAGGTCCCTG-1,untreated,bulk,0.008490995528206008,0.010218125919162773,-0.0823532805781953
GSM7791000_AAAGGGCCAAGTCCAT-1,untreated,bulk,0.01939357606191483,0.008322319522605967,-0.1405384327466414
GSM7791000_AAAGGGCGTCAGTCTA-1,untreated,bulk,0.11678689441983661,0.01694080696408293,0.0918859050392847
GSM7791000_AAAGGGCTCAATGCAC-1,untreated,bulk,-0.05691722324916294,0.021583057657951352,0.5550103951200077
GSM7791000_AAAGGGCTCGCTGTCT-1,untreated,bulk,-0.15505065187575326,0.008217424904682859,-0.18804470389932734
GSM7791000_AAAGGGCTCTGGGTCG-1,untreated,bulk,-0.0446439334324428,0.007661970536335276,-0.11482401297329581
GSM7791000_AAAGGTAAGACTACCT-1,untreated,bulk,0.048100501771957155,0.007958701586082377,-0.022956255252932753
GSM7791000_AAAGGTAAGAGGACTC-1,untreated,bulk,0.018949930251590794,0.011916674499011255,0.13854553268006403
GSM7791000_AAAGGTAAGTGCCAGA-1,untreated,bulk,0.034337267648606076,0.014524025008192854,0.10848775652392886
GSM7791000_AAAGGTACAGCATTGT-1,untreated,bulk,-0.06575318018595375,0.007681515295352122,-0.09864891307984976
GSM7791000_AAAGGTACATGACACT-1,untreated,bulk,-0.03841491154261998,0.01941153172729356,0.2533407972881819
GSM7791000_AAAGGTACATGGCGCT-1,untreated,bulk,-0.21362958635602677,0.011523277598049763,-0.049877524469897176
GSM7791000_AAAGGTAGTAAGACCG-1,untreated,bulk,0.0055860340784466556,0.009195303973643943,-0.07393403950075929
GSM7791000_AAAGGTATCCTGTTGC-1,untreated,bulk,0.009029048738025486,0.008026183415965619,-0.2388747581516952
GSM7791000_AAAGGTATCGCAATTG-1,untreated,bulk,-0.08294258480980284,0.016092139430875653,0.037355871033588756
GSM7791000_AAAGGTATCTTGGGCG-1,untreated,bulk,0.016607022209773004,0.012012582471318244,-0.13842731522448734
GSM7791000_AAAGTCCAGTCATGCT-1,untreated,bulk,-0.09864031640310136,0.007460413699576646,-0.002183585033353022
GSM7791000_AAAGTCCCAACCGTGC-1,untreated,bulk,0.03803800613161115,0.014567616179628968,-0.08930306019235837
GSM7791000_AAAGTCCCAAGAAACT-1,untreated,bulk,-0.020869755744934076,0.00664338954084403,-0.05772696400850372
GSM7791000_AAAGTCCCACTTACAG-1,untreated,bulk,-0.13320550513645957,0.012357236375137578,-0.08417877968756234
GSM7791000_AAAGTCCGTACTCCCT-1,untreated,bulk,-0.05522083501967173,0.018165236152814897,0.017850159740274193
GSM7791000_AAAGTCCGTTCCGCAG-1,untreated,bulk,-0.0038082735879080565,0.00906157765590038,-0.14043748937323483
GSM7791000_AAAGTCCTCAACGAGG-1,untreated,bulk,-0.030156002650185226,0.011573644623253,0.07347394904874278
GSM7791000_AAAGTCCTCACGGAGA-1,untreated,bulk,0.1108818967001779,0.004674118180873398,-0.12673362372334768
GSM7791000_AAAGTCCTCTCAAAGC-1,untreated,bulk,0.009737803292652919,0.009528548197870686,0.07505686085974905
GSM7791000_AAAGTGAAGAGAGAAC-1,untreated,bulk,0.06571976480029881,0.009436616241211277,-0.13216086544409503
GSM7791000_AAAGTGAAGTCGGGAT-1,untreated,bulk,-0.08155445689246768,0.006905190023416617,-0.11198449416175901
GSM7791000_AAAGTGACAGTCTCTC-1,untreated,bulk,-0.06210639340536936,0.009094565094598068,-0.08482833381873912
GSM7791000_AAAGTGACATAGCTGT-1,untreated,bulk,0.09033526496281702,0.0075384392881563045,-0.04926755531873043
GSM7791000_AAAGTGAGTCAATGGG-1,untreated,bulk,-0.03472371055966331,0.008907344839048995,-0.14651820628166126
GSM7791000_AAAGTGAGTCGATTTG-1,untreated,bulk,-0.043936250739627425,0.02005653497752664,0.1167058206757867
GSM7791000_AAAGTGAGTGGCTCTG-1,untreated,bulk,-0.058772282562558606,0.01565073461146787,0.044851640287874965
GSM7791000_AAAGTGAGTTATCTGG-1,untreated,bulk,-0.053034968376159675,0.009102965354985088,-0.08045903403785029
GSM7791000_AAAGTGATCGCCTAGG-1,untreated,bulk,-0.07256642754115757,0.012023149951491452,0.013107880437466022
GSM7791000_AAATGGAAGCCTGAGA-1,untreated,bulk,0.03857345482659719,0.009473569010789813,0.036207957635098396
GSM7791000_AAATGGACACCGTGAC-1,untreated,bulk,-0.04785139481226604,0.010912651481314664,-0.06840416282513952
GSM7791000_AAATGGACATCATCTT-1,untreated,bulk,-0.11364730074292138,0.01526489060075997,-0.12541005890970205
GSM7791000_AAATGGAGTCACTAGT-1,untreated,bulk,0.057219184391082284,0.006009214890352366,-0.18267319221126385
GSM7791000_AAATGGAGTGTCTTAG-1,untreated,bulk,0.10756956766522122,0.006263182447838132,-0.05555994322600132
GSM7791000_AAATGGATCCACAAGT-1,untreated,bulk,-0.1746568625313895,0.012806904454225174,-0.025414840138138856
GSM7791000_AAATGGATCGACTCCT-1,untreated,bulk,-0.1546566391748095,0.007869446221806001,-0.12133516904555947
GSM7791000_AACAAAGGTATTCCGA-1,untreated,bulk,0.04918921743120466,0.007985522209488257,0.004357958572821238
GSM7791000_AACAAAGGTCGCGTCA-1,untreated,bulk,-0.07762438963329982,0.013287231436013753,0.15890576677630602
GSM7791000_AACAAAGTCACCTCTG-1,untreated,bulk,-0.05813404711465986,0.010256793718489528,-0.1504114148455757
GSM7791000_AACAAAGTCATAAGGA-1,untreated,bulk,-0.16485951014927455,0.012398626213811598,-0.06299067264359966
GSM7791000_AACAAAGTCGATACTG-1,untreated,bulk,0.04507304479205418,0.012368469376320426,-0.08792065764717222
GSM7791000_AACAAAGTCGGAAACG-1,untreated,bulk,-0.1276623669124785,0.01001833655668475,-0.10478259939947568
GSM7791000_AACAACCAGTCTCGTA-1,untreated,bulk,-0.10973277500697545,0.019854863404840203,0.16163730672404028
GSM7791000_AACAACCCAAGGTCGA-1,untreated,bulk,0.015387640907650879,0.008567700099795846,-0.08766510351658896
GSM7791000_AACAACCCAGGTGACA-1,untreated,bulk,-0.13112615509638711,0.008565391214040473,-0.06985214476302465
GSM7791000_AACAACCCATAGAATG-1,untreated,bulk,-0.04053631351107642,0.012041019842707794,-0.1343678523664743
GSM7791000_AACAACCCATGAGAAT-1,untreated,bulk,-0.09056771959577288,0.019971708219113954,0.4306167082605163
GSM7791000_AACAACCGTAGAGGAA-1,untreated,bulk,0.17061507452101937,0.002682404391230792,-0.059165944313059916
GSM7791000_AACAACCGTAGTTACC-1,untreated,bulk,-0.02798314503261021,0.020221864442089486,0.4421339356440149
GSM7791000_AACAACCGTCGAGTGA-1,untreated,bulk,-0.18433650425502232,0.01454646332214445,0.0023602118590816666
GSM7791000_AACAACCGTTCTGAGT-1,untreated,bulk,-0.06326693557557603,0.005027395662137981,-0.14431958278036683
GSM7791000_AACAAGAAGCAACTCT-1,untreated,bulk,-0.09435179574148995,0.014370884829294408,0.17845291688002773
GSM7791000_AACAAGAAGTCTCGTA-1,untreated,bulk,0.05427565022120401,0.013972704674432193,-0.029300001148128692
GSM7791000_AACAAGAAGTTGCTCA-1,untreated,bulk,0.13091049799843438,0.012194867137833958,-0.014413713853623727
GSM7791000_AACAAGACAAATCGGG-1,untreated,bulk,-0.062137267021905807,0.00811980543233562,-0.1669648639996742
GSM7791000_AACAAGACACCTAAAC-1,untreated,bulk,-0.10116308696686274,0.010085253795418378,-0.07410418960043287
GSM7791000_AACAAGACATCGAAGG-1,untreated,bulk,-0.02223304778810531,0.009631797323623131,-0.15228761003804878
GSM7791000_AACAAGAGTGAGGAAA-1,untreated,bulk,0.06186925403655519,0.004647573014468662,-0.26464901925446344
GSM7791000_AACAAGAGTGGCAACA-1,untreated,bulk,-0.05941788658263192,0.011194329566188913,-0.08367522246131107
GSM7791000_AACAAGATCTAATTCC-1,untreated,bulk,0.10461921040973965,0.009264377124579549,0.016808433959214688
GSM7791000_AACACACAGTAGAGTT-1,untreated,bulk,-0.06716142052695863,0.01691495975010108,-0.10185205377160178
GSM7791000_AACACACAGTTACGTC-1,untreated,bulk,-0.16161282660469178,0.00829780494315238,-0.05201757855033975
GSM7791000_AACACACCACAGCTTA-1,untreated,bulk,-0.1190985650107974,0.012857982940075712,-0.01270809416136076
GSM7791000_AACACACGTCCCGCAA-1,untreated,bulk,-0.0826174956276303,0.008993025176624751,-0.16886398977385714
GSM7791000_AACACACTCAGGGATG-1,untreated,bulk,0.10942581736852253,0.00973253955739543,-0.17165282113189018
GSM7791000_AACACACTCCATTTAC-1,untreated,bulk,0.08554360314021034,0.010103029729989891,-0.028252955521692515
GSM7791000_AACAGGGAGAGGTTTA-1,untreated,bulk,-0.11808887542240204,0.008499675800930681,-0.17824353397119577
GSM7791000_AACAGGGAGGTTCTAC-1,untreated,bulk,-0.11167700858343213,0.007027435915593872,-0.12547802371826997
GSM7791000_AACAGGGCAGATCACT-1,untreated,bulk,-0.027136909242660268,0.008181991554509238,0.03984868052853764
GSM7791000_AACAGGGGTAATGCGG-1,untreated,bulk,-0.021063796906244187,0.010409415537063961,-0.09236956813428265
GSM7791000_AACAGGGGTGGTCTGC-1,untreated,bulk,0.11840215864635648,0.007187270845600063,-0.06904365077857637
GSM7791000_AACAGGGTCCCTCTTT-1,untreated,bulk,-0.2219724915519593,0.01139516919913444,0.06389847856513037
GSM7791000_AACAGGGTCGTGGGTC-1,untreated,bulk,-0.03673959762331039,0.009084385458680963,-0.11690497028663073
GSM7791000_AACAGGGTCTATTCGT-1,untreated,bulk,-0.1195545414515904,0.014181142622809567,0.22195173123541748
GSM7791000_AACCAACAGGCGACAT-1,untreated,bulk,-0.18594505408453565,0.00814928029909967,-0.14995221098156875
GSM7791000_AACCAACAGGGCAGGA-1,untreated,bulk,0.04083792747013151,0.00804123862595034,-0.0924980151891965
GSM7791000_AACCAACAGTCGAAGC-1,untreated,bulk,-0.013849010013398666,0.007232194136828118,-0.08421052304512322
GSM7791000_AACCAACGTTACAGCT-1,untreated,bulk,-0.07977154201931425,0.008752408425612198,-0.13224359047109358
GSM7791000_AACCAACGTTGTCCCT-1,untreated,bulk,-0.07728176661900112,0.021871562119604362,0.44601909602135487
GSM7791000_AACCAACTCAACCTCC-1,untreated,bulk,-0.04154773575919016,0.009400060807140287,-0.08810878874069283
GSM7791000_AACCAACTCCACTAGA-1,untreated,bulk,-0.0063757166029914936,0.014176178416350849,-0.09860821357086036
GSM7791000_AACCAACTCGTGTGGC-1,untreated,bulk,0.19268546467735656,0.009143881103387604,-0.13654012389687642
GSM7791000_AACCACAAGCGTGTCC-1,untreated,bulk,-0.10722749180263941,0.007633075466589031,-0.08899869762875412
GSM7791000_AACCACAAGTAGTCCT-1,untreated,bulk,-0.18713980538504466,0.009677513992113316,-0.11215211334283744
GSM7791000_AACCACAAGTGATCGG-1,untreated,bulk,-0.19984543459756032,0.014070062043278089,-0.16245426290681755
GSM7791000_AACCACAGTAGAGCTG-1,untreated,bulk,-0.2428204563685826,0.013865245351750087,-0.10662803435929843
GSM7791000_AACCACAGTGCCTATA-1,untreated,bulk,-0.1787121143038311,0.007228423053952181,-0.12743430089191618
GSM7791000_AACCACAGTGCGGCTT-1,untreated,bulk,-0.18940392164956957,0.012169292034039393,-0.16417791351431985
GSM7791000_AACCACATCCACAAGT-1,untreated,bulk,-0.05341853618621825,0.008585700737636141,0.04510604158513497
GSM7791000_AACCACATCCACCTGT-1,untreated,bulk,-0.031623758588518416,0.019857711213064313,0.5857394969760064
GSM7791000_AACCACATCCACGGAC-1,untreated,bulk,0.025070177714029973,0.005072179488565054,-0.15644717538344258
GSM7791000_AACCATGAGAGGTCGT-1,untreated,bulk,-0.013057141682458306,0.0068753770302365826,-0.10837900906872885
GSM7791000_AACCATGAGTCCCGGT-1,untreated,bulk,0.13019046177939766,0.011320311979907344,-0.13114579670053034
GSM7791000_AACCATGCAGCAGACA-1,untreated,bulk,-0.07566847664969308,0.018042334399861127,0.3619564615031392
GSM7791000_AACCATGGTCTGCAAT-1,untreated,bulk,-0.14399681091308594,0.017068280761918946,0.03666083996670835
GSM7791000_AACCATGTCATCGCAA-1,untreated,bulk,-0.11563143730163572,0.005585637052316117,-0.22753559329121537
GSM7791000_AACCATGTCCAAGCCG-1,untreated,bulk,-0.013606652153862836,0.008247677304645259,-0.1977446680403588
GSM7791000_AACCATGTCCACGGAC-1,untreated,bulk,-0.14146175872711908,0.008683987406485244,0.00023311107544214365
GSM7791000_AACCCAACAAGATGGC-1,untreated,bulk,-0.052026475119212295,0.0066741622504709825,-0.06892233330168092
GSM7791000_AACCCAACACCGGCTA-1,untreated,bulk,0.0561883936987983,0.016290756260742806,0.17866684533803043
GSM7791000_AACCCAACATAATCCG-1,untreated,bulk,-0.0741976151012239,0.014280961768464289,-0.04518755468182359
GSM7791000_AACCCAACATCCGTGG-1,untreated,bulk,-0.15169268040429978,0.007405922868032365,-0.06337756168918901
GSM7791000_AACCCAAGTGTATTCG-1,untreated,bulk,0.02924697573222812,0.008581743259707097,-0.18807500882893488
GSM7791000_AACCTGAAGAGGATGA-1,untreated,bulk,-0.09183167427305192,0.009720116107953689,-0.10895845924567822
GSM7791000_AACCTGACAAGACGGT-1,untreated,bulk,-0.03351913671644907,0.009528030747753947,-0.009814145866217434
GSM7791000_AACCTGACAATTTCCT-1,untreated,bulk,-0.06135559952448286,0.01224095842486273,-0.11460439174054247
GSM7791000_AACCTGACACAGTCCG-1,untreated,bulk,0.10255341741773819,0.00932793337306258,-0.22354737593352023
GSM7791000_AACCTGAGTCAACACT-1,untreated,bulk,-0.004750418284582697,0.007437398315086395,-0.08157483331413691
GSM7791000_AACCTGAGTCGTCTCT-1,untreated,bulk,0.1090686867729066,0.010306261018187206,-0.018187238493442545
GSM7791000_AACCTGAGTGAGATCG-1,untreated,bulk,-0.04809013957069033,0.006974763702630926,-0.23586088565016144
GSM7791000_AACCTGAGTTTAAGGA-1,untreated,bulk,-0.10082627054244753,0.007484677202904741,-0.057432474540211116
GSM7791000_AACCTGATCACAACCA-1,untreated,bulk,-0.14745797320017737,0.009240400486786144,-0.16216909395151347
GSM7791000_AACCTTTAGCTGGTGA-1,untreated,bulk,-0.04335053784506662,0.0077391347445504065,-0.13008086943329186
GSM7791000_AACCTTTAGGCTCTCG-1,untreated,bulk,-0.08492448451027038,0.00864429992991381,-0.22370477974941805
GSM7791000_AACCTTTAGGTTACCT-1,untreated,bulk,-0.08136282466706773,0.007275228253906822,-0.0731254220958044
GSM7791000_AACCTTTGTGATACTC-1,untreated,bulk,-0.00656178928556897,0.008132031023334978,-0.10597626545015178
GSM7791000_AACCTTTGTTAAGAAC-1,untreated,bulk,-0.04449518476213728,0.019728296223721232,0.5216373794933368
GSM7791000_AACGAAATCAAGTTGC-1,untreated,bulk,-0.14520553700507632,0.00868000519459403,-0.05729078053387093
GSM7791000_AACGAAATCATGAGAA-1,untreated,bulk,-0.15738864353724888,0.01127053016275563,-0.08308239909420463
GSM7791000_AACGAAATCCATTTAC-1,untreated,bulk,-0.033974871408371715,0.008274667813696054,-0.09676955127860168
GSM7791000_AACGAAATCTAGGCCG-1,untreated,bulk,-0.1407006770088559,0.009607856192228093,0.005639413541584808
GSM7791000_AACGGGAAGCTGGTGA-1,untreated,bulk,-0.047351904066782136,0.008598121276367115,-0.030255249012641
GSM7791000_AACGGGAAGCTTGTTG-1,untreated,bulk,-0.040769842238653264,0.013865889359150063,-0.040712271797318525
GSM7791000_AACGGGACAACTTGGT-1,untreated,bulk,0.061214011358836334,0.005700145340879728,-0.10620934102228477
GSM7791000_AACGGGACAAGTACCT-1,untreated,bulk,-0.18885628836495535,0.01831984119176354,0.044639328981940514
GSM7791000_AACGGGACACTGCGAC-1,untreated,bulk,-0.14540785486735996,0.006527098339336569,-0.12056271087996696
GSM7791000_AACGGGACAGGCCCTA-1,untreated,bulk,-0.06036945494394452,0.00857849252810253,-0.25219589128160597
GSM7791000_AACGGGACATGTTCGA-1,untreated,bulk,-0.09238885062081473,0.016970006647193593,0.38870541256137625
GSM7791000_AACGGGACATTGAGCT-1,untreated,bulk,-0.08328140258789063,0.025200902282164532,0.5362094967302166
GSM7791000_AACGGGAGTCGCATTA-1,untreated,bulk,-0.05196336670527382,0.007822597322091875,-0.11533096127366363
GSM7791000_AACGGGAGTCTAGATC-1,untreated,bulk,-0.16674028529061213,0.008863976572788415,-0.12516798466120033
GSM7791000_AACGGGATCACGGTCG-1,untreated,bulk,-0.14258919590995422,0.011187555516774864,-0.15996760903184296
GSM7791000_AACGGGATCCGAGCTG-1,untreated,bulk,-0.06719034649076919,0.004198198678259614,-0.21232831177884443
GSM7791000_AACGGGATCGCGTGCA-1,untreated,bulk,0.022297805453103725,0.010471666014269134,-0.23353182650145712
GSM7791000_AACGTCAAGATCGACG-1,untreated,bulk,-0.1025822553180513,0.008576872895842726,-0.09030864570867723
GSM7791000_AACGTCAGTCCTTGTC-1,untreated,bulk,-0.09844132052527535,0.008142436461639486,-0.15775269739993836
GSM7791000_AACGTCAGTGATATAG-1,untreated,bulk,-0.08745553152901786,0.016936533342187487,0.4394609714321057
GSM7791000_AACGTCAGTTGTACGT-1,untreated,bulk,-0.13921146884797111,0.010742403101622578,-0.06174569669636061
GSM7791000_AACGTCATCGGTCTAA-1,untreated,bulk,-0.007926388770814932,0.012156689975197699,0.04789774320215519
GSM7791000_AACTTCTAGAGGCCAT-1,untreated,bulk,-0.0659124848199269,0.008304910403229629,-0.12761549409131054
GSM7791000_AACTTCTAGGCCTGAA-1,untreated,bulk,-0.1036218197383578,0.00771782693737076,-0.19434663507341327
GSM7791000_AACTTCTAGTCACACT-1,untreated,bulk,-0.13926377655967834,0.013236344794378156,-0.08719813759514876
GSM7791000_AACTTCTCAGCCTATA-1,untreated,bulk,-0.012498958072965083,0.004361059258408489,-0.21987233068632064
GSM7791000_AACTTCTCAGTAGTGG-1,untreated,bulk,-0.10604527708083865,0.008826526475203428,-0.09379673243275886
GSM7791000_AACTTCTGTCACAATC-1,untreated,bulk,-0.009656117757161464,0.003642658918088504,-0.19767273834722435
GSM7791000_AACTTCTGTCGCCACA-1,untreated,bulk,0.014011092715793205,0.006923944282819792,-0.033931713629035146
GSM7791000_AACTTCTGTTCCTAGA-1,untreated,bulk,-0.027896515679737874,0.010538882628150082,-0.01733972477687321
GSM7791000_AACTTCTTCTCAATCT-1,untreated,bulk,0.08775869430057584,0.01189754707605456,-0.05941402150419138
GSM7791000_AACTTCTTCTCTTGCG-1,untreated,bulk,-0.20154851637189347,0.013664866320496762,-0.05513710304705702
GSM7791000_AAGAACAAGTGTTCAC-1,untreated,bulk,-0.06139992774478972,0.006975995351744236,-0.1310148650722143
GSM7791000_AAGAACACAAGTTCGT-1,untreated,bulk,-0.14252083460489912,0.013370304927040886,-0.17200766974499734
GSM7791000_AAGAACACAGCGTAGA-1,untreated,bulk,0.09912988950335791,0.002822866387227434,-0.2038407506939859
GSM7791000_AAGAACACATAGGCGA-1,untreated,bulk,-0.01749747367132276,0.00844803284724592,-0.1437648234286802
GSM7791000_AAGAACAGTCTTCTAT-1,untreated,bulk,-0.004415074303036642,0.00877709860368557,0.015949923075980567
GSM7791000_AAGAACAGTGACACGA-1,untreated,bulk,0.08077995928507002,0.02139753730182634,0.4573091052738675
GSM7791000_AAGAACAGTTTGGGAG-1,untreated,bulk,-0.010463340623038156,0.01693653734783804,0.4564082925612731
GSM7791000_AAGAACATCGACGACC-1,untreated,bulk,-0.13635654994419644,0.021236577476245643,0.3624931918508395
GSM7791000_AAGAACATCTCGTCAC-1,untreated,bulk,0.138271967569987,0.002878058765534298,-0.12301657963397156
GSM7791000_AAGACAAAGTTGGAGC-1,untreated,bulk,-0.11358637189108228,0.016774477053598167,-0.11074307772853086
GSM7791000_AAGACAAGTCTAGGCC-1,untreated,bulk,-0.08141678477090503,0.010147239367230252,-0.11057226701274772
GSM7791000_AAGACAAGTGCTGCAC-1,untreated,bulk,0.017722966330392026,0.01552850531962493,0.41066672348823224
GSM7791000_AAGACTCAGAAACCCG-1,untreated,bulk,-0.007466671277606279,0.010372493526574789,-0.13121486188266474
GSM7791000_AAGACTCAGCTCGACC-1,untreated,bulk,-0.0623736796303401,0.00946566165756588,-0.29128028671197675
GSM7791000_AAGACTCAGCTGACCC-1,untreated,bulk,-0.003515958786010742,0.0067302190712938215,-0.21227853379020845
GSM7791000_AAGACTCGTATCGAGG-1,untreated,bulk,-0.10649633437868149,0.006207698144663337,-0.1431370739685618
GSM7791000_AAGACTCGTATGGAAT-1,untreated,bulk,0.02446421502128479,0.006034790417895839,0.03623373971081686
GSM7791000_AAGACTCGTGGCTAGA-1,untreated,bulk,-0.22383453369140624,0.008491020413758679,-0.10883127763709627
GSM7791000_AAGACTCTCCACACAA-1,untreated,bulk,-0.019793301158481186,0.010587448519306425,-0.23181279443075423
GSM7791000_AAGACTCTCCTGTAAG-1,untreated,bulk,-0.16748886959893364,0.011335022058986427,-0.07510144304614991
GSM7791000_AAGACTCTCGACACTA-1,untreated,bulk,0.03455236525762648,0.011226272713663592,-0.0834638268097748
GSM7791000_AAGACTCTCTTCTGGC-1,untreated,bulk,-0.012565297474936843,0.009365948006986416,-0.012688247074678468
GSM7791000_AAGATAGAGGGATCTG-1,untreated,bulk,-0.11640688143079243,0.008617618209231698,-0.09283519133626619
GSM7791000_AAGATAGCAAGTTCCA-1,untreated,bulk,-0.10292643637884227,0.00682636373002627,-0.09003769807855025
GSM7791000_AAGATAGCAGGGAATC-1,untreated,bulk,-0.14988460029874529,0.009349617668501039,-0.18900467531205034
GSM7791000_AAGATAGCATACTGAC-1,untreated,bulk,0.2309619570535327,0.02930789524731996,-0.043371741794884365
GSM7791000_AAGATAGGTCTGCAAT-1,untreated,bulk,-0.06004911695207871,0.006405359958323074,-0.07551763626889203
GSM7791000_AAGATAGGTTCTGACA-1,untreated,bulk,0.03814513372996495,0.01224675997244485,-0.029240209808284234
GSM7791000_AAGATAGGTTTCGCTC-1,untreated,bulk,-0.15640132359095982,0.01195052034153131,-0.0863020551006056
GSM7791000_AAGATAGTCAAGGCTT-1,untreated,bulk,-0.03546158760313006,0.00663957473268833,-0.1941085614882622
GSM7791000_AAGCATCAGGAACGTC-1,untreated,bulk,0.046889039751083106,0.009185041560181236,-0.05063218710969
GSM7791000_AAGCATCCACACTTAG-1,untreated,bulk,-0.030358832223074776,0.016457199912861438,0.5422240736044396
GSM7791000_AAGCATCCAGGCGTTC-1,untreated,bulk,-0.02936122349330357,0.020375301781017457,0.5232361204561946
GSM7791000_AAGCATCCATAACCCA-1,untreated,bulk,-0.1334262978841388,0.015347344828017634,-0.09426181472294722
GSM7791000_AAGCATCCATTCACAG-1,untreated,bulk,0.07780917909410265,0.0325482679808222,0.01419245547989409
GSM7791000_AAGCATCGTGTGTACT-1,untreated,bulk,-0.14934007160247317,0.010263668123449716,-0.08026497435100902
GSM7791000_AAGCCATAGAACCGCA-1,untreated,bulk,-0.23029314313616073,0.00817675078319444,0.062040202310113805
GSM7791000_AAGCCATAGCGTGTCC-1,untreated,bulk,-0.04482177953871469,0.015101456008610778,-0.06610605875506605
GSM7791000_AAGCCATGTCGACTGC-1,untreated,bulk,-0.12530881204302347,0.010048507715369125,-0.1491722182804539
GSM7791000_AAGCCATGTTGTTGTG-1,untreated,bulk,-0.012111640203566781,0.006211873108263245,-0.14297844746621416
GSM7791000_AAGCCATTCAGCTAGT-1,untreated,bulk,0.04313559365650965,0.008175842945910427,0.14497737849473777
GSM7791000_AAGCGAGAGACTGAGC-1,untreated,bulk,0.10401097464183018,0.006935694287987972,-0.12693350093806344
GSM7791000_AAGCGAGAGTTTGCTG-1,untreated,bulk,-0.03241302876245408,0.00810808330049837,-0.08439127807842982
GSM7791000_AAGCGAGCAAGACCTT-1,untreated,bulk,-0.01531301589239209,0.008465858520607343,0.06506413023390535
GSM7791000_AAGCGAGCAATCCTAG-1,untreated,bulk,0.12488392708793519,0.007647594084413394,-0.04728188238739744
GSM7791000_AAGCGAGCACCTGATA-1,untreated,bulk,0.07199188868204753,0.013735376374424995,-0.23856347333164987
GSM7791000_AAGCGAGGTAAGTTAG-1,untreated,bulk,-0.05276292990124415,0.007855646885252435,-0.10254913491826328
GSM7791000_AAGCGAGTCGCCTATC-1,untreated,bulk,-0.14763242449079242,0.017061153083517598,-0.032226578846158496
GSM7791000_AAGCGTTAGATTACCC-1,untreated,bulk,-0.09320558801529899,0.009859103993780172,-0.042052400193899456
GSM7791000_AAGCGTTAGCGAGGAG-1,untreated,bulk,-0.03418518354022315,0.009375781261542607,-0.17346302118402473
GSM7791000_AAGCGTTAGGGACACT-1,untreated,bulk,-0.13202667236328125,0.027585779638813496,0.5117343004852767
GSM7791000_AAGCGTTCACACCGAC-1,untreated,bulk,0.050650303855774875,0.010878913528751161,-0.049277965688445884
GSM7791000_AAGCGTTCAGGAAGTC-1,untreated,bulk,-0.060781256433517214,0.013810243704408285,-0.09865771214280254
GSM7791000_AAGCGTTGTGGCCCAT-1,untreated,bulk,0.15462021509806317,0.005514930110837117,-0.09367535881454589
GSM7791000_AAGCGTTGTGGTTCTA-1,untreated,bulk,0.09086683818272182,0.01532738657753388,0.05783620061849315
GSM7791000_AAGCGTTTCCATTCAT-1,untreated,bulk,0.01861046503460595,0.009061049753780732,-0.12101340539968072
GSM7791000_AAGCGTTTCTATTGTC-1,untreated,bulk,-0.1705144800837078,0.006226753183912544,-0.06943381020954825
GSM7791000_AAGGAATCAAACCACT-1,untreated,bulk,-0.12747511916690402,0.00609491829566657,-0.19599061903657283
GSM7791000_AAGGAATCACTAGGTT-1,untreated,bulk,-0.12627765110560826,0.020377936375238884,0.2676221555963589
GSM7791000_AAGGAATCAGCGGTTC-1,untreated,bulk,0.003956571987697055,0.01302056529031503,-0.2850308139364939
GSM7791000_AAGGAATGTGGAACAC-1,untreated,bulk,-0.008291143084329267,0.013497478533352347,-0.12289386502673036
GSM7791000_AAGGAATGTTATAGCC-1,untreated,bulk,-0.0938921156762138,0.016312618154028766,-0.046505018398402674
GSM7791000_AAGGAATTCTAACACG-1,untreated,bulk,0.047225648410736565,0.02314595420883833,0.4483904351242423
GSM7791000_AAGGAATTCTCCTGAC-1,untreated,bulk,-0.06619633265904018,0.017504925800609573,0.48729491010053516
GSM7791000_AAGGTAAAGCTCTGTA-1,untreated,bulk,-0.08022305488586426,0.009099361641227927,0.05050958651595477
GSM7791000_AAGGTAAAGGTTGAGC-1,untreated,bulk,-0.020488232506646054,0.0077823797411337445,-0.05683889877934192
GSM7791000_AAGGTAAAGTTCCTGA-1,untreated,bulk,-0.14918477414146303,0.006965456560003171,-0.14274488929388662
GSM7791000_AAGGTAAAGTTTGCTG-1,untreated,bulk,-0.013017396245683932,0.011931353089956282,-0.08194136251878692
GSM7791000_AAGGTAACAAGCGCAA-1,untreated,bulk,0.07640736292278957,0.00982779017347201,-0.087258717921411
GSM7791000_AAGGTAAGTGGGTCAA-1,untreated,bulk,-0.023680729033455028,0.0037599348986267268,-0.17555065660871477
GSM7791000_AAGGTAAGTGTCATCA-1,untreated,bulk,-0.04305783937847804,0.02273860832779487,0.15498126217630645
GSM7791000_AAGGTAATCCGTCCTA-1,untreated,bulk,0.03629628423660519,0.014049148457535712,-0.05318240963909865
GSM7791000_AAGGTAATCTGGACCG-1,untreated,bulk,-0.13366607999044752,0.00958979965934647,-0.21495143951983756
GSM7791000_AAGTACCAGTGCACAG-1,untreated,bulk,-0.09459692909604027,0.015126927473270052,0.05958964265347784
GSM7791000_AAGTACCCAGGTCAGA-1,untreated,bulk,-0.005143464633396683,0.011148357858389864,-0.18210543117135652
GSM7791000_AAGTACCCATACATCG-1,untreated,bulk,0.13171310349116247,0.01037996556784165,-0.10380245768951525
GSM7791000_AAGTACCCATTGAAAG-1,untreated,bulk,-0.14397384643554687,0.016153287781516215,-0.010184163624275122
GSM7791000_AAGTACCGTATTGAGA-1,untreated,bulk,-0.21611676897321427,0.010159481734429083,0.002104728755582509
GSM7791000_AAGTCGTTCATTCACT-1,untreated,bulk,-0.014207700017898811,0.006530294545956437,-0.09315794314908574
GSM7791000_AAGTCGTTCGAATCCA-1,untreated,bulk,-0.04778739929199219,0.020167368368009527,0.46950926512996505
GSM7791000_AAGTGAAAGCCATTCA-1,untreated,bulk,-0.14411080508005047,0.008136520208387616,-0.12449236974908866
GSM7791000_AAGTGAAGTCACTTAG-1,untreated,bulk,-0.22151279994419643,0.008917015983653794,-0.16749462612421576
GSM7791000_AAGTGAAGTCATAAAG-1,untreated,bulk,0.13380825012449235,0.012228843616864583,-0.17179807989190254
GSM7791000_AAGTGAAGTGGATGAC-1,untreated,bulk,-0.1037363853151836,0.009154124938040594,-0.16983518820914179
GSM7791000_AAGTGAAGTGTACAGG-1,untreated,bulk,-0.0898466191973005,0.011907406285957435,-0.06011740656300296
GSM7791000_AAGTTCGAGGCCTTCG-1,untreated,bulk,-0.22544333321707588,0.022266458253924544,0.16036870756520843
GSM7791000_AAGTTCGAGTGAGGCT-1,untreated,bulk,-0.1293798033396403,0.010323256072673311,-0.09572400098311036
GSM7791000_AAGTTCGCACTGTGAT-1,untreated,bulk,-0.013345750475686702,0.007465827312171556,-0.04806014836250259
GSM7791000_AAGTTCGCATCGGCCA-1,untreated,bulk,-0.08715083742898608,0.004218048897227015,-0.11286244666265098
GSM7791000_AAGTTCGGTGCCTATA-1,untreated,bulk,-0.13867673514381287,0.01171851046690792,-0.07434933562024533
GSM7791000_AAGTTCGTCTCAGAAC-1,untreated,bulk,-0.029515012408059732,0.01217815089398587,0.08601071443549295
GSM7791000_AATAGAGAGGTAAGAG-1,untreated,bulk,0.0478073851267497,0.00628248957277262,-0.21006525088534558
GSM7791000_AATAGAGGTGCCTACG-1,untreated,bulk,0.04539146665542845,0.005941961429451868,-0.1721444803476644
GSM7791000_AATAGAGTCTCCACTG-1,untreated,bulk,-0.006206206669883113,0.003939438416987639,-0.2188492334435435
GSM7791000_AATAGAGTCTCGGCTT-1,untreated,bulk,0.04494161696661089,0.022204727872683207,-0.015953643702834374
GSM7791000_AATCACGAGTAGTCTC-1,untreated,bulk,-0.010103523769075917,0.02120181749880807,-0.003007602062940004
GSM7791000_AATCACGGTAACGTTC-1,untreated,bulk,-0.11865769912326146,0.013758051797772524,0.000472647752775271
GSM7791000_AATCACGGTGTTCGTA-1,untreated,bulk,-0.07668279806772868,0.007001396570423263,-0.23624407293010696
GSM7791000_AATCACGGTTCGCGTG-1,untreated,bulk,-0.07751626150948661,0.022350244484479604,0.4011344563865788
GSM7791000_AATCACGTCAACTACG-1,untreated,bulk,-0.04966512392437647,0.008798555162399102,-0.10349244824363961
GSM7791000_AATCACGTCAAGGACG-1,untreated,bulk,-0.18183398364082215,0.009545930682735184,-0.06465380143471448
GSM7791000_AATCACGTCCTACACC-1,untreated,bulk,-0.018987942801581503,0.014111101412921361,-0.08478147300390314
GSM7791000_AATCGACCACCTGATA-1,untreated,bulk,0.0842977822016156,0.012015705200184105,-0.06989690827277792
GSM7791000_AATCGTGCACGCAAAG-1,untreated,bulk,-2.526434641034192e-05,0.006908544200739192,-0.09667313961526855
GSM7791000_AATCGTGCACTCCGAG-1,untreated,bulk,-0.18029344831194197,0.01315805401509939,-0.057593492608854435
GSM7791000_AATCGTGCAGCCGGTT-1,untreated,bulk,0.08321347448560928,0.007658708406506861,-0.047875782002644626
GSM7791000_AATCGTGTCAGCGCAC-1,untreated,bulk,-0.08640451832423135,0.009747262705759022,-0.1143499583507882
GSM7791000_AATCGTGTCCCATACC-1,untreated,bulk,-0.147427538538736,0.00965944757363566,-0.16020874109576724
GSM7791000_AATCGTGTCGCGGTAC-1,untreated,bulk,-0.05950600608946788,0.009894265982291043,-0.04439538764073733
GSM7791000_AATGAAGCATAGATCC-1,untreated,bulk,0.020303271233089393,0.007296561551302708,-0.06893198029705985
GSM7791000_AATGAAGGTATGACAA-1,untreated,bulk,-0.1605528162017701,0.006905322868344517,-0.20776844657171362
GSM7791000_AATGACCAGTTAGTGA-1,untreated,bulk,-0.04731644221714565,0.021487544688385082,0.27339340317975724
GSM7791000_AATGACCCAAGGTACG-1,untreated,bulk,0.038005280116247764,0.007317707167469536,-0.2059090690377644
GSM7791000_AATGACCCAGAGCTAG-1,untreated,bulk,0.025274734421381867,0.0063581652326403035,-0.04846789510085641
GSM7791000_AATGACCGTGGGTTGA-1,untreated,bulk,-0.07281695456731888,0.010569831279307782,-0.131427027722843
GSM7791000_AATGACCGTGTTCGTA-1,untreated,bulk,0.019803696965414397,0.009360670896940971,-0.14126125215795063
GSM7791000_AATGACCTCCCTATTA-1,untreated,bulk,0.029482158025105787,0.011725137101590765,-0.15505201871516938
GSM7791000_AATGCCACACGCGCAT-1,untreated,bulk,-0.21613535513953555,0.007777775665174845,-0.035358150356315635
GSM7791000_AATGCCACACGCTGAC-1,untreated,bulk,0.0350994147951641,0.010666968937231024,0.07968112541626769
GSM7791000_AATGCCACAGAACATA-1,untreated,bulk,-0.1714649782861982,0.009189315137298251,-0.1599553949586827
GSM7791000_AATGCCACATTACGGT-1,untreated,bulk,-0.10177831365948632,0.010234754259787399,-0.01526076970333012
GSM7791000_AATGCCAGTGTGAGCA-1,untreated,bulk,-0.036156027657645085,0.010204330074136103,0.01737994746639234
GSM7791000_AATGCCATCGAGCCAC-1,untreated,bulk,-0.041839891312614313,0.009642757343712805,-0.20808156911381007
GSM7791000_AATGCCATCGGAAGGT-1,untreated,bulk,-0.08191846575055804,0.02084760170121475,0.43008837661283683
GSM7791000_AATGCCATCTATCGGA-1,untreated,bulk,-0.024288867617410337,0.015993977028569133,-0.08313727813800262
GSM7791000_AATGCCATCTCCTACG-1,untreated,bulk,-0.08516686590891034,0.006567711484874505,0.07502791598001578
GSM7791000_AATGGAAAGAATCGTA-1,untreated,bulk,0.12700409964909629,0.016939916212817954,0.008962134526345996
GSM7791000_AATGGAAAGAGTCTTC-1,untreated,bulk,0.04821448280697779,0.016731467692909025,-0.028220819472672118
GSM7791000_AATGGAAAGGATACAT-1,untreated,bulk,-0.014823304282294392,0.01405650181063692,-0.09337761740089874
GSM7791000_AATGGAAGTCCTGTCT-1,untreated,bulk,-0.035563968741704546,0.018166651579528226,-0.05884219857725631
GSM7791000_AATGGAAGTTGTTGTG-1,untreated,bulk,0.14364885678367012,0.010459366367750772,-0.09759038807381823
GSM7791000_AATGGAATCCTTGGAA-1,untreated,bulk,-0.04899852835942828,0.014531438185222794,0.03706278099728901
GSM7791000_AATGGAATCTCAACGA-1,untreated,bulk,-0.01897021702357701,0.0199116652424704,0.43632570902799944
GSM7791000_AATGGCTAGCTGAAAT-1,untreated,bulk,-0.013209615586295964,0.005346914710154664,0.034580039715815095
GSM7791000_AATGGCTAGGTTGACG-1,untreated,bulk,-0.11031526376330664,0.009225457592463338,-0.16832770917658738
GSM7791000_AATGGCTCACTGAGTT-1,untreated,bulk,-0.1082688776652018,0.00910715279821337,-0.23518325888079694
GSM7791000_AATGGCTCAGGGATAC-1,untreated,bulk,-0.15438818905088636,0.013315276622010435,-0.1260214771764479
GSM7791000_AATGGCTGTTCCATTT-1,untreated,bulk,-0.05217301187061127,0.008314460715958068,-0.1353366450651696
GSM7791000_AATGGCTTCAAATGCC-1,untreated,bulk,0.0143079476129441,0.012260309378411263,-0.13266069720522874
GSM7791000_AATTCCTAGCCGAACA-1,untreated,bulk,0.01266689361087861,0.007309928752696957,-0.07899048320389322
GSM7791000_AATTCCTCAAAGGTTA-1,untreated,bulk,-0.07772976557413735,0.007975126747258907,-0.11268520244375017
GSM7791000_AATTCCTCAGTTGCGC-1,untreated,bulk,-0.1253326960972377,0.008069515898770006,0.033947832695460096
GSM7791000_AATTCCTGTACAGGTG-1,untreated,bulk,-0.07459459531874882,0.01213624514207862,-0.03749172128047534
GSM7791000_AATTCCTGTAGATCCT-1,untreated,bulk,-0.20962735857282366,0.013482375906289649,-0.07243980376310025
GSM7791000_AATTCCTGTCGCACGT-1,untreated,bulk,0.10894040849473738,0.007957025536216704,-0.14221393226352325
GSM7791000_AATTCCTGTTTGTGGT-1,untreated,bulk,-0.19159500629182846,0.008221108363323182,-0.08781165463387056
GSM7791000_AATTCCTTCATTGTGG-1,untreated,bulk,0.05458907611786376,0.009328549536860463,-0.12570421797749795
GSM7791000_AATTTCCAGGTCTACT-1,untreated,bulk,-0.1627840504570613,0.010661160686084572,-0.1612198580829464
GSM7791000_AATTTCCAGTCCGCGT-1,untreated,bulk,-0.02664740577576652,0.009664205378367588,-0.07863245052106647
GSM7791000_AATTTCCAGTCTGCGC-1,untreated,bulk,0.18635695835900684,0.0036074202807749676,-0.02230377815443186
GSM7791000_AATTTCCCAACTCCCT-1,untreated,bulk,-0.052710061905876016,0.004925087895747754,-0.15489413869200427
GSM7791000_AATTTCCCAATGTCAC-1,untreated,bulk,0.2086295185391865,0.010553468150533851,-0.14619394908830655
GSM7791000_AATTTCCCACTAGGTT-1,untreated,bulk,0.12101982222663032,0.011061308730429625,-0.07338929898928759
GSM7791000_ACAAAGAAGACATGCG-1,untreated,bulk,0.3052633682129875,0.015334489706460981,0.046557910003442136
GSM7791000_ACAAAGACACTGGCGT-1,untreated,bulk,0.01814349333445231,0.012205039551099453,-0.011181403799362822
GSM7791000_ACAAAGACACTGTGAT-1,untreated,bulk,0.13560571049887035,0.011003908972435833,-0.2821954740237406
GSM7791000_ACAAAGACAGCGAACA-1,untreated,bulk,-0.13193486243959457,0.017332635296609576,-0.008727380378828847
GSM7791000_ACAAAGACATTACTCT-1,untreated,bulk,0.1302655012645419,0.017754126461818048,0.2129510498580976
GSM7791000_ACAAAGATCCTAACAG-1,untreated,bulk,-0.04045981868864998,0.00857641706384022,-0.14773188194036907
GSM7791000_ACAAAGATCGATTGGT-1,untreated,bulk,0.10281487797933908,0.007674112351169695,-0.1485122907428535
GSM7791000_ACAAAGATCGGCTGTG-1,untreated,bulk,0.141558250094217,0.007603070341644047,-0.1532697980607451
GSM7791000_ACAAAGATCTCGCTTG-1,untreated,bulk,-0.16619597306327213,0.015727529067933677,-0.05500952076282092
GSM7791000_ACAACCAAGACTACGG-1,untreated,bulk,0.018319962289598257,0.014084703463288025,-0.009339607060512869
GSM7791000_ACAACCAAGCTGAGCA-1,untreated,bulk,-0.16865928649902343,0.011394304802123974,-0.0020094182073563034
GSM7791000_ACAACCAAGGGCGAAG-1,untreated,bulk,-0.0620168723757305,0.008878291424285133,-0.21945683468086455
GSM7791000_ACAACCACAAACTAAG-1,untreated,bulk,0.09383632084679984,0.024232496321270596,0.412882500797539
GSM7791000_ACAACCACAGCATGCC-1,untreated,bulk,0.040184928576151524,0.010476789100859174,-0.000685936319490906
GSM7791000_ACAACCACAGGCCTGT-1,untreated,bulk,0.04906538766527935,0.003973598958791274,-0.07403692572890068
GSM7791000_ACAACCAGTCATCGCG-1,untreated,bulk,-0.061386036645798475,0.009004774346399439,-0.15744239097510368
GSM7791000_ACAACCAGTCCCGCAA-1,untreated,bulk,0.051814587154085684,0.014234658875143769,-0.05275715794573592
GSM7791000_ACAACCAGTTCATCTT-1,untreated,bulk,-0.09521165529886881,0.006512003848609247,-0.11992150887736223
GSM7791000_ACAACCATCTTCGTGC-1,untreated,bulk,0.11364020710899715,0.02236973286530895,0.43026021194209874
GSM7791000_ACAAGCTAGCAGGCAT-1,untreated,bulk,-0.06928878583605326,0.013034083821898775,-0.052397054669190646
GSM7791000_ACAAGCTAGCTGAAGC-1,untreated,bulk,0.19565814290727887,0.010911762429549053,-0.13283424615601466
GSM7791000_ACAAGCTCAAATGGCG-1,untreated,bulk,-0.03519975253513882,0.007790666735832688,-0.14412987724686985
GSM7791000_ACAAGCTCATCTCAAG-1,untreated,bulk,0.09808636438278923,0.011668422121799452,-0.005307983253967566
GSM7791000_ACAAGCTGTACAAACA-1,untreated,bulk,-0.030606610207330617,0.014788579366012156,-0.03190433306404955
GSM7791000_ACAAGCTGTACAGTCT-1,untreated,bulk,-0.021023195357549734,0.00597517532875182,-0.04565219440880952
GSM7791000_ACAAGCTGTTTCACAG-1,untreated,bulk,-0.1213209969656808,0.0118389857637454,-0.04605076681147298
GSM7791000_ACAAGCTTCCGCAGTG-1,untreated,bulk,-0.016490290240635946,0.01465262443168488,0.046696009283039054
GSM7791000_ACAAGCTTCCTATGGA-1,untreated,bulk,-0.01621086922902909,0.012908491519025648,-0.03440517889701535
GSM7791000_ACACAGTAGACCGTTT-1,untreated,bulk,-0.025254878997802738,0.010644709743107455,-0.11975061176724755
GSM7791000_ACACAGTAGGTAAACT-1,untreated,bulk,0.059149666740780815,0.01076171840458853,-0.22846589575864493
GSM7791000_ACACAGTGTGAGTTTC-1,untreated,bulk,-0.08298350742885045,0.023485155257360505,0.43211679496265465
GSM7791000_ACACAGTGTGCCTATA-1,untreated,bulk,-0.17124995640345983,0.013171831386433706,-0.10129104571012404
GSM7791000_ACACAGTTCGTAATGC-1,untreated,bulk,-0.06301139733148,0.008792959378883781,-0.11326477232678693
GSM7791000_ACACAGTTCTCGGCTT-1,untreated,bulk,-0.1820544215611049,0.014443034872220099,0.040119056524603534
GSM7791000_ACACCAACAGACGATG-1,untreated,bulk,-0.12098049708775112,0.01337158624836677,0.08217339533999658
GSM7791000_ACACCAACATAGACTC-1,untreated,bulk,-0.06072282212121147,0.01072115588353712,0.03874733785700166
GSM7791000_ACACCAATCAACCTTT-1,untreated,bulk,-0.09061952076261004,0.009349731261409163,-0.13849873335145269
GSM7791000_ACACCAATCGGTTCAA-1,untreated,bulk,-0.09589017156570677,0.009710362175049428,-0.17527098913004915
GSM7791000_ACACCAATCGTGACTA-1,untreated,bulk,0.2800064522879464,0.011453328000840238,-0.17065591758293788
GSM7791000_ACACCAATCTTAATCC-1,untreated,bulk,-0.010666827474321638,0.017851745688467407,0.505357415016208
GSM7791000_ACACGCGAGACGGTCA-1,untreated,bulk,0.0380935385870555,0.012401243233462112,-0.09611280228012727
GSM7791000_ACACGCGAGTCGGCAA-1,untreated,bulk,0.0025896058763776597,0.007494417412417235,-0.0956019690907675
GSM7791000_ACACGCGCATTGCTTT-1,untreated,bulk,-0.18558238438197544,0.011976536929080836,-0.12962949764261592
GSM7791000_ACACTGACAGCGCTTG-1,untreated,bulk,-0.12967749342085824,0.00875650481697907,-0.09698102589246048
GSM7791000_ACACTGACATCTCGTC-1,untreated,bulk,-0.04387560034555102,0.010944211900659138,-0.17480797095762057
GSM7791000_ACACTGAGTAATGCGG-1,untreated,bulk,-0.1124164481011648,0.010094524217677016,-0.1880969225605501
GSM7791000_ACAGAAAAGAACAGGA-1,untreated,bulk,0.027353751470172216,0.01651064843232869,-0.12437596308737955
GSM7791000_ACAGAAAAGGTGATAT-1,untreated,bulk,-0.08411939567989773,0.009028387561178453,0.019120099909819582
GSM7791000_ACAGAAACAAGTGGTG-1,untreated,bulk,-0.11695205949601674,0.012248769995645833,0.057633413759681694
GSM7791000_ACAGCCGCAGCTGTCG-1,untreated,bulk,0.006442953594147205,0.005120215266016876,-0.07642114165008371
GSM7791000_ACAGCCGCAGGTTCCG-1,untreated,bulk,-0.0501864789024232,0.012588924045221632,-0.0017975341548789533
GSM7791000_ACAGCCGGTATCGTTG-1,untreated,bulk,0.1705275369068933,0.01206762543945446,-0.034775627872574336
GSM7791000_ACAGCCGGTGTTTACG-1,untreated,bulk,0.19652287589179146,0.01600867528049608,0.04942574749726799
GSM7791000_ACAGCCGGTTGCCATA-1,untreated,bulk,-0.04042778423854282,0.006476768697231877,-0.16667446667219918
GSM7791000_ACAGGGAAGGCTTCCG-1,untreated,bulk,-0.0822956727799915,0.008737186457247761,-0.07903723689750343
GSM7791000_ACAGGGAAGGTCTTTG-1,untreated,bulk,0.008959038295443117,0.010019710924316265,-0.058343619474215916
GSM7791000_ACAGGGAAGTGGACTG-1,untreated,bulk,-0.08488884517124722,0.01709631671887369,0.2609683473874918
GSM7791000_ACAGGGACAACCGTGC-1,untreated,bulk,-0.0536994389125279,0.02345563714314846,0.4595406974481371
GSM7791000_ACAGGGACATTATGCG-1,untreated,bulk,-0.046921792030334475,0.010959898341635759,-0.0816476890479949
GSM7791000_ACAGGGATCACTGCTC-1,untreated,bulk,-0.10385129482027085,0.01137979837246686,-0.07128668088699414
GSM7791000_ACAGGGATCATTGCCC-1,untreated,bulk,0.08892609066433377,0.008616631671850188,-0.13351868769682307
GSM7791000_ACATCCCCACGCTGTG-1,untreated,bulk,-0.07876209296877423,0.008607345581178366,-0.1382668870379891
GSM7791000_ACATCCCTCCCATAGA-1,untreated,bulk,-0.07034577952490914,0.01301138528191434,-0.13415233078849909
GSM7791000_ACATCGAAGTTTGTCG-1,untreated,bulk,-0.12317596072242373,0.005586911295993743,-0.04194757636858371
GSM7791000_ACATCGACAAGAGTAT-1,untreated,bulk,-0.09126341744074745,0.012346579756461109,-0.10775954227603995
GSM7791000_ACATCGACATACGCAT-1,untreated,bulk,-0.06004498209272113,0.010989710492918449,0.08753554124024834
GSM7791000_ACATCGACATCCTATT-1,untreated,bulk,-0.13585701579139348,0.006083880053091877,0.10398792624650137
GSM7791000_ACATCGAGTTAGAAAC-1,untreated,bulk,0.17243228609599764,0.009454954762698715,-0.14856120932589115
GSM7791000_ACATGCAAGATGTTCC-1,untreated,bulk,-0.02638527915591285,0.01057590637086045,-0.04952957246751028
GSM7791000_ACATGCAAGCGATTCT-1,untreated,bulk,-0.031336690357753216,0.014548059501961322,-0.12353870905858114
GSM7791000_ACATGCAAGGGCATGT-1,untreated,bulk,0.09631803088717991,0.005309631316173365,-0.23367437878086514
GSM7791000_ACATGCACAGTTTCAG-1,untreated,bulk,0.014796517387269004,0.007254766517654637,-0.17780355888182062
GSM7791000_ACATGCAGTCCATCTC-1,untreated,bulk,0.07876997811453684,0.009239360779444638,-0.10019323757735263
GSM7791000_ACATGCAGTGTATACC-1,untreated,bulk,-0.06175880946810283,0.01007240752471511,-0.11096511264454059
GSM7791000_ACATGCATCGCTATTT-1,untreated,bulk,0.01219864058116124,0.003920898601010053,-0.1085786273450945
GSM7791000_ACATGCATCTGGAGAG-1,untreated,bulk,-0.044109030224028095,0.007971683259231461,-0.11019222584622052
GSM7791000_ACATTTCAGAAGTCTA-1,untreated,bulk,0.1180386466071719,0.013170733154997475,-0.06375086628054027
GSM7791000_ACATTTCCAGGGCTTC-1,untreated,bulk,-0.013617589284503268,0.008406623020435891,-0.07612178661640782
GSM7791000_ACATTTCGTACAGCGA-1,untreated,bulk,-0.06510072030718365,0.011185375533468548,-0.09321056581914096
GSM7791000_ACATTTCGTCACTGAT-1,untreated,bulk,0.211021115136525,0.012029916377442868,-0.01999925322487659
GSM7791000_ACATTTCGTCATCGGC-1,untreated,bulk,-0.12354564000689794,0.010778617482963436,-0.0611544904539257
GSM7791000_ACATTTCGTCCAGAAG-1,untreated,bulk,0.11978991690136137,0.00619748484005919,-0.09896108790643984
GSM7791000_ACATTTCGTGTACAGG-1,untreated,bulk,-0.0406583879864405,0.005940331353191312,-0.12127730730569065
GSM7791000_ACATTTCTCAAGCCGC-1,untreated,bulk,-0.020367348837474014,0.01235992160396494,-0.11418281987936704
GSM7791000_ACATTTCTCGGCCCAA-1,untreated,bulk,0.10337762257409475,0.007235719520618707,-0.10761170611377972
GSM7791000_ACCAAACAGCACCCAC-1,untreated,bulk,0.17704491327679348,0.01222188660500596,-0.034830618571795056
GSM7791000_ACCAAACCAAATGCTC-1,untreated,bulk,0.12100403293730722,0.015506672131638314,0.31409461565228
GSM7791000_ACCAACAGTGTCGCTG-1,untreated,bulk,0.1052081460801382,0.006537738291369937,-0.1384012908081379
GSM7791000_ACCAACATCCAGTGTA-1,untreated,bulk,0.11210045299832783,0.0104631061060454,-0.2346806456069016
GSM7791000_ACCACAACAAAGCTCT-1,untreated,bulk,0.1594109579116579,0.006428349691385639,-0.14228956372296236
GSM7791000_ACCACAACAGAGGAAA-1,untreated,bulk,-0.1277024512063889,0.01183582226377168,-0.01755261785924197
GSM7791000_ACCACAAGTATCAAGA-1,untreated,bulk,-0.1569610377720424,0.03816290530297515,-0.06997058779526263
GSM7791000_ACCACAAGTGTTAAAG-1,untreated,bulk,-0.06732850211007255,0.017376641025492457,0.35300832799242465
GSM7791000_ACCACAAGTTCTCAGA-1,untreated,bulk,-0.04091279249342661,0.009869082710023354,-0.03371665823052217
GSM7791000_ACCACAATCCTTGGAA-1,untreated,bulk,-0.0646659823826381,0.005595041612443656,-0.26953566373682575
GSM7791000_ACCACAATCGTTCTAT-1,untreated,bulk,-0.04099867245507621,0.012388570831245787,-0.09806202303131083
GSM7791000_ACCATTTAGTGCACAG-1,untreated,bulk,-0.05183468826233392,0.006518167441606841,-0.1363619419324578
GSM7791000_ACCATTTCACGCTTAA-1,untreated,bulk,-0.10503871361414592,0.006515854548306639,0.131109597369786
GSM7791000_ACCATTTTCGGCAGTC-1,untreated,bulk,-0.061178304202972905,0.007380122146828939,-0.08488176101267815
GSM7791000_ACCATTTTCTGGACTA-1,untreated,bulk,0.19549289824470642,0.012038258823848631,-0.019152349091455953
GSM7791000_ACCCAAAAGGAACGCT-1,untreated,bulk,-0.12393696376255581,0.016733973362312995,0.052938949088912925
GSM7791000_ACCCAAAAGTGCACTT-1,untreated,bulk,-0.06296833038330078,0.017649857622898318,0.4142252525435576
GSM7791000_ACCCAAAGTAGAAACT-1,untreated,bulk,-0.020306483677455356,0.009785311532361424,0.0201107593474416
GSM7791000_ACCCAAAGTGGTCTAT-1,untreated,bulk,0.025393826015411847,0.007820399465555733,-0.059400163865225786
GSM7791000_ACCCAAAGTGTTCCTC-1,untreated,bulk,-0.06475585755847749,0.008403619745189418,-0.0737296057784902
GSM7791000_ACCCAAAGTTCATCTT-1,untreated,bulk,0.08365388400970943,0.024075649956461633,0.3772258988279931
GSM7791000_ACCCAAATCAGTGCGC-1,untreated,bulk,-0.06173395883469354,0.010897647812620563,-0.08661222052678974
GSM7791000_ACCCAAATCGTAACCA-1,untreated,bulk,0.04704875613015799,0.008410545319985006,-0.13549376956305684
GSM7791000_ACCCTCAAGATGTTAG-1,untreated,bulk,-0.14999058814275834,0.007200198132788606,-0.150065761407236
GSM7791000_ACCCTCAAGGCACGAT-1,untreated,bulk,-0.07100897281888932,0.012870626646713026,-0.20969761429694467
GSM7791000_ACCCTCAAGGGAGGTG-1,untreated,bulk,0.07057742678929887,0.011865952764678046,-0.14727608336396208
GSM7791000_ACCCTCAAGTAAACGT-1,untreated,bulk,-0.08288086032110548,0.015115265230340066,-0.0337971069840451
GSM7791000_ACCCTCACAGCTCCTT-1,untreated,bulk,-0.1501119068690709,0.022171335878183658,-0.10247331847765537
GSM7791000_ACCCTCACATAGATGA-1,untreated,bulk,-0.06716326577322823,0.019761575106337748,0.32441580671540055
GSM7791000_ACCCTCAGTATTTCTC-1,untreated,bulk,-0.027499651984562973,0.002636594346296583,-0.1804923041744362
GSM7791000_ACCCTTGAGTAAGAGG-1,untreated,bulk,-0.09482514055948407,0.012661758029378835,-0.17001859319315138
GSM7791000_ACCCTTGCAATCAAGA-1,untreated,bulk,-0.20164657592773438,0.012608218295133365,-0.17887389369384835
GSM7791000_ACCCTTGCAGAGGCAT-1,untreated,bulk,-0.06392086286393422,0.009601113478697524,-0.07784107870241147
GSM7791000_ACCCTTGCAGCTACAT-1,untreated,bulk,-0.022562090858580575,0.007855201653168737,-0.1944254463910083
GSM7791000_ACCCTTGCAGGCTTGC-1,untreated,bulk,-0.16877762930733817,0.013149590901575242,0.050345351670571595
GSM7791000_ACCCTTGGTGCTAGCC-1,untreated,bulk,-0.18359423434923566,0.007529825519411111,-0.08677407467788312
GSM7791000_ACCCTTGGTGCTATTG-1,untreated,bulk,-0.10185192600129142,0.010169873320056342,-0.07291605753034619
GSM7791000_ACCCTTGTCAGACCTA-1,untreated,bulk,-0.1702891104561942,0.019970086889128057,0.3552473986773589
GSM7791000_ACCGTTCAGCTGAAGC-1,untreated,bulk,-0.07144195556640626,0.020156801256836346,0.4204709467111521
GSM7791000_ACCGTTCAGGTCCAGA-1,untreated,bulk,-0.17741976359533884,0.010647963622098933,-0.19749689932172204
GSM7791000_ACCGTTCCAAGCTCTA-1,untreated,bulk,-0.12346008959270659,0.012843926331479742,-0.1367677029711544
GSM7791000_ACCGTTCCAAGGCAAC-1,untreated,bulk,0.03375491233099073,0.009212891271472097,-0.09322500043390476
GSM7791000_ACCGTTCCAGATCATC-1,untreated,bulk,-0.17536227634974888,0.013787327136678667,-0.0003296899938037598
GSM7791000_ACCGTTCTCTCACCCA-1,untreated,bulk,0.10100217349945556,0.0076207131896931365,-0.15304678603025443
GSM7791000_ACCTACCAGTAGCCAG-1,untreated,bulk,-0.055839152411809034,0.008496625032384193,-0.09204428503853958
GSM7791000_ACCTACCCAACTGCTA-1,untreated,bulk,-0.055696095776936363,0.012478885218701859,0.057073144783759897
GSM7791000_ACCTACCCACTGGATT-1,untreated,bulk,-0.15790005275181362,0.010785197194991332,0.015862960929917718
GSM7791000_ACCTACCCAGAACATA-1,untreated,bulk,-0.1599808446944706,0.004786345324888643,-0.12726043184822725
GSM7791000_ACCTACCCAGCCATTA-1,untreated,bulk,-0.05966045924595424,0.027897145260028386,0.6021644635613855
GSM7791000_ACCTACCTCAAAGCCT-1,untreated,bulk,0.06622459714374845,0.005176565552490982,-0.06558078107483835
GSM7791000_ACCTACCTCCTACCAC-1,untreated,bulk,-0.0926515633719308,0.02049558369967564,0.4285486889102193
GSM7791000_ACCTACCTCGAGCACC-1,untreated,bulk,0.09311765246921117,0.012681864233915808,-0.21470199137407753
GSM7791000_ACCTACCTCGGTTCAA-1,untreated,bulk,-0.15288249689435204,0.01622727640231278,-0.10519345936947974
GSM7791000_ACCTGAAAGTGCAGCA-1,untreated,bulk,0.09606257635449603,0.009798593057202837,-0.04250272394501651
GSM7791000_ACCTGAAAGTGGAAGA-1,untreated,bulk,-0.06562995456513904,0.010047014850210713,-0.19581264745330482
GSM7791000_ACCTGAACAGCTGTGC-1,untreated,bulk,-0.11643427114638072,0.01194631351493104,-0.05440727373537873
GSM7791000_ACCTGAACAGTTAGAA-1,untreated,bulk,-0.1471038423644172,0.006954434673585256,-0.20176410704969597
GSM7791000_ACCTGAATCCTACCAC-1,untreated,bulk,-0.008564317945450095,0.007887833867470608,-0.05465513535051406
GSM7791000_ACCTGAATCTGCGTCT-1,untreated,bulk,-0.007612773728749134,0.008212630848368568,-0.11219092289589915
GSM7791000_ACCTGTCAGGTTGACG-1,untreated,bulk,0.04779569383651491,0.013526566310619853,-0.052456667544258435
GSM7791000_ACCTGTCGTACATTGC-1,untreated,bulk,-0.17442710876464843,0.021762735445563713,-0.0006623273604552987
GSM7791000_ACCTGTCGTATCTCTT-1,untreated,bulk,0.14672637197706437,0.018118563554312954,0.15794199183566837
GSM7791000_ACCTGTCTCCGCAAAT-1,untreated,bulk,-0.20921133858816965,0.009631324634584335,-0.17898998632901988
GSM7791000_ACGATCAAGATAGTGT-1,untreated,bulk,0.019116957831004283,0.008495849907125175,-0.11676708906972262
GSM7791000_ACGATCAAGTTCATGC-1,untreated,bulk,0.006719135859655945,0.006681653592219146,-0.01780097894352371
GSM7791000_ACGATCACACCGGCTA-1,untreated,bulk,-0.13428136310880145,0.005227712848484078,0.0064101599021006
GSM7791000_ACGATCACAGTCCGTG-1,untreated,bulk,0.06244492545960442,0.010640530302403202,-0.04256444500119166
GSM7791000_ACGATCAGTGGGAGAG-1,untreated,bulk,-0.17995897679101852,0.005008609847816975,-0.1984466520207032
GSM7791000_ACGATCATCGACGCTG-1,untreated,bulk,-0.05616795676095145,0.017654441503938318,0.5217321683838105
GSM7791000_ACGATGTAGAGTGTGC-1,untreated,bulk,-0.03347547145116897,0.012494684848029554,-0.16320537680276295
GSM7791000_ACGATGTAGCATATGA-1,untreated,bulk,-0.04062661579677038,0.00911788788326398,-0.11797554962524313
GSM7791000_ACGATGTCACGTTCGG-1,untreated,bulk,0.17047450852772547,0.01885407723978818,0.5101068119096043
GSM7791000_ACGATGTCATACCAGT-1,untreated,bulk,-0.07992833818708148,0.020795687207073355,0.1672237995938674
GSM7791000_ACGCACGAGCTCCATA-1,untreated,bulk,0.13239496321905225,0.01593591678546658,0.4282164015513957
GSM7791000_ACGCACGAGGACGGAG-1,untreated,bulk,0.08450901379660958,0.00850035185702446,-0.2748344113953408
GSM7791000_ACGCACGAGTAAGACT-1,untreated,bulk,-0.08736877017550998,0.003017431904256283,-0.09091546177296067
GSM7791000_ACGCACGCAGCTCCTT-1,untreated,bulk,-0.1113153000483437,0.00641645691240041,-0.15968129023829775
GSM7791000_ACGCACGGTAGCTCGC-1,untreated,bulk,-0.07634306135631744,0.008767073980588982,-0.15282778889463297
GSM7791000_ACGGAAGGTCGCACGT-1,untreated,bulk,-0.16674201068424044,0.008670110907530233,-0.09507092068890596
GSM7791000_ACGGAAGGTTGCATTG-1,untreated,bulk,-0.1051700448611426,0.008196703795525407,-0.16469191593132787
GSM7791000_ACGGAAGTCTTACCAT-1,untreated,bulk,-0.039138172694614955,0.020390700859926968,0.4657182976588794
GSM7791000_ACGGGTCAGCCTTCTC-1,untreated,bulk,-0.07903664997645787,0.0063365135728116456,-0.06367017755717506
GSM7791000_ACGGGTCCACTGCTTC-1,untreated,bulk,-0.041771980618673654,0.004145665799426648,-0.19132958592691957
GSM7791000_ACGGGTCCAGCTCCTT-1,untreated,bulk,-0.03906985192071823,0.01749102945707007,-0.046369695447056346
GSM7791000_ACGGGTCCATAGCACT-1,untreated,bulk,-0.05678379603794643,0.021398974952215495,0.5301475364679634
GSM7791000_ACGGGTCGTGGAAGTC-1,untreated,bulk,-0.02885348418402292,0.010107703844346536,-0.1146605234068332
GSM7791000_ACGGGTCTCCTATTTG-1,untreated,bulk,0.00877817365858291,0.006054467862051898,-0.19547110243544463
GSM7791000_ACGGGTCTCTGGGCCA-1,untreated,bulk,0.13827126608954537,0.010979154522320506,-0.055533330366807236
GSM7791000_ACGGTCGAGGTAACTA-1,untreated,bulk,-0.04351283103700668,0.009598305942794042,-0.07155416810495724
GSM7791000_ACGGTCGCAAAGCACG-1,untreated,bulk,-0.13519828550399296,0.010401376954426816,-0.1524009421704821
GSM7791000_ACGGTCGCAGCAGTCC-1,untreated,bulk,-0.14858314680674717,0.00700066919866464,-0.1673797616195833
GSM7791000_ACGGTCGCAGTATTCG-1,untreated,bulk,-0.027879317298768053,0.0054869851146359845,-0.19283489518972954
GSM7791000_ACGGTCGGTAATTGGA-1,untreated,bulk,0.1768791543869745,0.012444369715154004,-0.05002069523533024
GSM7791000_ACGGTCGGTATGAAGT-1,untreated,bulk,0.04391873647296238,0.014027327939506213,-0.0707750940678238
GSM7791000_ACGGTCGGTTCACGAT-1,untreated,bulk,-0.07899738296629893,0.0064436432897021535,-0.13975984813933512
GSM7791000_ACGGTCGTCATCGCTC-1,untreated,bulk,0.015385353451683403,0.010560982269670744,-0.19244594218493064
GSM7791000_ACGGTCGTCTAACGCA-1,untreated,bulk,-0.08919628362807017,0.008429320004405797,-0.13531847595755134
GSM7791000_ACGGTTAAGCCACTCG-1,untreated,bulk,0.02233433208768329,0.011226851450649769,-0.09006357106078208
GSM7791000_ACGGTTACAAGCACAG-1,untreated,bulk,-0.023457032006884426,0.004989825291990431,-0.09170921319083025
GSM7791000_ACGGTTACACAGAGAC-1,untreated,bulk,-0.05012825557163784,0.01882985802691233,0.35892612249090583
GSM7791000_ACGGTTAGTCCAACGC-1,untreated,bulk,0.049877971013387035,0.01059482915964294,-0.1573463191781669
GSM7791000_ACGGTTAGTGCCCACA-1,untreated,bulk,0.12656093567136736,0.008877012086120153,-0.0463952149975506
GSM7791000_ACGTAACAGAGCGACT-1,untreated,bulk,-0.05261351449148993,0.006445549455951368,-0.16016906204269007
GSM7791000_ACGTAACAGTAAACGT-1,untreated,bulk,0.0302676500592913,0.009573816545291089,-0.0843739074599301
GSM7791000_ACGTAACAGTCACTGT-1,untreated,bulk,0.012721854769994323,0.009786022646255353,-0.12106871158023975
GSM7791000_ACGTAACAGTTGGCGA-1,untreated,bulk,-0.01332419758751277,0.005810800413560458,-0.124523041417615
GSM7791000_ACGTAACCAAGACGAC-1,untreated,bulk,0.02786588033040363,0.015182701490081817,-0.012228683314609854
GSM7791000_ACGTAACCAGCTTTCC-1,untreated,bulk,0.09695697542220827,0.028003638820027314,0.03148490309621284
GSM7791000_ACGTAACTCTCAACCC-1,untreated,bulk,0.08628913183060904,0.007510992571644893,-0.044739004685188336
GSM7791000_ACGTAACTCTCCGAGG-1,untreated,bulk,-0.12217455281151667,0.011547206252185176,-0.14111095180601774
GSM7791000_ACGTACAAGATTGCGG-1,untreated,bulk,-0.11437085832868303,0.012157746687090899,0.01200836897408303
GSM7791000_ACGTACAGTGTCGATT-1,untreated,bulk,0.028610060858348052,0.012947463408121812,0.04576735418226737
GSM7791000_ACGTACATCCCATAGA-1,untreated,bulk,-0.08037156241280692,0.019024083706896518,0.3574710755501755
GSM7791000_ACGTACATCTGTAACG-1,untreated,bulk,-0.13077024187360492,0.014587710686569827,-0.0372505022378059
GSM7791000_ACGTAGTAGGGAACAA-1,untreated,bulk,0.038463512602306515,0.005746766994001703,-0.024722322489914985
GSM7791000_ACGTAGTAGTCTGGTT-1,untreated,bulk,0.15156974368625217,0.010647422898209474,-0.10045147545972422
GSM7791000_ACGTAGTCAATACGCT-1,untreated,bulk,-0.10245738983154296,0.01008389081327768,-0.12127691351040328
GSM7791000_ACGTAGTCATCCAACA-1,untreated,bulk,-0.12185609999157135,0.010277646645243124,-0.13407673952832375
GSM7791000_ACGTAGTCATTGAGCT-1,untreated,bulk,0.023225155936347136,0.011866022668836932,-0.10821240577919562
GSM7791000_ACGTAGTGTCATAGTC-1,untreated,bulk,-0.11391721157800586,0.006326796681365084,-0.15567790779109297
GSM7791000_ACGTAGTTCAGGAACG-1,untreated,bulk,0.15449868414137102,0.010950908478946576,-0.15003144588386252
GSM7791000_ACGTAGTTCAGTGTCA-1,untreated,bulk,-0.074873291500031,0.003013766393266665,-0.113735190436546
GSM7791000_ACGTAGTTCGCTAATG-1,untreated,bulk,-0.022230796132768904,0.009871250170209655,-0.19759986081884273
GSM7791000_ACGTCCTAGCCACAAG-1,untreated,bulk,-0.0466168212890625,0.02313758480582474,0.5046618858720185
GSM7791000_ACGTCCTAGCGATGCA-1,untreated,bulk,-0.12315719801282127,0.008281093038185375,-0.06612810686596916
GSM7791000_ACGTCCTGTCCTCCAT-1,untreated,bulk,-0.04363229577503505,0.004727534832549571,-0.17315383251777816
GSM7791000_ACGTCCTGTGCCCGTA-1,untreated,bulk,-0.009293689727783216,0.00457939387135563,-0.09632893250026545
GSM7791000_ACGTCCTGTGTCCTAA-1,untreated,bulk,0.13021497181483677,0.017495979615558942,0.05431817228857114
GSM7791000_ACGTCCTGTGTCTTGA-1,untreated,bulk,0.07113905316307434,0.0069024257997597855,-0.1379256292159891
GSM7791000_ACGTCCTTCCCTCGAT-1,untreated,bulk,-0.01649295171101889,0.009827431497370939,-0.07065495840090667
GSM7791000_ACGTCCTTCCTTACCG-1,untreated,bulk,0.002022720897008501,0.026622788499572326,0.4231377486442609
GSM7791000_ACGTCCTTCGACCTAA-1,untreated,bulk,0.032906955688718764,0.004916942296639504,-0.12460612926677193
GSM7791000_ACGTTCCAGCATGAAT-1,untreated,bulk,-0.059595950444539386,0.009357790165886925,0.02736043087958204
GSM7791000_ACGTTCCAGCTAGCCC-1,untreated,bulk,0.06825858449179026,0.006984311200456521,-0.0560097320670234
GSM7791000_ACGTTCCAGGTCACTT-1,untreated,bulk,-0.07118707240573943,0.01035188533033043,-0.16541552989771413
GSM7791000_ACGTTCCCAGAATTCC-1,untreated,bulk,-0.15427061217171806,0.011817058536716026,-0.1506589577188466
GSM7791000_ACGTTCCCATCTCGTC-1,untreated,bulk,-0.08543361694093732,0.0054898116595362345,-0.14365894792755735
GSM7791000_ACGTTCCCATGTCAGT-1,untreated,bulk,0.05272364729926701,0.010934157841974105,-0.026967349920719946
GSM7791000_ACGTTCCGTAGTGATA-1,untreated,bulk,-0.10254450071425666,0.007210092244287507,0.006951016593437474
GSM7791000_ACTACGACAAGACGAC-1,untreated,bulk,-0.05178708644140334,0.010938081371850712,-0.09315004597734174
GSM7791000_ACTACGACATGTTCGA-1,untreated,bulk,-0.12153546734461709,0.008258912830912898,-0.12201218221271855
GSM7791000_ACTACGACATTACGGT-1,untreated,bulk,-0.16608568142330837,0.005855041956390081,-0.1491279571726777
GSM7791000_ACTACGATCATCGACA-1,untreated,bulk,-0.04523088273547943,0.010120943452526445,-0.0938503984115352
GSM7791000_ACTACGATCATGTCAG-1,untreated,bulk,0.12781297153896756,0.005819858423070878,-0.06411964756106436
GSM7791000_ACTACGATCTTCCACG-1,untreated,bulk,0.13480624577355765,0.01759203203438706,0.056518024652462265
GSM7791000_ACTATCTAGAAACTCA-1,untreated,bulk,-0.06781966012621682,0.013368147783467161,0.012650831258919863
GSM7791000_ACTATCTAGTTAGAAC-1,untreated,bulk,0.07111167014591274,0.01085521019617742,-0.10130419322714536
GSM7791000_ACTATCTCAAGCACCC-1,untreated,bulk,-0.11735671595921593,0.008683652357021695,-0.13178156000270164
GSM7791000_ACTATCTGTAGGTCAG-1,untreated,bulk,-0.16236885169195753,0.010154693365050219,-0.23469109620066833
GSM7791000_ACTATCTGTTCGGCTG-1,untreated,bulk,-0.1453424582784138,0.00972223823400347,-0.15099399429696167
GSM7791000_ACTATGGAGATTAGTG-1,untreated,bulk,-0.001991749491010386,0.008463898785005157,-0.04266561714778549
GSM7791000_ACTATGGAGATTTGCC-1,untreated,bulk,-0.04608326745411709,0.01298348972236928,-0.08899279089540436
GSM7791000_ACTATGGAGGCAGGTT-1,untreated,bulk,-0.1328498200764732,0.006214890133944516,-0.16177360346771447
GSM7791000_ACTATGGAGTAGCAAT-1,untreated,bulk,-0.14194557061271063,0.009110827824078932,-0.11324152091051765
GSM7791000_ACTATGGCAGTTTCAG-1,untreated,bulk,-0.061544019305516784,0.007872982814828563,-0.1276071968541896
GSM7791000_ACTATGGCATGGCTGC-1,untreated,bulk,0.001387820016770125,0.009416562487010996,-0.08953911727771437
GSM7791000_ACTATGGGTACCAATC-1,untreated,bulk,-0.0559654458742293,0.016540938734480697,0.0976456369285332
GSM7791000_ACTATGGGTGCATGAG-1,untreated,bulk,0.06551910703144376,0.010825344097401272,-0.2206870212501114
GSM7791000_ACTATGGTCAAATGCC-1,untreated,bulk,0.08834838080027746,0.006421492890859524,-0.025261908991020945
GSM7791000_ACTATTCGTGTATACC-1,untreated,bulk,-0.13178460257393973,0.01376227773854502,0.2575500604596736
GSM7791000_ACTATTCTCAACTCTT-1,untreated,bulk,-0.09817180936298674,0.014211740090602094,0.07824186499617143
GSM7791000_ACTATTCTCCACTAGA-1,untreated,bulk,-0.17289506912231445,0.009061201904763982,-0.09161892830214277
GSM7791000_ACTATTCTCGCTGATA-1,untreated,bulk,0.021013970753503225,0.008563622769399667,-0.05448725771575009
GSM7791000_ACTCCCACACATAGCT-1,untreated,bulk,0.008959721459282755,0.013806504815654768,-0.050689363677558795
GSM7791000_ACTCCCACACTATGTG-1,untreated,bulk,-0.04574456896100725,0.019200742308356368,0.4137891255443119
GSM7791000_ACTCCCACAGCAGAAC-1,untreated,bulk,-0.10186973571777344,0.02370219483080381,0.3166091273214335
GSM7791000_ACTCCCAGTATCGTTG-1,untreated,bulk,-0.07534624372209821,0.02381715921709922,0.5376824204091448
GSM7791000_ACTCCCATCGGACTGC-1,untreated,bulk,-0.0978615951538086,0.008560959718639032,-0.15381440749560182
GSM7791000_ACTCTCGAGACACACG-1,untreated,bulk,-0.17623534066336496,0.022583967075293566,0.24942512639127346
GSM7791000_ACTCTCGAGCTCTGTA-1,untreated,bulk,0.01714221545628139,0.008223036087170807,-0.19428718729023536
GSM7791000_ACTCTCGAGGGTCACA-1,untreated,bulk,-0.046235574313572475,0.015170632454699955,-0.12396577393651027
GSM7791000_ACTCTCGCACACTGGC-1,untreated,bulk,-0.06403893062046596,0.02155282244577979,0.5436757908539325
GSM7791000_ACTCTCGCATCCGGCA-1,untreated,bulk,-0.07588646782769096,0.014133065192491065,-0.035793314381800154
GSM7791000_ACTCTCGGTATGAGGC-1,untreated,bulk,0.0273814242226737,0.01073894513438483,-0.12806772819412743
GSM7791000_ACTCTCGGTCTACACA-1,untreated,bulk,-0.22945674351283482,0.011356905277534907,-0.22099078519388585
GSM7791000_ACTCTCGGTCTCGGAC-1,untreated,bulk,0.05176820437113447,0.007980900848236315,-0.1834010007851676
GSM7791000_ACTCTCGGTGCACATT-1,untreated,bulk,-0.07976625495486789,0.009914143697703218,-0.06829584944974719
GSM7791000_ACTCTCGGTGGACAGT-1,untreated,bulk,-0.03464978028857518,0.007248121695101086,-0.043454211134043914
GSM7791000_ACTCTCGTCAACCGAT-1,untreated,bulk,-0.022208344898526605,0.010075403626855373,-0.200740737552835
GSM7791000_ACTCTCGTCGTCCTCA-1,untreated,bulk,-0.04470862494574654,0.007480932074509077,-0.10066545433145288
GSM7791000_ACTCTCGTCTGTAAGC-1,untreated,bulk,-0.23214726039341518,0.010345563009690901,-0.06648401800507966
GSM7791000_ACTGATGAGAGCTTTC-1,untreated,bulk,0.19945090066818963,0.006441149743586465,-0.10053505427750904
GSM7791000_ACTGATGAGTTTGCTG-1,untreated,bulk,-0.09319270542689732,0.025019461919043102,0.5311598371327358
GSM7791000_ACTGATGGTAGGAGTC-1,untreated,bulk,-0.09388532002766926,0.008492810204796905,-0.12821173389933357
GSM7791000_ACTGATGGTCGATTAC-1,untreated,bulk,-0.12371042932782855,0.007234337861824287,0.00839801399927213
GSM7791000_ACTGATGGTGCTTATG-1,untreated,bulk,-0.16842435261559863,0.006675661270732167,-0.10664415304533453
GSM7791000_ACTGATGTCCATCACC-1,untreated,bulk,-0.09041498017689542,0.006281634564337304,-0.19686856284548515
GSM7791000_ACTGATGTCGAAGCAG-1,untreated,bulk,-0.030406673976353236,0.02126294716002544,0.5452930487586112
GSM7791000_ACTGATGTCGATCCAA-1,untreated,bulk,-0.08425006230672201,0.01188932238928344,0.08464017644667692
GSM7791000_ACTGCAAAGTACAGCG-1,untreated,bulk,-0.14311302714877658,0.006367689148870382,-0.10253228238623407
GSM7791000_ACTGCAACAAATCAGA-1,untreated,bulk,-0.13153225891173834,0.010081828441340923,-0.0892810694154303
GSM7791000_ACTGCAACAAGGTCAG-1,untreated,bulk,-0.04802463531494141,0.023976421538216067,0.40144310908027103
GSM7791000_ACTGCAACAGCATGCC-1,untreated,bulk,-0.08622810227530342,0.012159821872609843,-0.13255862387258555
GSM7791000_ACTGCAACAGGTTCAT-1,untreated,bulk,-0.15516210082977538,0.009768968171509426,-0.12390461593661262
GSM7791000_ACTGCAAGTGAGCCAA-1,untreated,bulk,-0.002044214445447168,0.015255706476116992,0.08024172171198095
GSM7791000_ACTGCAAGTGTTTGCA-1,untreated,bulk,-0.09600597207508389,0.007590756659158105,-0.12115810008932518
GSM7791000_ACTGCAATCTTACTGT-1,untreated,bulk,0.045345765900990334,0.022352211777066186,0.3344142110015296
GSM7791000_ACTGTCCAGATGTTCC-1,untreated,bulk,0.034477827435448055,0.011100183596498133,-0.02488323108021106
GSM7791000_ACTGTCCAGGTATCTC-1,untreated,bulk,-0.049442382842775356,0.012931928043298804,-0.06490992720913147
GSM7791000_ACTGTCCAGGTTCAGG-1,untreated,bulk,-0.0836143810786898,0.007960549911840682,0.004268113936727775
GSM7791000_ACTGTCCAGTACTCGT-1,untreated,bulk,-0.06125187185075548,0.01515447674838233,-0.03661086873854703
GSM7791000_ACTGTCCCACAAGCTT-1,untreated,bulk,-0.09208060688442654,0.0062104215737854756,-0.2472771054840091
GSM7791000_ACTGTCCCACTTCTCG-1,untreated,bulk,-0.027952683993748256,0.010530471510165331,0.12574543411432731
GSM7791000_ACTGTCCTCACACGAT-1,untreated,bulk,-0.067245148098658,0.009866904082228123,-0.05366022848528394
GSM7791000_ACTGTGATCCGATCGG-1,untreated,bulk,0.09561099794175887,0.011335853262253844,-0.16163021773098335
GSM7791000_ACTTAGGAGAGGGTAA-1,untreated,bulk,0.12753924627152702,0.005126853858960777,-0.15147283749088644
GSM7791000_ACTTAGGAGAGTAACT-1,untreated,bulk,-0.14493218160810922,0.010664657566861637,-0.16664592324188812
GSM7791000_ACTTAGGAGTGGTGAC-1,untreated,bulk,0.01796399918813557,0.005389847385384527,-0.07085074263111588
GSM7791000_ACTTAGGCAGCACAAG-1,untreated,bulk,-0.13203468322753906,0.016790834859187326,0.2576465393225185
GSM7791000_ACTTAGGGTGGCTTGC-1,untreated,bulk,-0.028923280579703198,0.014624602815053763,0.02417298211568355
GSM7791000_ACTTAGGTCGTGGCTG-1,untreated,bulk,-0.012223117086622437,0.008190315325515302,-0.12162404380006754
GSM7791000_ACTTATCCAGCCCACA-1,untreated,bulk,-0.035137360663641065,0.01164396241459254,-0.06990579342191314
GSM7791000_ACTTATCGTCCTGAAT-1,untreated,bulk,0.09789561014326792,0.00581361774189109,-0.0893078925746737
GSM7791000_ACTTATCTCGAGAAAT-1,untreated,bulk,-0.09836158555651467,0.009012428261164046,-0.21438842267007532
GSM7791000_ACTTATCTCTGGTTGA-1,untreated,bulk,-0.13960671561104912,0.014896824542415095,0.01615651437029384
GSM7791000_ACTTCCGAGGGTTTCT-1,untreated,bulk,0.022733224384368395,0.0074421125799969704,-0.14072790888041145
GSM7791000_ACTTCCGCAAGCAATA-1,untreated,bulk,-0.04794791085379464,0.017998853924451712,0.3305522826730688
GSM7791000_ACTTCCGGTTGTTTGG-1,untreated,bulk,-0.047617016481974764,0.013475899256218716,-0.08648078285693057
GSM7791000_ACTTCGCCAGATTCGT-1,untreated,bulk,-0.02098519431220161,0.007600480415525264,0.1274961774939316
GSM7791000_ACTTCGCGTTGAGGAC-1,untreated,bulk,-0.16835450308663505,0.010107248122254909,-0.014070306054085028
GSM7791000_ACTTCGCTCAGGAACG-1,untreated,bulk,-0.08196700504847935,0.02241703511923692,0.37651406048654595
GSM7791000_ACTTTCAAGACATCCT-1,untreated,bulk,-0.03615758396330335,0.004522529343074086,-0.12109743461764377
GSM7791000_ACTTTCAAGCGTTCAT-1,untreated,bulk,-0.1503399489796351,0.0083453417091379,-0.17021976841632266
GSM7791000_ACTTTCACATGACGGA-1,untreated,bulk,-0.03920997543940469,0.012355079347434059,0.08111449410716041
GSM7791000_ACTTTCAGTAGAAACT-1,untreated,bulk,-0.039051260266985216,0.008094802191165288,-0.2234592982955116
GSM7791000_ACTTTCATCGTACACA-1,untreated,bulk,0.052612040988982645,0.012552247471474574,-0.11994241558585578
GSM7791000_ACTTTGTAGATCGCCC-1,untreated,bulk,-0.043441666194370815,0.008920259926782876,-0.09428183160701727
GSM7791000_ACTTTGTGTTCGCGTG-1,untreated,bulk,-0.08283184785691519,0.0081545498112981,-0.23380434350903456
GSM7791000_ACTTTGTTCCTCACGT-1,untreated,bulk,-0.08944387738666837,0.00815896851231559,-0.04017546616114441
GSM7791000_AGAAATGAGGGCAGTT-1,untreated,bulk,0.007954159085712731,0.025170170398251108,-0.16649938668762213
GSM7791000_AGAAATGCATACGCAT-1,untreated,bulk,0.1245926148550851,0.011252597667705989,-0.01493490530341457
GSM7791000_AGAAATGGTGTGTCCG-1,untreated,bulk,-0.12452464202093701,0.006402846298706438,-0.1669867185141146
GSM7791000_AGAAATGTCACTGTTT-1,untreated,bulk,-0.00787423398759629,0.01095107321865746,-0.07689709498505332
GSM7791000_AGAAATGTCCACGTCT-1,untreated,bulk,-0.05566935698191325,0.009355877319286615,-0.20498953619766233
GSM7791000_AGAAATGTCTTCTGGC-1,untreated,bulk,0.034299854702419696,0.011059885139779343,-0.1315621859478297
GSM7791000_AGAACAAAGCATGAAT-1,untreated,bulk,0.05382760486905536,0.009319345151071377,-0.013291750365756133
GSM7791000_AGAACAAAGCTCCGAC-1,untreated,bulk,-0.10733951023646764,0.01623929646470272,0.0783633214503336
GSM7791000_AGAACAAAGGAAAGAC-1,untreated,bulk,-0.08935541970389232,0.007514195476373943,-0.24245943863390315
GSM7791000_AGAACAAAGTATGATG-1,untreated,bulk,-0.11620757405720061,0.011435177587669133,-0.19549086419245826
GSM7791000_AGAACAAAGTCTGGAG-1,untreated,bulk,0.002760759308224614,0.0104035929222077,-0.19421242354818938
GSM7791000_AGAACAACACTACAGT-1,untreated,bulk,-0.13705622048605054,0.010512907523776892,-0.06824585420913479
GSM7791000_AGAACAACAGAGTTGG-1,untreated,bulk,0.023230004386296355,0.0062434113590267805,-0.1875417870377266
GSM7791000_AGAACAAGTTCGCGTG-1,untreated,bulk,-0.06349802834647042,0.01885666484390181,0.265771159289109
GSM7791000_AGAACAAGTTGGGATG-1,untreated,bulk,-0.1007359601202465,0.015122044790935952,-0.15181010344161344
GSM7791000_AGAACCTAGGCTCCCA-1,untreated,bulk,-0.11488060489533439,0.00807448071166533,-0.2545886420151651
GSM7791000_AGAACCTAGGTCCGAA-1,untreated,bulk,-0.02963513586256239,0.009511864038680302,-0.01530874868515048
GSM7791000_AGAACCTAGTGTTCCA-1,untreated,bulk,0.002513318515959262,0.008337211147805425,-0.1923655449899289
GSM7791000_AGAACCTGTGGCCACT-1,untreated,bulk,-0.08414445120190817,0.005103406964424163,-0.1328357945417458
GSM7791000_AGAACCTTCCGGCAAC-1,untreated,bulk,-0.13061924502963113,0.008015248445428213,-0.14622708864557832
GSM7791000_AGAACCTTCGAGTGGA-1,untreated,bulk,0.17063424276927158,0.006618447931090983,-0.08024690362644252
GSM7791000_AGAAGCGAGAAGGTAG-1,untreated,bulk,-0.05887955945635598,0.010175754284414158,-0.057637613566323895
GSM7791000_AGAAGCGAGTGCCAGA-1,untreated,bulk,-0.059830006190708704,0.020771379496659644,0.5726706153646808
GSM7791000_AGAAGCGCAGCCCAGT-1,untreated,bulk,0.003787079008798766,0.0058965877632890275,-0.14861454337765473
GSM7791000_AGAAGCGGTGGTCCGT-1,untreated,bulk,-0.04368295677124506,0.01291665358492149,-0.01799844226072145
GSM7791000_AGAAGCGTCCATTCGC-1,untreated,bulk,0.026055810716417105,0.020561302274570856,-0.13251751761213415
GSM7791000_AGAAGCGTCGGTGAAG-1,untreated,bulk,-0.017486308718484556,0.009429317149861291,-0.10706727873306053
GSM7791000_AGAAGTAAGGCACTAG-1,untreated,bulk,-0.007302637554350344,0.002211183366619159,-0.09992499253550399
GSM7791000_AGAAGTAAGGTTAAAC-1,untreated,bulk,-0.12107292175292969,0.016812204916894575,0.2611598295642271
GSM7791000_AGAAGTACAGGGAGAG-1,untreated,bulk,-0.02758407358139281,0.006740665571030085,-0.20907683101498725
GSM7791000_AGAAGTACATAGATGA-1,untreated,bulk,-0.11879499125102211,0.006452754986362862,0.015375370989399615
GSM7791000_AGAAGTACATCAGTGT-1,untreated,bulk,-0.06633978162493025,0.023145594211821562,0.4831697133759731
GSM7791000_AGAAGTAGTCTCACGG-1,untreated,bulk,-0.06082308224269323,0.010412389035869066,-0.11391776051674728
GSM7791000_AGAAGTATCACACCCT-1,untreated,bulk,-0.21519984654017857,0.01629425806387834,0.07109043592874631
GSM7791000_AGAAGTATCCATGATG-1,untreated,bulk,-0.12874570574079242,0.01616045505448085,0.06675442391322658
GSM7791000_AGAAGTATCCTTGAAG-1,untreated,bulk,-0.09027102099524603,0.00304848701908798,-0.07023020457327224
GSM7791000_AGAAGTATCGTTCAGA-1,untreated,bulk,0.14638593310401551,0.007632726039998334,-0.10442451311827944
GSM7791000_AGAAGTATCTATGCCC-1,untreated,bulk,-0.04172140227423776,0.012776109251333602,-0.009859034348958079
GSM7791000_AGACAAAAGCTACTAC-1,untreated,bulk,-0.081643340247018,0.007611202467517063,-0.0630693422620282
GSM7791000_AGACAAAAGCTCGTGC-1,untreated,bulk,0.024877616867186536,0.00816062488769231,-0.1374528347191393
GSM7791000_AGACAAAGTGTCCACG-1,untreated,bulk,-0.15415849303442336,0.012059973124724522,0.00435598327724456
GSM7791000_AGACAAATCCACGGAC-1,untreated,bulk,-0.06001606971498519,0.011415857916729274,-0.057353781056730946
GSM7791000_AGACAAATCCGTAGTA-1,untreated,bulk,-0.06102215978834363,0.01048078414349441,0.025138148444568967
GSM7791000_AGACACTAGACTCTAC-1,untreated,bulk,0.002272083948528958,0.007258043200691285,-0.18209516951387028
GSM7791000_AGACACTAGTTATGGA-1,untreated,bulk,0.000999449775332506,0.012537860569372035,-0.027255538544008053
GSM7791000_AGACACTCAAGACGAC-1,untreated,bulk,-0.044826932634626115,0.02243049868548327,0.4376500185041126
GSM7791000_AGACACTCACAAGCCC-1,untreated,bulk,-0.10360634940011161,0.019929156215187833,0.3387261641066589
GSM7791000_AGACACTCAGAAACCG-1,untreated,bulk,-0.07986184256417411,0.019486687657922143,0.4074818793410163
GSM7791000_AGACACTCAGAGTCAG-1,untreated,bulk,-0.08904047148568289,0.00780928116633753,-0.07922468629841085
GSM7791000_AGACACTCAGGTCAAG-1,untreated,bulk,-0.04829617356497143,0.005774974676848741,-0.16461278705992152
GSM7791000_AGACACTCATCGCCTT-1,untreated,bulk,-0.04436536168295241,0.01094572714759258,0.03567632338500948
GSM7791000_AGACACTGTGCTGCAC-1,untreated,bulk,-0.005952378303285627,0.009880856721116436,-0.21413547178665762
GSM7791000_AGACACTGTTGGATCT-1,untreated,bulk,0.019611654584369975,0.005605418348545665,-0.20462552759790284
GSM7791000_AGACACTTCTGAGGCC-1,untreated,bulk,0.01846146946861632,0.00607159204417633,-0.08843283871072764
GSM7791000_AGACAGGAGACCCTTA-1,untreated,bulk,-0.005642031866406633,0.00864288033606786,-0.2042477649826076
GSM7791000_AGACAGGCAACGGCTC-1,untreated,bulk,-0.021519930097791906,0.0073777457404801,-0.20496355969686686
GSM7791000_AGACAGGCACTCAAGT-1,untreated,bulk,-0.06815636165558345,0.005712395227418306,-0.1417267992358717
GSM7791000_AGACAGGCATCGAGCC-1,untreated,bulk,-0.23191835675920758,0.010833386900742658,-0.03334085541122175
GSM7791000_AGACAGGGTATTGAGA-1,untreated,bulk,-0.04209296362740653,0.016558591208226822,0.4096705279299582
GSM7791000_AGACAGGGTGCTTCAA-1,untreated,bulk,0.17130516037108406,0.017822915964674686,0.21894385721853582
GSM7791000_AGACAGGTCTCTTGCG-1,untreated,bulk,0.07481779507228306,0.008654722181430107,-0.07531159444558232
GSM7791000_AGACAGGTCTGTAAGC-1,untreated,bulk,-0.11516349133991059,0.008327085561083029,0.051604183823774526
GSM7791000_AGACCATAGACCAAGC-1,untreated,bulk,-0.04440009540981715,0.014183718492543145,-0.15123706505801846
GSM7791000_AGACCATAGGATACCG-1,untreated,bulk,-0.08112346989767891,0.013229958859234234,0.01674748685302458
GSM7791000_AGACCATCAGCATTGT-1,untreated,bulk,0.25746856083945624,0.0097721938235503,-0.11092600604362451
GSM7791000_AGACCATGTTTCTATC-1,untreated,bulk,-0.13760360634516156,0.010132767838007177,-0.1375782726885406
GSM7791000_AGACCCGAGGCCTTGC-1,untreated,bulk,-0.0646229226248605,0.02414251639564592,0.5082233944633417
GSM7791000_AGACCCGCACATAGCT-1,untreated,bulk,0.0019810332949199427,0.00905195599861973,-0.19250399951958003
GSM7791000_AGACCCGCAGTTAGAA-1,untreated,bulk,-0.04738055009690545,0.011230573048147494,-0.1050446658977228
GSM7791000_AGACCCGTCAAATGAG-1,untreated,bulk,0.0735743309202648,0.02076470586150719,0.074352739839897
GSM7791000_AGACCCGTCACATACG-1,untreated,bulk,-0.19317674909319196,0.0065914376272363275,-0.21929749125675202
GSM7791000_AGACCCGTCCTCACCA-1,untreated,bulk,-0.07490090559399318,0.006249447734076151,-0.1411569523839437
GSM7791000_AGACCCGTCTGGTGCG-1,untreated,bulk,0.1705417729937841,0.017113000693854085,0.11001615068582754
GSM7791000_AGACCCGTCTGTCTCG-1,untreated,bulk,-0.10475008283342634,0.01675809095726995,0.21891180246374528
GSM7791000_AGACTCAAGCGGTAGT-1,untreated,bulk,-0.0754211666470482,0.008342908570921091,-0.12192489537606577
GSM7791000_AGACTCAAGCTCGGCT-1,untreated,bulk,-0.03667059012821741,0.007568177861897139,0.059508898704388066
GSM7791000_AGACTCAAGTAGTCAA-1,untreated,bulk,-0.08852826814802867,0.008305151640031979,-0.055035097333406745
GSM7791000_AGACTCAGTTGCCATA-1,untreated,bulk,-0.15474412505588836,0.009888453314384153,0.038823942396719525
GSM7791000_AGAGAATAGTCACTAC-1,untreated,bulk,-0.13190822010948544,0.006309266096888947,-0.12577283062853334
GSM7791000_AGAGAATAGTTGAAGT-1,untreated,bulk,-0.00025285720825195257,0.009556056118297443,0.07549869482714432
GSM7791000_AGAGAATCAGTTGTTG-1,untreated,bulk,0.17990654127938405,0.009347443104944298,-0.1045727927546928
GSM7791000_AGAGAATGTCGTCAGC-1,untreated,bulk,-0.10431260245186942,0.017797027669637026,0.19095366642779985
GSM7791000_AGAGAATGTGCAATAA-1,untreated,bulk,-0.08758593536558605,0.009565549845670939,0.011638836830679709
GSM7791000_AGAGAATGTTTCGCTC-1,untreated,bulk,0.09065222785586402,0.008128410569859905,-0.16514701749972174
GSM7791000_AGAGAATTCACTCGAA-1,untreated,bulk,-0.16031338282993862,0.021975015135014105,0.4565837227161491
GSM7791000_AGAGAATTCTCTGCCA-1,untreated,bulk,-0.09719533117990642,0.002992248467986627,0.010447799784335526
GSM7791000_AGAGAGCAGCAAATCA-1,untreated,bulk,-0.06010960170200893,0.019333710482034236,0.29921576235052333
GSM7791000_AGAGAGCAGCCTGACC-1,untreated,bulk,0.03563345106821211,0.008826939780746187,0.09872921901161097
GSM7791000_AGAGAGCAGGTACAGC-1,untreated,bulk,0.0595762787167988,0.012529473026654003,-0.015821917597346753
GSM7791000_AGAGAGCCACTCAAGT-1,untreated,bulk,-0.1392234911237444,0.023404120432162605,0.39716616373458413
GSM7791000_AGAGAGCCAGTTAGGG-1,untreated,bulk,-0.1266501385446579,0.007179993758541967,-0.02766044601572202
GSM7791000_AGAGAGCGTCATCCGG-1,untreated,bulk,-0.008701297820560505,0.009824923436447123,0.02509594413276745
GSM7791000_AGAGAGCTCAAGGCTT-1,untreated,bulk,0.08619291805085683,0.013896460059553948,-0.023375512763658166
GSM7791000_AGAGAGCTCGCTAATG-1,untreated,bulk,0.0043824268522716925,0.0073388956776253116,-0.20709158985645254
GSM7791000_AGAGAGCTCGTCAGAT-1,untreated,bulk,-0.046419217397296236,0.015067693381742197,-0.018335772738444923
GSM7791000_AGAGAGCTCTGGGAGA-1,untreated,bulk,0.04646027988857693,0.008654400011730557,-0.2318884003137828
GSM7791000_AGAGCAGAGATTTGCC-1,untreated,bulk,-0.12834038624687802,0.029761928679351745,-0.24377091575763069
GSM7791000_AGAGCAGGTCAAAGCG-1,untreated,bulk,-0.1358689052339584,0.007844055215892038,0.005945271719919263
GSM7791000_AGAGCAGGTCGCTTGG-1,untreated,bulk,-0.020353345719594823,0.011070419586063189,-0.0870120571467852
GSM7791000_AGAGCAGTCTCGTGAA-1,untreated,bulk,-0.10939110142844063,0.011711143530309215,-0.069738319095166
GSM7791000_AGAGCCCAGCTGGTGA-1,untreated,bulk,0.008839579385424401,0.01381555950597954,0.01491708609725209
GSM7791000_AGAGCCCAGTCTCTGA-1,untreated,bulk,-0.015421652112688311,0.009209974629986559,-0.20690140977116897
GSM7791000_AGAGCCCCAAATGCTC-1,untreated,bulk,0.046056612408350406,0.007511209224473954,-0.13902243015095908
GSM7791000_AGAGCCCCAATCGAAA-1,untreated,bulk,-0.0451883856455485,0.008076188452256997,-0.02515871822029933
GSM7791000_AGAGCCCCACCCAACG-1,untreated,bulk,-0.07508348192487445,0.01844287893261997,0.27817259495179764
GSM7791000_AGAGCCCGTCATAGTC-1,untreated,bulk,0.06688451010083393,0.007253996142174884,-0.16098987989248745
GSM7791000_AGAGCCCGTCGGATTT-1,untreated,bulk,0.09862146967933288,0.011241987420996885,-0.20303256263736763
GSM7791000_AGAGCCCTCAAAGGTA-1,untreated,bulk,-0.19641165597098215,0.010387515270399474,-0.0738090765044678
GSM7791000_AGAGCCCTCTGTCCCA-1,untreated,bulk,-0.09029105481647309,0.007102390651110031,-0.21512801140068954
GSM7791000_AGATAGACAACACAAA-1,untreated,bulk,-0.13302589227282813,0.0108243554600964,-0.21653182764624784
GSM7791000_AGATAGACAACCCTAA-1,untreated,bulk,-0.04835813302842398,0.004928797138613421,-0.25357625708688125
GSM7791000_AGATAGACAACGTATC-1,untreated,bulk,-0.13430855887276785,0.017129297858191787,0.30112568862564004
GSM7791000_AGATAGACACCATTCC-1,untreated,bulk,-0.1164014879105583,0.0062611675477536,-0.22112915295106947
GSM7791000_AGATAGACACCGCTGA-1,untreated,bulk,-0.11564601353236607,0.020285909664787823,0.35838343694079694
GSM7791000_AGATAGACATCGTGGC-1,untreated,bulk,-0.1262227303641183,0.028633090678566522,0.39570637638938805
GSM7791000_AGATAGAGTAATTGGA-1,untreated,bulk,-0.03155067988804409,0.018273884174077586,0.5097006063447372
GSM7791000_AGATAGAGTATCGGTT-1,untreated,bulk,-0.10510745457240514,0.022527702297077883,0.08855308285692616
GSM7791000_AGATAGATCGTACCTC-1,untreated,bulk,-0.04381329044463142,0.007007019331893314,-0.19491492253945641
GSM7791000_AGATAGATCGTAGAGG-1,untreated,bulk,-0.03976870506528826,0.00855465021664374,-0.056318703207266715
GSM7791000_AGATCCAAGTAAAGCT-1,untreated,bulk,-0.12255490257626486,0.007445369075778728,-0.22103971990071977
GSM7791000_AGATCCACATGAGATA-1,untreated,bulk,0.0019745139470176143,0.009964540302851087,0.01836122659027076
GSM7791000_AGATCCATCGCGAAGA-1,untreated,bulk,-0.17603528567722865,0.009595983545782633,-0.1257535245585416
GSM7791000_AGATCGTAGAAGGCTC-1,untreated,bulk,-0.02083676746913365,0.02028133781066665,0.5104337526914922
GSM7791000_AGATCGTAGTCCGTCG-1,untreated,bulk,-0.05366455623081752,0.02106676070701393,0.5609203051614836
GSM7791000_AGATCGTCACGTACAT-1,untreated,bulk,0.033998979538206076,0.01756915258741187,-0.02375663983699847
GSM7791000_AGATCGTGTACCTTCC-1,untreated,bulk,-0.11998469250542776,0.007384794633133075,-0.10972372618179536
GSM7791000_AGATCGTGTCGAGCAA-1,untreated,bulk,0.08376443302820599,0.014127467020850768,0.06152898004311468
GSM7791000_AGATCGTGTCTCGGGT-1,untreated,bulk,-0.13010639659942144,0.008685339828066073,-0.1830451983712045
GSM7791000_AGATCGTTCCGCAACG-1,untreated,bulk,-0.02765025774637858,0.008801490453722203,-0.18831983913481973
GSM7791000_AGATCGTTCTTGCAAG-1,untreated,bulk,-0.038755715385315914,0.007107333038359916,0.009203318980200362
GSM7791000_AGATGAACATCGTTCC-1,untreated,bulk,-0.06870929748292953,0.0158165207130143,-0.01801305393074486
GSM7791000_AGATGAAGTACAGTTC-1,untreated,bulk,-0.030333355494907923,0.019030914758765054,0.5056184870945214
GSM7791000_AGATGAAGTGTCGCTG-1,untreated,bulk,-0.11180494527968149,0.006783252955992624,-0.06809007572924262
GSM7791000_AGATGAAGTTTGATCG-1,untreated,bulk,-0.1766650241140335,0.02563550246515366,0.033972733540716504
GSM7791000_AGATGCTAGATGCTGG-1,untreated,bulk,-0.1620902883817279,0.008769458334240435,0.05855841478739613
GSM7791000_AGATGCTAGTAAGGGA-1,untreated,bulk,-0.10817977625226219,0.01510587249340189,-0.10742107219508684
GSM7791000_AGATGCTAGTCCGCCA-1,untreated,bulk,-0.1120628031094869,0.010948400751353648,-0.056258778133108325
GSM7791000_AGATGCTGTAGTGGCA-1,untreated,bulk,-0.05981115757472932,0.012549879894228332,-0.05377717436946948
GSM7791000_AGATGCTTCAGCAATC-1,untreated,bulk,-0.08843359863947309,0.009753165685088813,-0.13087946350086013
GSM7791000_AGATGCTTCAGCTCTC-1,untreated,bulk,-0.16929017681924124,0.007459953724477471,-0.06004856730287053
GSM7791000_AGATGCTTCATGACAC-1,untreated,bulk,-0.05865954270438542,0.00998564339415663,-0.07898065448267308
GSM7791000_AGATGCTTCTCGGGAC-1,untreated,bulk,-0.038049375897362125,0.00820854845921243,-0.19411323051811663
GSM7791000_AGCATCACACGTAACT-1,untreated,bulk,-0.09219277646806506,0.007822917977831063,-0.19275325405687802
GSM7791000_AGCATCATCTGGGCGT-1,untreated,bulk,-0.15692147595541817,0.00500116139420509,-0.09281709351115563
GSM7791000_AGCCAATAGACGCTCC-1,untreated,bulk,-0.2605922589983259,0.00752391016072993,-0.10203507344912947
GSM7791000_AGCCAATAGCTGGAGT-1,untreated,bulk,0.017629396347772525,0.012638182151373,-0.061848615955114004
GSM7791000_AGCCAATAGGTCTGGA-1,untreated,bulk,-0.07396030108133951,0.011031235076770543,-0.09142116673317784
GSM7791000_AGCCAATGTGAATGTA-1,untreated,bulk,-0.1624644913370647,0.010001280769368018,-0.03753438835303636
GSM7791000_AGCCACGAGGCCACTC-1,untreated,bulk,-0.05755620411464146,0.01262638850605352,-0.05625703327481522
GSM7791000_AGCCACGAGTAACCGG-1,untreated,bulk,0.19560683250427247,0.011451536834038368,0.07474254192361496
GSM7791000_AGCCACGAGTGGACTG-1,untreated,bulk,-0.020912361145019532,0.0180816483949659,0.5575949907029412
GSM7791000_AGCCACGCAGAAGCTG-1,untreated,bulk,-0.09909802482241678,0.00999398630053644,-0.18690089835284637
GSM7791000_AGCCACGGTGCACAAG-1,untreated,bulk,-0.006636150677998859,0.01100520588919872,-0.12913322429997695
GSM7791000_AGCCACGTCTCAACGA-1,untreated,bulk,-0.0030726090688554253,0.009574449792052239,-0.004860858867677573
GSM7791000_AGCCAGCGTACTCCGG-1,untreated,bulk,-0.06262675557817732,0.008116995310211816,-0.14924721373105057
GSM7791000_AGCCAGCGTGCCTGAC-1,untreated,bulk,-0.06868628766801624,0.00863446248456158,-0.0032444572954942763
GSM7791000_AGCCAGCTCAATGTCG-1,untreated,bulk,0.016050480963691827,0.008137317895270469,-0.13843728375059536
GSM7791000_AGCCAGCTCCGAGCTG-1,untreated,bulk,-0.01593454300411165,0.006967981889582793,-0.1260402102630206
GSM7791000_AGCGATTAGCGGACAT-1,untreated,bulk,-0.19509620412947642,0.011920855776357509,-0.15663731004082634
GSM7791000_AGCGATTCAACGGCTC-1,untreated,bulk,-0.045158349824330174,0.013766479321544673,-0.07474380661950153
GSM7791000_AGCGATTCATAGGTAA-1,untreated,bulk,-0.042558031157841764,0.00954593587551009,-0.10961799564109012
GSM7791000_AGCGATTTCGACATTG-1,untreated,bulk,0.04059192899673705,0.01835421912700645,-0.002891025072528805
GSM7791000_AGCGATTTCTGTCTCG-1,untreated,bulk,-0.08747181090097578,0.003322372892474194,-0.06778061540525707
GSM7791000_AGCGCCACAACAAGAT-1,untreated,bulk,-0.15614489267742823,0.011879139090036371,-0.15787414881592077
GSM7791000_AGCGCCACAGGCAATG-1,untreated,bulk,-0.04218221369243805,0.006400970702985284,-0.1362968638348676
GSM7791000_AGCGCCACATCGATCA-1,untreated,bulk,0.13735159707447842,0.007889335098631468,-0.13428457986690512
GSM7791000_AGCGCCACATGTACGT-1,untreated,bulk,-0.16956587655203684,0.016241891240133702,-0.023036599518081312
GSM7791000_AGCGCCAGTCCACTTC-1,untreated,bulk,-0.04083575400095138,0.012362918018683989,0.03246287456847876
GSM7791000_AGCGCTGAGAAGGCTC-1,untreated,bulk,0.09151198568798247,0.01065341804581791,0.036088238437298914
GSM7791000_AGCGCTGAGGTGCAGT-1,untreated,bulk,-0.10744103567940848,0.01645093682857492,0.3433982649649768
GSM7791000_AGCGCTGCAACGAGGT-1,untreated,bulk,-0.10124640979464095,0.009512529111642225,0.008089094380765442
GSM7791000_AGCGCTGCACCTTCGT-1,untreated,bulk,-0.17050654169112917,0.006307777648130633,-0.23582772116288972
GSM7791000_AGCGCTGCATCGCCTT-1,untreated,bulk,-0.11047392126113649,0.011233601107008894,-0.08679449849880287
GSM7791000_AGCGCTGGTTATGTGC-1,untreated,bulk,-0.03451093514760337,0.010665748543270319,-0.15814428084587506
GSM7791000_AGCGCTGGTTGTATGC-1,untreated,bulk,-0.019189985820225307,0.017261275209980817,0.44210176572266113
GSM7791000_AGCGCTGTCAGCTTCC-1,untreated,bulk,-0.11028676388755676,0.010240302530608205,-0.05133133746167383
GSM7791000_AGCGTATAGCTGACAG-1,untreated,bulk,-0.10934546243576775,0.013498152263684757,-0.07729829377334031
GSM7791000_AGCGTATCAGACGATG-1,untreated,bulk,-0.08737414261651417,0.011185070794356457,-0.01215087550796899
GSM7791000_AGCGTATGTTAGAAAC-1,untreated,bulk,-0.01464803438338022,0.006975354893454717,-0.09279074337923286
GSM7791000_AGCGTATTCACACCGG-1,untreated,bulk,-0.11644496811760797,0.011971508060003631,-0.06802279268356902
GSM7791000_AGCGTATTCATGGAGG-1,untreated,bulk,0.007688038084242066,0.011727974143749181,-0.1350526735682471
GSM7791000_AGCGTCGGTGTCATGT-1,untreated,bulk,0.06110253440009225,0.014098794006470992,0.07311954227952856
GSM7791000_AGCTACACAGCGAACA-1,untreated,bulk,-0.045304058014400406,0.009062584696501945,-0.13436065420790488
GSM7791000_AGCTACAGTGGCAGAT-1,untreated,bulk,-0.048713953987000486,0.0054181678557518615,-0.2698136754871053
GSM7791000_AGCTACATCATTGCCC-1,untreated,bulk,0.11323300634111677,0.01155487524115622,-0.011443253214545144
GSM7791000_AGCTACATCGTCAGAT-1,untreated,bulk,-0.19351264717086913,0.009046811994641583,-0.06403405997777144
GSM7791000_AGCTACATCTCGGTCT-1,untreated,bulk,-0.12418426513671875,0.022303851993776963,0.30307232782196053
GSM7791000_AGCTCAAAGACAAGCC-1,untreated,bulk,0.048991088564433766,0.00847883205355019,-0.13619095909819623
GSM7791000_AGCTCAAAGATTGAGT-1,untreated,bulk,-0.11675175277013627,0.0096425246967193,-0.19414034855321677
GSM7791000_AGCTCAAAGCTTACGT-1,untreated,bulk,0.006115260805402478,0.010576825486504895,0.004267043700788637
GSM7791000_AGCTCAAGTCCGGCAT-1,untreated,bulk,0.046136581027318546,0.006524664884975523,-0.10888867743428177
GSM7791000_AGCTCAAGTGGGTTGA-1,untreated,bulk,-0.15267195637263947,0.012480745670179741,-0.1467604052176618
GSM7791000_AGCTCAATCTCACCCA-1,untreated,bulk,0.0,0.019056555506647956,0.5152884175293343
GSM7791000_AGCTCAATCTCCCTAG-1,untreated,bulk,-0.08820575891979157,0.014173346799388451,-0.006519301202739078
GSM7791000_AGCTTCCAGCCATTGT-1,untreated,bulk,0.1624069152559553,0.02138636399020439,0.5208368739365534
GSM7791000_AGCTTCCAGCTAAATG-1,untreated,bulk,-0.10723676170621599,0.011746167276475124,-0.19585404682139881
GSM7791000_AGCTTCCCACAGAAGC-1,untreated,bulk,-0.12795512517293295,0.00896906455023592,-0.15113813772514784
GSM7791000_AGCTTCCTCGTGCTCT-1,untreated,bulk,0.056676196295117554,0.00701815787102476,-0.014326639272280001
GSM7791000_AGGAAATAGGGCTAAC-1,untreated,bulk,-0.06557682211436924,0.01136140969620315,-0.10124119110801587
GSM7791000_AGGAAATAGGTAATCA-1,untreated,bulk,-0.0753062002999442,0.018055225621625995,0.14478141559993535
GSM7791000_AGGAAATCATCAACCA-1,untreated,bulk,-0.2403129359654018,0.01090524716338165,-0.041122523454561535
GSM7791000_AGGAAATTCACACGAT-1,untreated,bulk,-0.11122098150707425,0.007147250526904761,-0.06830007908125103
GSM7791000_AGGAAATTCGTCGATA-1,untreated,bulk,-0.013546548419528542,0.0065478149838184225,-0.12446938078287931
GSM7791000_AGGAATAAGCTCGCAC-1,untreated,bulk,-0.05610092579372347,0.010025318622949945,-0.1071156395182886
GSM7791000_AGGAATAAGGTCACTT-1,untreated,bulk,-0.05429740557594906,0.013171053701571723,-0.04170304604905314
GSM7791000_AGGAATACAGGACTTT-1,untreated,bulk,0.02657466146681045,0.01039730460148895,0.01130652560305673
GSM7791000_AGGAATAGTACACGTT-1,untreated,bulk,0.2174916909232972,0.012476093954408041,0.012631346513029341
GSM7791000_AGGAATATCCTGGCTT-1,untreated,bulk,-0.07004361705174522,0.007125763089811355,-0.04144589772161633
GSM7791000_AGGAATATCGCGTGCA-1,untreated,bulk,-0.01926347596304757,0.01851949975022304,0.48223538519298764
GSM7791000_AGGACGAAGATCGCCC-1,untreated,bulk,-0.07090583195762029,0.005285885917016444,-0.1596082048056693
GSM7791000_AGGACGAAGGCTCCCA-1,untreated,bulk,-0.10170783379721264,0.01334644787075866,-0.020083520112279294
GSM7791000_AGGACGACAGATACCT-1,untreated,bulk,-0.02644087655203683,0.01833894546415255,0.3454271441885435
GSM7791000_AGGACGAGTCGCACGT-1,untreated,bulk,-0.09644231523786272,0.020905085075823525,0.3342738388068254
GSM7791000_AGGACGAGTCTCGCGA-1,untreated,bulk,0.05854185172489712,0.04805210521659179,0.08426613166305552
GSM7791000_AGGACGAGTGAACGGT-1,untreated,bulk,0.023951445382738856,0.0075810959571738475,-0.11403319181636273
GSM7791000_AGGACGATCACCCTTG-1,untreated,bulk,-0.04924808184305826,0.016361190251741466,0.0033026531712983796
GSM7791000_AGGACGATCCTAAACG-1,untreated,bulk,0.1707824864463201,0.009806530272951938,-0.08650279700125423
GSM7791000_AGGACGATCGCCGAGT-1,untreated,bulk,-0.031046140307471853,0.011449373118883152,-0.1598595847024974
GSM7791000_AGGACGATCTACCAGA-1,untreated,bulk,0.008096593523782392,0.008049205482355845,-0.03400877702095104
GSM7791000_AGGACTTAGACGAGCT-1,untreated,bulk,-0.11425810779844012,0.010995665965949718,-0.08781701610705002
GSM7791000_AGGACTTAGAGCAGCT-1,untreated,bulk,-0.020285062335786336,0.010179340445993095,-0.24482378965394533
GSM7791000_AGGACTTCAGTCGAGA-1,untreated,bulk,0.031123928342546736,0.015837468960920944,-0.03375772653332103
GSM7791000_AGGACTTGTAGTCGTT-1,untreated,bulk,-0.16168096269880022,0.017796509579137244,-0.0754312036951133
GSM7791000_AGGACTTTCAAACGAA-1,untreated,bulk,0.10797815413702103,0.011201253857967148,-0.04690494653436031
GSM7791000_AGGACTTTCCCTATTA-1,untreated,bulk,-0.06569654873439246,0.002901004138326863,-0.07870372729306324
GSM7791000_AGGAGGTAGGTAGATT-1,untreated,bulk,-0.22444940203712102,0.016560063777172115,-0.11276436947082324
GSM7791000_AGGAGGTGTTCATCTT-1,untreated,bulk,-0.004339664550054634,0.007942168034329214,-0.06900101711099703
GSM7791000_AGGAGGTTCCCGTGAG-1,untreated,bulk,0.05354295866830011,0.005261273627404475,-0.12386753956367727
GSM7791000_AGGAGGTTCGTTATCT-1,untreated,bulk,0.08033885206495013,0.014520609159305312,0.021198291291124684
GSM7791000_AGGATAAAGACTAAGT-1,untreated,bulk,0.03971279174562484,0.01377434181909233,-0.11146880172285435
GSM7791000_AGGATAAAGAGTCCGA-1,untreated,bulk,0.14351876531328472,0.009624970249088463,-0.13808411142658214
GSM7791000_AGGATAAAGCATTGAA-1,untreated,bulk,0.04925588849991089,0.009643006522525779,-0.038995287859934676
GSM7791000_AGGATAACAGAGTCAG-1,untreated,bulk,-0.12342710040864491,0.0056538947789579,-0.10997944726282662
GSM7791000_AGGATAACAGTTGTCA-1,untreated,bulk,-0.018790552956717353,0.021536634013276365,0.5304457119035232
GSM7791000_AGGATAAGTAATGCTC-1,untreated,bulk,0.06791404519762312,0.019129504036313985,0.4051861246072687
GSM7791000_AGGATAAGTCCCGGTA-1,untreated,bulk,-0.04346012285777501,0.009248549697890626,0.0347377482605055
GSM7791000_AGGATAATCAAGCGTT-1,untreated,bulk,-0.06488140295422268,0.0064998439939966575,-0.16217924276378926
GSM7791000_AGGATAATCGAGAAGC-1,untreated,bulk,0.07636173490494017,0.011413211471024845,0.020974961868732815
GSM7791000_AGGATCTCAATCTCGA-1,untreated,bulk,0.00842285368177631,0.006319794867247629,0.13445484321512866
GSM7791000_AGGATCTGTCGCTCGA-1,untreated,bulk,-0.019900167480347647,0.01807153186874527,-0.04328355728817226
GSM7791000_AGGATCTGTGCCCACA-1,untreated,bulk,0.11734774665227016,0.009436153210713488,-0.1627742247829378
GSM7791000_AGGATCTGTTCCGTTC-1,untreated,bulk,-0.012963810269794762,0.008112620600529906,-0.036702878258387424
GSM7791000_AGGATCTTCGGTGTTA-1,untreated,bulk,0.1486050636049301,0.015395252487330894,-0.08417935845417557
GSM7791000_AGGATCTTCTCATGCC-1,untreated,bulk,0.032013587800283294,0.012643131229691297,-0.13358374380571586
GSM7791000_AGGATCTTCTCTGCCA-1,untreated,bulk,0.0032128041888040137,0.011361026831386517,0.019227911817164378
GSM7791000_AGGATCTTCTTCACGC-1,untreated,bulk,-0.02489284644051204,0.007741424481468409,-0.005326662676097174
GSM7791000_AGGCATTAGCCAGAGT-1,untreated,bulk,-0.012804343208434099,0.004795462079283544,-0.15137452635270363
GSM7791000_AGGCATTAGTCTAACC-1,untreated,bulk,-0.1299615115968008,0.00573044392227817,-0.08379107477666677
GSM7791000_AGGCATTGTACCACGC-1,untreated,bulk,-0.11016232899257114,0.01701892429612879,-0.056267261613828994
GSM7791000_AGGCATTGTCTCAAGT-1,untreated,bulk,-0.17357166835239957,0.01336178149451746,-0.07367856526717387
GSM7791000_AGGCATTTCTCCCATG-1,untreated,bulk,-0.02968757394760374,0.005354168973316413,-0.26295332892399287
GSM7791000_AGGCCACAGCATCCCG-1,untreated,bulk,0.053397888607448984,0.010687126273296958,-0.05897711452383927
GSM7791000_AGGCCACAGCCTGAAG-1,untreated,bulk,-0.09523231506347657,0.019155711824856776,0.519543508463036
GSM7791000_AGGCCACAGGCAATGC-1,untreated,bulk,-0.13785776528101118,0.009381611193220389,-0.19301447602557106
GSM7791000_AGGCTGCAGCTACTGT-1,untreated,bulk,-0.07673866483900282,0.0096324397475616,-0.10657585673960805
GSM7791000_AGGCTGCAGTCTACCA-1,untreated,bulk,-0.16126771563575382,0.00925198077109909,-0.17354465888996773
GSM7791000_AGGCTGCCAAAGCGTG-1,untreated,bulk,-0.04720187323434011,0.006912980401213454,-0.006688131266351477
GSM7791000_AGGCTGCCAGCTTCCT-1,untreated,bulk,-0.042378722599574495,0.02022620428238904,0.44554147010106665
GSM7791000_AGGCTGCCATCAGTGT-1,untreated,bulk,0.032530595385839065,0.014531814721393322,0.12586283894994166
GSM7791000_AGGCTGCGTCTTCATT-1,untreated,bulk,-0.01483417193094888,0.012364192908105668,-0.14457312861251415
GSM7791000_AGGCTGCTCGCAATTG-1,untreated,bulk,0.040211755964491086,0.011133555033584262,-0.08745096020702134
GSM7791000_AGGGAGTAGCTCCGAC-1,untreated,bulk,-0.030253237164209745,0.007928003315673421,-0.15105053553024567
GSM7791000_AGGGAGTCACAGTATC-1,untreated,bulk,-0.07667731481885151,0.006236380236332966,-0.07636160842623019
GSM7791000_AGGGAGTCATGTTTGG-1,untreated,bulk,-0.030927110399518693,0.02195532457454721,0.6133328456907493
GSM7791000_AGGGAGTGTTAGCTAC-1,untreated,bulk,-0.04066595077514648,0.01819211591853069,0.46758831516879423
GSM7791000_AGGGCCTCACAACATC-1,untreated,bulk,-0.08641299989488391,0.011814114454978339,-0.08749225928162777
GSM7791000_AGGGCCTCAGTCTGGC-1,untreated,bulk,-0.09795422258831207,0.007479119720212088,-0.1983855468905387
GSM7791000_AGGGCCTGTCGAGCTC-1,untreated,bulk,-0.1219592605318342,0.006667912998951776,-0.20568017024274557
GSM7791000_AGGGCCTGTCTGTTAG-1,untreated,bulk,-0.14534964425223215,0.015424970042201273,0.0642365637550484
GSM7791000_AGGGCCTTCCGCTTAC-1,untreated,bulk,-0.050816432407924106,0.024160223396963637,0.6083274377731709
GSM7791000_AGGGCCTTCGGTCAGC-1,untreated,bulk,-0.0200022067720928,0.0095509423495817,-0.15158192992267086
GSM7791000_AGGGCTCAGACTTCCA-1,untreated,bulk,-0.16381591679557922,0.011466836023458254,0.07064570193267598
GSM7791000_AGGGCTCAGGCATGCA-1,untreated,bulk,-0.11283793827844046,0.006838506261621055,-0.13943579779783447
GSM7791000_AGGGCTCCAAGGTCTT-1,untreated,bulk,-0.016792573474702366,0.00859135185185613,-0.09144427873223504
GSM7791000_AGGGCTCCACCGTGCA-1,untreated,bulk,0.0008281971159435075,0.004875162890295475,-0.18282652869926833
GSM7791000_AGGGCTCGTACCATAC-1,untreated,bulk,-0.20848691459686036,0.014998300512171901,-0.10416532744509166
GSM7791000_AGGGCTCGTTAGCGGA-1,untreated,bulk,0.018020755222865503,0.006149613848045563,-0.06070186739849453
GSM7791000_AGGGCTCGTTTCGTGA-1,untreated,bulk,-0.01599922172606938,0.008691943110923412,-0.03742785509585825
GSM7791000_AGGGCTCTCAACACGT-1,untreated,bulk,0.021452335478767515,0.007605036533522327,-0.1595586672101633
GSM7791000_AGGGTCCAGGGTATAT-1,untreated,bulk,-0.09665358619084433,0.010941694145492918,-0.13370790561110082
GSM7791000_AGGGTCCAGTTACTCG-1,untreated,bulk,-0.10912757483739702,0.010891106076079984,0.0033900083591191935
GSM7791000_AGGGTCCCACCACTGG-1,untreated,bulk,-0.045852829842340376,0.0075132512387488925,-0.13564503728398897
GSM7791000_AGGGTCCGTATGAAAC-1,untreated,bulk,-0.08492662338983445,0.009099835356024672,-0.17978709048704575
GSM7791000_AGGGTCCGTCCCTAAA-1,untreated,bulk,0.061204937828911676,0.008686111735006045,-0.08981718399393329
GSM7791000_AGGGTGAAGGGAGGTG-1,untreated,bulk,-0.10807232875672598,0.01917658296980991,-0.01062002483943446
GSM7791000_AGGGTGAGTCACGTGC-1,untreated,bulk,-0.16879939488002232,0.011449116292538359,-0.019863656425457007
GSM7791000_AGGGTGAGTCCCAAAT-1,untreated,bulk,-0.07455921574244426,0.005745725466734345,-0.14449876916078036
GSM7791000_AGGGTGAGTCTGTCCT-1,untreated,bulk,-0.05136178152901786,0.01673346513747744,0.45635493018597184
GSM7791000_AGGGTGATCACAATGC-1,untreated,bulk,0.035980772290910984,0.02002035228560082,-0.09675735740635422
GSM7791000_AGGGTGATCACGGAGA-1,untreated,bulk,0.022999708387586804,0.01185260809511002,0.006203746300423977
GSM7791000_AGGGTGATCTGAGTCA-1,untreated,bulk,0.07502394312903993,0.009281416677430813,-0.12062381287383493
GSM7791000_AGGGTTTAGGGAACAA-1,untreated,bulk,0.00010694518921866569,0.00964055790390242,-0.05510433289094879
GSM7791000_AGGGTTTTCGAAGTGG-1,untreated,bulk,-0.12673230852399553,0.014756703239034398,0.06956790018581889
GSM7791000_AGGTAGGAGAACAGGA-1,untreated,bulk,0.007205419313339956,0.012345656343979338,-0.048349765695927825
GSM7791000_AGGTAGGAGCGCCGTT-1,untreated,bulk,-0.17378082275390624,0.008720342641841662,-0.09473513913457823
GSM7791000_AGGTAGGCACCGTGCA-1,untreated,bulk,0.14903585978916714,0.006360794974545275,-0.2055238811389075
GSM7791000_AGGTAGGCACTCGATA-1,untreated,bulk,-0.022144728161039823,0.01403835387716731,-0.23072853147861688
GSM7791000_AGGTAGGCATTAAAGG-1,untreated,bulk,0.032502100581214555,0.01836469617597243,0.15912423503613457
GSM7791000_AGGTAGGTCTGTAACG-1,untreated,bulk,-0.02717062541416713,0.01893541755612628,0.43314967212736927
GSM7791000_AGGTCATCACCGTGGT-1,untreated,bulk,-0.10756505693708146,0.006429793654238607,-0.0003141715031116026
GSM7791000_AGGTCATCACTCTAGA-1,untreated,bulk,-0.18731464930943081,0.014883614931435005,0.043338481696632944
GSM7791000_AGGTCATGTCTGTTAG-1,untreated,bulk,-0.02483188901628767,0.01765622735229807,0.37757069049575936
GSM7791000_AGGTCATTCAAGTGGG-1,untreated,bulk,-0.0524300386035253,0.007790873970898502,-0.16037779524783075
GSM7791000_AGGTCATTCCCAACTC-1,untreated,bulk,0.07643999077024916,0.02055523044663576,0.4488634837791443
GSM7791000_AGGTCTAAGACGGTCA-1,untreated,bulk,-0.13800962251330176,0.01377201564006672,-0.19203751785263662
GSM7791000_AGGTCTACACGCGTGT-1,untreated,bulk,-0.016363923057677254,0.014496516407614068,-0.13805837930474338
GSM7791000_AGGTCTACATCGAGCC-1,untreated,bulk,-0.03278278229728576,0.01180127263488572,0.03064672806989968
GSM7791000_AGGTCTAGTTGTTGTG-1,untreated,bulk,0.01918051068744961,0.013064684843751465,-0.1974548171766557
GSM7791000_AGGTCTATCAGCAATC-1,untreated,bulk,-0.04179115670067923,0.013710332440503204,-0.1462821438763465
GSM7791000_AGGTCTATCAGCGTCG-1,untreated,bulk,0.013740377426147449,0.01060454513453056,-0.016214631390958488
GSM7791000_AGGTCTATCGGATACT-1,untreated,bulk,0.0051196570623489035,0.008203785451048284,-0.13710495451382954
GSM7791000_AGGTGTTCAGATTCGT-1,untreated,bulk,-0.11019484535096183,0.009467435344370513,-0.030224649610331517
GSM7791000_AGGTGTTGTACCCAGC-1,untreated,bulk,-0.09704137900518993,0.008751455116483054,-0.15880634188070863
GSM7791000_AGGTGTTGTGTTAAAG-1,untreated,bulk,0.08477341969807942,0.008717804408117938,0.033495187358515185
GSM7791000_AGGTTACCAATGTTGC-1,untreated,bulk,0.04751333751375714,0.005820371275976654,-0.1242536720564585
GSM7791000_AGGTTACCAGAGGAAA-1,untreated,bulk,-0.1333408350793142,0.00755892330069524,0.047770270349101855
GSM7791000_AGGTTACCAGCACAGA-1,untreated,bulk,-0.1205687986101423,0.004797947373846227,-0.07545159698897187
GSM7791000_AGGTTACGTCTTACTT-1,untreated,bulk,0.12086754723200721,0.005620639590987553,-0.01277023049102303
GSM7791000_AGGTTACTCCAGGACC-1,untreated,bulk,-0.13041407127228996,0.009941772013036164,-0.14952675670675167
GSM7791000_AGGTTACTCCATCGTC-1,untreated,bulk,0.05719135768829833,0.010345595635588817,0.03220836506718762
GSM7791000_AGGTTACTCGGTAGAG-1,untreated,bulk,-0.24645193917410715,0.01213456044737919,-0.1062474444652448
GSM7791000_AGGTTGTAGTGTTGAA-1,untreated,bulk,-0.1873976558919937,0.006637293705652128,-0.10425997023282989
GSM7791000_AGGTTGTCAAATGCGG-1,untreated,bulk,-0.1141166983710395,0.010395629021910534,-0.030196690392454997
GSM7791000_AGGTTGTCATGAGGGT-1,untreated,bulk,-0.18234116917564755,0.013363703399266036,-0.07058474610033506
GSM7791000_AGTAACCCAACCACAT-1,untreated,bulk,0.2137654822213309,0.019931328586675547,0.27373875626262967
GSM7791000_AGTAACCCACGAGAAC-1,untreated,bulk,-0.023134330492171035,0.006311189950902628,-0.14709391973602315
GSM7791000_AGTAACCCATGGCACC-1,untreated,bulk,-0.1279517457598732,0.005711659853872771,-0.09019478169058376
GSM7791000_AGTAACCCATTGAGGG-1,untreated,bulk,-0.0318044685182117,0.011284358923058548,-0.07932589025534936
GSM7791000_AGTAACCGTACTCGAT-1,untreated,bulk,-0.0627413703524877,0.009851579281808114,-0.053759932624348285
GSM7791000_AGTAACCGTGTATTGC-1,untreated,bulk,-0.10833648681640624,0.021409028931910285,0.288474657248975
GSM7791000_AGTAACCTCAGTCCGG-1,untreated,bulk,-0.07998343762897309,0.008543388680456277,-0.16947844066834652
GSM7791000_AGTACCAAGGAGCAAA-1,untreated,bulk,-0.13320528128790476,0.012452528993662875,-0.20496508662334836
GSM7791000_AGTACCAAGTCGAATA-1,untreated,bulk,0.05210873270791677,0.010832815368401525,-0.08444941555802754
GSM7791000_AGTACCACACTACCGG-1,untreated,bulk,-0.03723217631143236,0.008844928582634947,-0.0629028548352237
GSM7791000_AGTACCACAGAACTCT-1,untreated,bulk,-0.09748864847516256,0.008837922248340499,0.11976184267334165
GSM7791000_AGTACCACATGAGGGT-1,untreated,bulk,0.13837916979714046,0.01224263985713946,-0.10101761762990458
GSM7791000_AGTACCAGTGAATATG-1,untreated,bulk,-0.04799643183511401,0.014020051954919741,0.0894903355683754
GSM7791000_AGTACCATCACCTCTG-1,untreated,bulk,-0.2072749982561384,0.010336420490915585,-0.1399776357465756
GSM7791000_AGTACCATCGTGTTCC-1,untreated,bulk,-0.06524546191805884,0.014339274528509945,-0.12842278766938472
GSM7791000_AGTACTGCAATCCTTT-1,untreated,bulk,0.039244362664601184,0.009189393455795268,-0.07808144949009373
GSM7791000_AGTACTGGTAAGTAGT-1,untreated,bulk,-0.1493663467679705,0.016153459507887838,-0.11494451657227864
GSM7791000_AGTACTGGTCGCGTCA-1,untreated,bulk,0.04959345363435291,0.010627860761906721,-0.11426388216976731
GSM7791000_AGTACTGTCAGATGCT-1,untreated,bulk,0.16383361725580123,0.008720146348776655,-0.10970676934931524
GSM7791000_AGTACTGTCTAGTGAC-1,untreated,bulk,-0.1162684290749686,0.006654400590068306,-0.10758807572064387
GSM7791000_AGTAGCTAGGAAGAAC-1,untreated,bulk,-0.006133746041191934,0.005261327030836289,-0.04755727161809868
GSM7791000_AGTAGCTAGTGCTCGC-1,untreated,bulk,0.06689394148569255,0.00463336531289679,-0.25172623598243704
GSM7791000_AGTAGCTCAGGTATGG-1,untreated,bulk,-0.10208372933523996,0.01388687518736957,0.02691480995084821
GSM7791000_AGTAGCTCATAGGCGA-1,untreated,bulk,-0.09485017821902322,0.01259615786636624,-0.0960309717671754
GSM7791000_AGTAGCTGTGACGCCT-1,untreated,bulk,-0.01700592563265846,0.01201558659498898,-0.20739541172408002
GSM7791000_AGTAGCTGTGCATTTG-1,untreated,bulk,-0.018644745236351373,0.00552689900391279,-0.06087344201714023
GSM7791000_AGTAGCTGTGCTGTCG-1,untreated,bulk,0.037567663344125896,0.010631066695238013,-0.06498325897276366
GSM7791000_AGTAGCTGTTGGTACT-1,untreated,bulk,-0.07351309095110212,0.08259767194525151,0.08150530196080415
GSM7791000_AGTAGCTTCGTCGCTT-1,untreated,bulk,-0.14128897935625107,0.009782961819544226,-0.21661622049746876
GSM7791000_AGTAGCTTCTTCCGTG-1,untreated,bulk,-0.0951751102341546,0.010981620365732784,0.14477317275892587
GSM7791000_AGTAGTCAGACCCGCT-1,untreated,bulk,0.060963967792571516,0.024353432317746067,0.024536026732641797
GSM7791000_AGTAGTCAGGAACGCT-1,untreated,bulk,0.012231053511301687,0.021328177568048595,0.13026626664250757
GSM7791000_AGTAGTCAGGTACATA-1,untreated,bulk,0.05521179963671971,0.01809539232144817,0.08424947767144525
GSM7791000_AGTAGTCAGTAGTCAA-1,untreated,bulk,-0.029197067230466833,0.004271582970285152,-0.12616558109413145
GSM7791000_AGTAGTCAGTGGTTAA-1,untreated,bulk,-0.10000869660150438,0.009887218511764854,-0.16804389818457183
GSM7791000_AGTAGTCCAACAACAA-1,untreated,bulk,0.0771694545140342,0.011039826604876943,-0.02403080085502825
GSM7791000_AGTAGTCCATCATGAC-1,untreated,bulk,0.0556054272727361,0.017205925073851727,-0.13572472008147696
GSM7791000_AGTAGTCCATCCCACT-1,untreated,bulk,0.07327185600522965,0.012044658159324623,0.09230033629301783
GSM7791000_AGTAGTCCATCTTAGG-1,untreated,bulk,-0.043013082231794085,0.017590970894244988,0.33040403086614734
GSM7791000_AGTAGTCGTTTCCAAG-1,untreated,bulk,-0.20555548531668527,0.015133817086471076,0.0630426555338079
GSM7791000_AGTAGTCTCGGCTGTG-1,untreated,bulk,0.0037470740363711452,0.0074351258777478465,-0.12004512789198772
GSM7791000_AGTCAACAGAGCCTGA-1,untreated,bulk,-0.18374781873491078,0.0029989506255269516,-0.014970762953388232
GSM7791000_AGTCAACAGCTATCTG-1,untreated,bulk,-0.008788621841915062,0.010404139194328333,0.007861504183089958
GSM7791000_AGTCAACAGGCGAACT-1,untreated,bulk,0.1027102491590712,0.010248892037552536,-0.12066936575977967
GSM7791000_AGTCAACCACCCTGTT-1,untreated,bulk,-0.06667497983054507,0.004794252981595598,-0.1681151680331504
GSM7791000_AGTCAACGTGTGGACA-1,untreated,bulk,0.09366500854492188,0.013149119163050196,-0.07305433639095645
GSM7791000_AGTCAACGTTACCTGA-1,untreated,bulk,-0.17941216605050223,0.012970667881430807,0.025216305474033085
GSM7791000_AGTCAACGTTATTCCT-1,untreated,bulk,-0.010981924723065084,0.010206136804878575,-0.20315826502773007
GSM7791000_AGTCAACTCAAATGCC-1,untreated,bulk,-0.0850113786969866,0.024563065110004417,0.549906751346843
GSM7791000_AGTCAACTCAACACCA-1,untreated,bulk,-0.12814014253162204,0.011736583518904326,-0.15087930637866517
GSM7791000_AGTCAACTCATGGCCG-1,untreated,bulk,0.045223542092338434,0.019599497056107473,0.14360965098780987
GSM7791000_AGTCAACTCCACCTCA-1,untreated,bulk,-0.08389155546824137,0.014586983808575768,-0.10092403182726184
GSM7791000_AGTCAACTCCGGCTTT-1,untreated,bulk,-0.10552568715716165,0.011605867805001509,-0.06565491656646417
GSM7791000_AGTCAACTCTTCGTAT-1,untreated,bulk,0.006583174826606877,0.017578554391115896,0.06634513840874773
GSM7791000_AGTCACACAGGACGAT-1,untreated,bulk,-0.008800908194647905,0.005994572550499465,-0.0026670948646682013
GSM7791000_AGTCACAGTAGCTCGC-1,untreated,bulk,-0.028713265676347022,0.004326753864040726,-0.16813063230432568
GSM7791000_AGTCACAGTCCTTTGC-1,untreated,bulk,-0.04189390568506149,0.008473184375300794,-0.15303788902380652
GSM7791000_AGTCACAGTCTCTCAC-1,untreated,bulk,0.058254939790755966,0.008651341828639657,-0.17248188047595342
GSM7791000_AGTCACAGTTAGTTCG-1,untreated,bulk,0.1961818056257944,0.010723206019973754,-0.1799266545127582
GSM7791000_AGTCACATCAAGCCCG-1,untreated,bulk,-0.06307416098458427,0.017303242076686026,0.34223926960955986
GSM7791000_AGTCATGAGCTGAGCA-1,untreated,bulk,-0.11384676138559978,0.007125366917237528,0.004466528020343992
GSM7791000_AGTCATGCAACAGATA-1,untreated,bulk,-0.11636133466448102,0.02165332790492738,0.28991185210758547
GSM7791000_AGTCATGCATCGATGT-1,untreated,bulk,0.047955391444857165,0.008864405931081136,-0.07572837881866495
GSM7791000_AGTCATGGTCGAAACG-1,untreated,bulk,-0.1598070103403122,0.013162891526024973,-0.11028639164190868
GSM7791000_AGTCTCCAGCAGCAGT-1,untreated,bulk,0.08187265835111102,0.02046682677698044,0.4380605012389119
GSM7791000_AGTCTCCAGCCTTTGA-1,untreated,bulk,-0.17522937229701452,0.013035964583242729,-0.07452837970446535
GSM7791000_AGTCTCCCATCCGAAT-1,untreated,bulk,-0.05290671832977778,0.008459609980252181,-0.04562222330105519
GSM7791000_AGTCTCCGTACTCGAT-1,untreated,bulk,-0.03539600538829013,0.0070848381108822,0.03554623197057279
GSM7791000_AGTCTCCGTCACAGTT-1,untreated,bulk,-0.0772502525269039,0.008012496880471084,-0.020930799752902074
GSM7791000_AGTCTCCGTCGCAACC-1,untreated,bulk,-0.037792064575921935,0.007862865574204798,-0.17788232117155262
GSM7791000_AGTCTCCGTTCGGTCG-1,untreated,bulk,0.026870058226206944,0.007430088921169996,-0.239348631230699
GSM7791000_AGTCTCCTCGGCTGTG-1,untreated,bulk,-0.07598512876601446,0.00847956348756159,-0.06825674352734745
GSM7791000_AGTGACTAGACCATGG-1,untreated,bulk,-0.13129851511546545,0.011216885769843414,-0.12308627231892023
GSM7791000_AGTGACTCACTCTAGA-1,untreated,bulk,-0.11529122810515147,0.010651865997501692,-0.08150373181950152
GSM7791000_AGTGACTGTATCGCTA-1,untreated,bulk,-0.19536529541015624,0.011483833471910461,-0.007930574701463742
GSM7791000_AGTGACTGTTCAGTAC-1,untreated,bulk,-0.02754777923462881,0.01023355326486927,-0.03352307668000011
GSM7791000_AGTGATCAGTACCATC-1,untreated,bulk,-0.14979163268255807,0.011256568624007476,-0.1076885464182438
GSM7791000_AGTGATCAGTTCCATG-1,untreated,bulk,-0.08645099439318217,0.01540617480343023,-0.08317944891597906
GSM7791000_AGTGATCCACGTGAGA-1,untreated,bulk,-0.056062250742836606,0.01362591887081305,-0.17184965903753527
GSM7791000_AGTGATCCACTTACAG-1,untreated,bulk,-0.03341143199375698,0.03200051863301896,0.3841094603919117
GSM7791000_AGTGATCTCCACTGGG-1,untreated,bulk,-0.16273389543805802,0.015358336840328021,0.03717768767405325
GSM7791000_AGTGCCGAGCGGCTCT-1,untreated,bulk,-0.028397750854492188,0.024826636005359153,0.5776798036033196
GSM7791000_AGTGCCGAGGCCACCT-1,untreated,bulk,0.0033803788442460514,0.012917926833739995,-0.21456600731724326
GSM7791000_AGTGCCGAGTTGCGCC-1,untreated,bulk,-0.14512112117948983,0.00648034571814159,-0.09468220720733317
GSM7791000_AGTGCCGGTCACTTCC-1,untreated,bulk,-0.004905419122605115,0.010988425802528134,-0.11208487872169749
GSM7791000_AGTGCCGTCACTAGCA-1,untreated,bulk,-0.1796111195806473,0.006685698241299916,-0.1344036141052967
GSM7791000_AGTGCCGTCTGAATCG-1,untreated,bulk,-0.07913803403339686,0.008311899454718195,-0.15380667554471866
GSM7791000_AGTGCCGTCTGGTGGC-1,untreated,bulk,-0.10462212494441442,0.016360740132819886,-0.07695522059276841
GSM7791000_AGTGTTGCACTAGGTT-1,untreated,bulk,-0.13310620372257537,0.011606578098354652,-0.09940240486832426
GSM7791000_AGTGTTGCACTTTATC-1,untreated,bulk,0.07389018800523547,0.015346346116351946,0.04741175161986579
GSM7791000_AGTGTTGGTCATCGGC-1,untreated,bulk,-0.07368652495126876,0.006822096534361463,-0.057525261101499824
GSM7791000_AGTGTTGGTTCACGAT-1,untreated,bulk,-0.11419183613762024,0.014432000763255256,-0.1536122397774617
GSM7791000_AGTGTTGGTTCGAGCC-1,untreated,bulk,0.00611026279510013,0.012362317447034105,-0.10414036689649625
GSM7791000_AGTGTTGTCCTATTGT-1,untreated,bulk,-0.03252993765331452,0.0100882466227764,-0.137042015903106
GSM7791000_AGTTAGCCAATCTAGC-1,untreated,bulk,0.021808113370622884,0.0046011795752720856,-0.21411849966694654
GSM7791000_AGTTAGCCACATACGT-1,untreated,bulk,0.008990204674857005,0.010336318727307916,0.03197816875520196
GSM7791000_AGTTAGCGTGACATCT-1,untreated,bulk,-0.1414897522850642,0.00914792640498586,-0.02829731579555608
GSM7791000_AGTTAGCGTTAGAGTA-1,untreated,bulk,0.04840670434255448,0.009708742702286024,-0.08178851473676221
GSM7791000_AGTTAGCTCACCGGGT-1,untreated,bulk,0.030926188514346142,0.006160729022862122,-0.1777388984066835
GSM7791000_AGTTAGCTCAGCTTGA-1,untreated,bulk,-0.016115831647600443,0.00944600370548682,-0.23692948876019185
GSM7791000_AGTTAGCTCTAAGGAA-1,untreated,bulk,-0.049864350727626267,0.006670277759572288,-0.04378715640347172
GSM7791000_AGTTAGCTCTGGAAGG-1,untreated,bulk,-0.07082591791001577,0.009138261228954118,-0.005776122368977367
GSM7791000_AGTTAGCTCTTTCTAG-1,untreated,bulk,-0.16645758492606028,0.012664161574620072,0.03706096698940336
GSM7791000_AGTTCCCAGACTTCCA-1,untreated,bulk,0.0537099526420472,0.014523376138960063,0.0032534046364890647
GSM7791000_AGTTCCCCAAATAGCA-1,untreated,bulk,0.04428262544056727,0.005446310679001133,-0.12891061529287523
GSM7791000_AGTTCCCCAATCAGCT-1,untreated,bulk,-0.01904789288838704,0.010760655176200016,-0.024698550746862648
GSM7791000_AGTTCCCCAGCAGAAC-1,untreated,bulk,-0.11081441606794085,0.01579619368412815,0.0804392639523958
GSM7791000_AGTTCCCGTGCGCTCA-1,untreated,bulk,-0.18097373243362186,0.009852223450178594,0.010211964311710455
GSM7791000_AGTTCCCGTTCACCGG-1,untreated,bulk,-0.09963877049703448,0.008110459237752648,-0.09532516287808683
GSM7791000_AGTTCCCGTTCACGAT-1,untreated,bulk,-0.0036939100235227618,0.00809996682816174,-0.21254752113342118
GSM7791000_AGTTCCCTCCCAGTGG-1,untreated,bulk,-0.10136303568643237,0.008227029592393164,-0.08617082313970369
GSM7791000_AGTTCGAAGCCAAGGT-1,untreated,bulk,-0.09469038758959089,0.010744899217288231,-0.04053694940302247
GSM7791000_AGTTCGAAGGATATAC-1,untreated,bulk,-0.1437627124786377,0.01360481236524401,0.05474502261218961
GSM7791000_AGTTCGACACCGAATT-1,untreated,bulk,0.07329722056313165,0.006990225378683144,-0.20323498780015437
GSM7791000_AGTTCGAGTAAGGTCG-1,untreated,bulk,-0.11406082153320313,0.019338469579587788,0.2583676844865378
GSM7791000_AGTTCGAGTACGTACT-1,untreated,bulk,0.010548240873548748,0.009580965697708686,-0.13702636247291902
GSM7791000_AGTTCGAGTAGTGATA-1,untreated,bulk,0.03627311055622402,0.016133966318116116,0.0849513010028243
GSM7791000_AGTTCGAGTTACTCAG-1,untreated,bulk,-0.03651483391958571,0.009882300684900815,-0.04491810203446762
GSM7791000_AGTTCGATCTACACTT-1,untreated,bulk,-0.1384993412759569,0.006806053501581245,-0.07156408398785037
GSM7791000_AGTTCGATCTGTACAG-1,untreated,bulk,-0.042188750145927295,0.014526591405084171,0.04107551168920514
GSM7791000_AGTTCGATCTTTCTAG-1,untreated,bulk,-0.04978699419233534,0.012479886279475666,-0.06548357646843951
GSM7791000_ATACCGAAGACTCATC-1,untreated,bulk,0.17396516429053413,0.02043918029758392,0.5347017550247505
GSM7791000_ATACCGACACACGCCA-1,untreated,bulk,-0.03791036636110334,0.00929914308206914,-0.16700940552423837
GSM7791000_ATACCGACATAATGAG-1,untreated,bulk,0.011664466555156405,0.008147096059838358,-0.1830765412571658
GSM7791000_ATACCGATCAAGGACG-1,untreated,bulk,-0.14764088221958704,0.007562414234905738,-0.0011449389295454656
GSM7791000_ATACCTTAGATCCGAG-1,untreated,bulk,0.13533521001301113,0.011720286366992003,0.029295394407700726
GSM7791000_ATACCTTAGGAGACCT-1,untreated,bulk,-0.04312941112215557,0.009538300515713584,-0.1581037123707692
GSM7791000_ATACCTTCAACTCGTA-1,untreated,bulk,-0.005058211220635309,0.013916173639483168,0.09664642371988327
GSM7791000_ATACCTTCACTCCGGA-1,untreated,bulk,-0.10254279000418527,0.02122181971716015,0.21889747169027782
GSM7791000_ATACCTTCATTGGCAT-1,untreated,bulk,0.09465688342139833,0.004688989248421689,-0.20257033147074435
GSM7791000_ATACCTTTCCTTTAGT-1,untreated,bulk,-0.028435175002567342,0.010766689142511617,0.014089414946693456
GSM7791000_ATACTTCAGCCGAATG-1,untreated,bulk,-0.08016905943552652,0.005666023946058396,-0.09803398670852392
GSM7791000_ATACTTCAGGTTGAGC-1,untreated,bulk,0.000746271799481113,0.006833028773103738,-0.1699092225021438
GSM7791000_ATACTTCAGTAACGAT-1,untreated,bulk,0.12739734725346644,0.007868357659259743,-0.001921085380857237
GSM7791000_ATACTTCCATCCCGTT-1,untreated,bulk,0.22413940520513628,0.013297550434033346,-0.04387675394950948
GSM7791000_ATACTTCGTGGACCTC-1,untreated,bulk,-0.06895289829799107,0.017367188177337487,0.42980795989910975
GSM7791000_ATACTTCGTGGGACAT-1,untreated,bulk,0.09385608657958017,0.01919758143750712,0.329108173211243
GSM7791000_ATACTTCTCCGGTAAT-1,untreated,bulk,-0.08331011802431135,0.008185175805439076,0.02763639605329435
GSM7791000_ATACTTCTCGATTGGT-1,untreated,bulk,-0.08112155778067454,0.00690979309644312,-0.18431239587850592
GSM7791000_ATAGACCAGATGTAGT-1,untreated,bulk,-0.09320544840797546,0.007604257228735422,-0.05884157408631357
GSM7791000_ATAGACCAGCAGGCTA-1,untreated,bulk,0.11080728409782287,0.011042209550919519,-0.08484365557034221
GSM7791000_ATAGACCAGCTAGAGC-1,untreated,bulk,0.13139763945624944,0.012306815541599877,-0.08967733691479626
GSM7791000_ATAGACCAGTAGCATA-1,untreated,bulk,0.03723589200822133,0.005747044732280343,-0.1146309150600569
GSM7791000_ATAGACCCACATTACG-1,untreated,bulk,-0.08748644590377808,0.014586467507130147,0.1067763746862083
GSM7791000_ATAGACCCAGACCTAT-1,untreated,bulk,0.05243109354897152,0.011855097664045055,-0.15475702446281747
GSM7791000_ATAGACCCATTCTGTT-1,untreated,bulk,-0.14702114922659737,0.010756058066731015,-0.20260839239010706
GSM7791000_ATAGACCTCGAAGAAT-1,untreated,bulk,-0.10719054146418497,0.010446591735213616,-0.016703762458900585
GSM7791000_ATAGACCTCGAAGGAC-1,untreated,bulk,-0.026978408117142944,0.013008997128321733,0.0027775372284007385
GSM7791000_ATAGAGAAGGCCTTCG-1,untreated,bulk,0.03610283170427597,0.008104702062876244,-0.2868882071568466
GSM7791000_ATAGAGACATCGAACT-1,untreated,bulk,-0.07030366988409131,0.007148761452868082,0.03457104709770936
GSM7791000_ATAGAGACATGGGTTT-1,untreated,bulk,-0.05138981190938799,0.010618730634832207,-0.21378510913019308
GSM7791000_ATAGAGACATGTCGTA-1,untreated,bulk,-0.14935906546456473,0.01798982044655928,0.283838670585445
GSM7791000_ATAGAGAGTCTTAGTG-1,untreated,bulk,-0.07899444943382625,0.011240078581215951,-0.21135376556912133
GSM7791000_ATAGAGATCAAGCGTT-1,untreated,bulk,0.06010459294394843,0.0066240937555216255,-0.20582611101911305
GSM7791000_ATAGAGATCGCTCTAC-1,untreated,bulk,-0.013970852957831514,0.008766501696119497,-0.19331846995070123
GSM7791000_ATAGGCTAGCCATGCC-1,untreated,bulk,-0.03193007332938058,0.0202803734723416,0.27443382514480563
GSM7791000_ATAGGCTAGGATATAC-1,untreated,bulk,-0.03484023533170183,0.00980422092623098,-0.19724442578942897
GSM7791000_ATAGGCTAGGGTATAT-1,untreated,bulk,-0.02420700042966814,0.008436770140673976,-0.1076070217442918
GSM7791000_ATAGGCTCAAATGAGT-1,untreated,bulk,-0.07226518509879945,0.013044282059411584,0.05662186308142955
GSM7791000_ATAGGCTCACACACGC-1,untreated,bulk,-0.07915183385213218,0.007827726724722572,-0.04892071505444137
GSM7791000_ATAGGCTCACACGCCA-1,untreated,bulk,0.04664661089579264,0.010217786605599284,-0.17505029454857254
GSM7791000_ATAGGCTCACTTGGGC-1,untreated,bulk,-0.16770237245256936,0.012888027185103245,-0.21293596688506994
GSM7791000_ATAGGCTGTACTAACC-1,untreated,bulk,-0.1874185834612165,0.01329530222490239,-0.10740126448860024
GSM7791000_ATAGGCTGTATTTCTC-1,untreated,bulk,-0.0626739774431501,0.021409121423977127,0.33050629530436515
GSM7791000_ATAGGCTTCCGCGGAT-1,untreated,bulk,0.0509945987519764,0.00846359527298289,-0.2274463251193513
GSM7791000_ATAGGCTTCGAACGGA-1,untreated,bulk,0.034916015958029095,0.00939271046888064,-0.06150060982399722
GSM7791000_ATAGGCTTCGACATTG-1,untreated,bulk,-0.10986623608876789,0.015540204862240805,-0.14718398632272414
GSM7791000_ATATCCTAGACTAGAT-1,untreated,bulk,-0.0697967038835798,0.01849652639385592,0.38758979982479563
GSM7791000_ATATCCTAGATCCTAC-1,untreated,bulk,-0.15338732015518916,0.005559291005887986,-0.03947007735598899
GSM7791000_ATATCCTAGTTGCCTA-1,untreated,bulk,0.005444804600306913,0.011851303394084698,-0.06284289026681561
GSM7791000_ATATCCTCACCTGATA-1,untreated,bulk,0.060691847120012576,0.011012379132837551,-0.002256733214922598
GSM7791000_ATATCCTCACTCCGAG-1,untreated,bulk,-0.09030024543641105,0.009819591053302162,-0.17848448870763428
GSM7791000_ATATCCTGTACCTAGT-1,untreated,bulk,0.0676320546770853,0.011481417604844758,-0.11881849157747766
GSM7791000_ATATCCTGTTCTTGTT-1,untreated,bulk,-0.08163311322530112,0.0062546003626012,-0.05800680646113588
GSM7791000_ATATCCTTCATTCCTA-1,untreated,bulk,-0.11638794475131564,0.009362078324198417,-0.13186633270081138
GSM7791000_ATCACAGAGCTTCATG-1,untreated,bulk,0.08111137783716596,0.01831491241971812,-0.07628836590716412
GSM7791000_ATCACAGAGTGATAGT-1,untreated,bulk,-0.07748281599983337,0.007096314559839735,-0.2601779906800153
GSM7791000_ATCACAGGTGAGTAGC-1,untreated,bulk,-0.06044405165172759,0.00666984182299802,-0.19667565478330015
GSM7791000_ATCACAGTCACATCAG-1,untreated,bulk,-0.12097180589797005,0.014676728146015214,-0.04593963233109538
GSM7791000_ATCACAGTCATCGACA-1,untreated,bulk,-0.06008362732236344,0.007804154332855542,-0.016327511736801085
GSM7791000_ATCACAGTCCATCTCG-1,untreated,bulk,-0.16789815092843677,0.0034622836882527946,-0.12569178887711163
GSM7791000_ATCACGAAGAGTCGAC-1,untreated,bulk,-0.015957595582992312,0.007279137795839102,-0.20912766277156325
GSM7791000_ATCACGACAATCGCCG-1,untreated,bulk,-0.04441498620169504,0.004438507366651905,0.00018681249502223188
GSM7791000_ATCACGACAATTGCAC-1,untreated,bulk,-0.11709453964990282,0.007726549108010045,-0.04792549642852485
GSM7791000_ATCACGACATGGAAGC-1,untreated,bulk,0.016158432279314322,0.005364137571914217,-0.1842649133914069
GSM7791000_ATCACGAGTGATACCT-1,untreated,bulk,-0.036198971460736,0.01154130015129048,-0.01423374128341243
GSM7791000_ATCACGATCGTTGTAG-1,untreated,bulk,-0.06615064234960648,0.008984509834022065,-0.19587701053876316
GSM7791000_ATCACTTCAAATACGA-1,untreated,bulk,-0.11744368326096308,0.007324795965213846,-0.17651572877420502
GSM7791000_ATCACTTCAACGGCTC-1,untreated,bulk,-0.10722018817114452,0.016191093076696684,-0.020136236482629927
GSM7791000_ATCACTTCAGTTTGGT-1,untreated,bulk,0.018858740064832902,0.010740589133312156,-0.1298768007516167
GSM7791000_ATCACTTGTCAGGAGT-1,untreated,bulk,-0.010432685367644773,0.007217129870186095,-0.15487709525002935
GSM7791000_ATCACTTTCACTTCTA-1,untreated,bulk,-0.07096191633315314,0.01419440631062387,0.05659923043921043
GSM7791000_ATCAGGTAGACTACGG-1,untreated,bulk,-0.03606273726811485,0.02987337040464333,-0.046476821485981354
GSM7791000_ATCAGGTGTCAAGCGA-1,untreated,bulk,-0.09311755290107121,0.015535012484449887,-0.1256971392966191
GSM7791000_ATCAGGTGTTCCACGG-1,untreated,bulk,-0.09265889182923331,0.008842566247170383,-0.09357388854201497
GSM7791000_ATCAGGTTCCAGTACA-1,untreated,bulk,-0.08825468131474087,0.013302422583640687,0.03286774274353375
GSM7791000_ATCAGGTTCGCGTCGA-1,untreated,bulk,0.20797518366859072,0.011617609934205284,0.01703345384469272
GSM7791000_ATCATTCAGTCATAGA-1,untreated,bulk,-0.07856256488769774,0.012552766434772397,-0.07940384494241681
GSM7791000_ATCATTCAGTCCTGTA-1,untreated,bulk,-0.13718405587332588,0.02269286365886939,0.003250920143044209
GSM7791000_ATCATTCAGTGAGGCT-1,untreated,bulk,-0.10145900181361607,0.01613026240191989,0.2013939495622486
GSM7791000_ATCATTCCAGCAAGAC-1,untreated,bulk,-0.0654024360293434,0.008363542226047613,-0.06513146400437142
GSM7791000_ATCATTCGTAATCAAG-1,untreated,bulk,0.07495374740116179,0.01475380399442403,0.12447181198246232
GSM7791000_ATCATTCGTGTGGTCC-1,untreated,bulk,-0.056233005372304745,0.007757037220739827,-0.17884943411904916
GSM7791000_ATCATTCTCACAACCA-1,untreated,bulk,-0.13332898715185743,0.014980290456118716,-0.17847571669140194
GSM7791000_ATCCACCAGAGTGACC-1,untreated,bulk,-0.13853435107639855,0.008244252378232989,-0.16040965155063203
GSM7791000_ATCCACCAGGTCCGAA-1,untreated,bulk,-0.13790107727050782,0.019030828226644265,0.03321242258304678
GSM7791000_ATCCACCCAAAGGCGT-1,untreated,bulk,0.040293373229011664,0.009821663309401105,-0.09647217708091613
GSM7791000_ATCCACCCAACTGATC-1,untreated,bulk,-0.05875885607704284,0.011054217920301727,0.040033797111696794
GSM7791000_ATCCACCCACGCACCA-1,untreated,bulk,0.14335275195893787,0.006833881377524977,-0.07860619377906766
GSM7791000_ATCCACCCACTGCACG-1,untreated,bulk,0.011568176178705147,0.008181222911868485,-0.13766856269836003
GSM7791000_ATCCACCCAGTGTGCC-1,untreated,bulk,-0.10717941197137984,0.009266061059885719,-0.08544074957639194
GSM7791000_ATCCACCCATCCCACT-1,untreated,bulk,0.07712125959850491,0.005016071098966135,-0.1414966582474168
GSM7791000_ATCCACCGTACCCGCA-1,untreated,bulk,-0.029601048060825894,0.02233039922091879,0.5534178087419548
GSM7791000_ATCCACCGTCACCCTT-1,untreated,bulk,0.058268385538979145,0.007808796455737056,-0.23985338465301081
GSM7791000_ATCCACCGTCTAGATC-1,untreated,bulk,-0.016840894184415284,0.007321007919152947,-0.14930748863212517
GSM7791000_ATCCACCGTGTTATCG-1,untreated,bulk,-0.09547724042619977,0.024033044686865852,0.4919510626803497
GSM7791000_ATCCATTAGAACAGGA-1,untreated,bulk,0.06248218233623204,0.005897584486884209,-0.26033241594813394
GSM7791000_ATCCATTAGCCTGCCA-1,untreated,bulk,-0.17792609078543528,0.013846430464238441,0.029058054980183143
GSM7791000_ATCCATTAGGAAGAAC-1,untreated,bulk,-0.05614414215087891,0.0180330396025987,0.3579362324779193
GSM7791000_ATCCATTAGGTTCCAT-1,untreated,bulk,0.04088761344788566,0.010100488725526522,-0.05010879417639906
GSM7791000_ATCCATTAGTGGGAAA-1,untreated,bulk,-0.06385519330463711,0.012836388180942331,0.09651048259751911
GSM7791000_ATCCATTGTACTGTTG-1,untreated,bulk,-0.14403731535351466,0.027259543420836422,0.02820275091844377
GSM7791000_ATCCATTGTGCTGTCG-1,untreated,bulk,-0.1264929330916632,0.015088189737465597,-0.18396632372627186
GSM7791000_ATCCATTTCAGCCTCT-1,untreated,bulk,-0.04256307987939745,0.011572797913965536,-0.16268763359906643
GSM7791000_ATCCATTTCTGACGCG-1,untreated,bulk,-0.06009790723285979,0.016391565586606326,-0.0732746154333964
GSM7791000_ATCCCTGAGATCGACG-1,untreated,bulk,-0.0474646486554827,0.022179403907250633,0.5317508675059565
GSM7791000_ATCCCTGCAGAGTGAC-1,untreated,bulk,-0.1687797573256114,0.01067339066139823,-0.14493548762780153
GSM7791000_ATCCCTGCAGGGAGAG-1,untreated,bulk,-0.04547662893931072,0.014975697629843202,-0.05627103774682092
GSM7791000_ATCCCTGCATATTCGG-1,untreated,bulk,0.01972730053795707,0.012927517749406545,-0.026674310478554498
GSM7791000_ATCCCTGCATCGAGCC-1,untreated,bulk,-0.09257245063781738,0.006473446067236657,-0.10018718469121386
GSM7791000_ATCCCTGGTCCACTTC-1,untreated,bulk,-0.14673454205195108,0.009006147654384237,-0.07486807409140038
GSM7791000_ATCCCTGTCAACCCGG-1,untreated,bulk,-0.13853365504552445,0.015090706625574643,-0.23712391814004824
GSM7791000_ATCCCTGTCAGTCACA-1,untreated,bulk,-0.0005230152796185106,0.004537209957959459,-0.16332008794450997
GSM7791000_ATCCGTCAGGTTCATC-1,untreated,bulk,-0.020524311065673817,0.004600382203894374,-0.05473418415478643
GSM7791000_ATCCGTCCACGACAGA-1,untreated,bulk,-0.006308604195004397,0.008411297693339452,-0.20979216951891005
GSM7791000_ATCCGTCCAGTCACGC-1,untreated,bulk,0.05589222332787894,0.012852643898163306,-0.04971868834642929
GSM7791000_ATCCGTCCATGTCTAG-1,untreated,bulk,-0.05895790811568971,0.008977632396901549,0.04671419745177805
GSM7791000_ATCCGTCGTCCTTTGC-1,untreated,bulk,-0.0036672604273235987,0.008952023501945088,-0.025428555033086286
GSM7791000_ATCCGTCGTTGCATTG-1,untreated,bulk,-0.1526603480747768,0.01518679858494126,0.15059655013784254
GSM7791000_ATCCGTCTCGTCAACA-1,untreated,bulk,0.024021539233979705,0.007242619162455082,-0.08260484953532922
GSM7791000_ATCCGTCTCTCACTCG-1,untreated,bulk,-0.053883209304204066,0.007394101918666492,-0.20211650530144734
GSM7791000_ATCCTATGTCGCGTTG-1,untreated,bulk,-0.19029340524522087,0.008609118868526602,-0.143259726979869
GSM7791000_ATCCTATTCAATCTCT-1,untreated,bulk,-0.15701219592775617,0.009209234000327833,0.036236344146405065
GSM7791000_ATCGATGAGGTAGACC-1,untreated,bulk,0.06943482414124502,0.013325214541327532,0.08179635906800159
GSM7791000_ATCGATGCATAACAGA-1,untreated,bulk,-0.16770781354298667,0.006590730337436968,0.09857540049733256
GSM7791000_ATCGATGGTCTTCAAG-1,untreated,bulk,-0.08379566116938517,0.015297957475014487,0.008653385300387426
GSM7791000_ATCGATGTCCTCTGCA-1,untreated,bulk,-0.044181890487670905,0.011756187638590022,-0.04151344494126927
GSM7791000_ATCGATGTCGGAGCAA-1,untreated,bulk,-0.1614472192809695,0.009968657879906515,-0.13673777438230433
GSM7791000_ATCGATGTCTCACTCG-1,untreated,bulk,-0.07089549776107545,0.010624698782494509,-0.06457970620280394
GSM7791000_ATCGCCTAGAATTCAG-1,untreated,bulk,-0.03124214724888877,0.004959713458255785,-0.07526710235633603
GSM7791000_ATCGCCTGTACCAATC-1,untreated,bulk,-0.2335626220703125,0.005903290479427717,-0.17937181972722088
GSM7791000_ATCGCCTGTATTGCCA-1,untreated,bulk,-0.053609613691057476,0.02060448388915543,0.31866732194256286
GSM7791000_ATCGCCTGTCTTAGTG-1,untreated,bulk,-0.0707840291280595,0.011294837294464616,-0.0565367499643737
GSM7791000_ATCGGATCAACCAGAG-1,untreated,bulk,-0.053219086934649745,0.006601804757951294,-0.1703232431945864
GSM7791000_ATCGGATGTATGATCC-1,untreated,bulk,-0.10468494960239956,0.02037932805125337,0.20711668105019523
GSM7791000_ATCGGATGTGATGAAT-1,untreated,bulk,-0.05052427912515306,0.009176954915331324,-0.04387589499161547
GSM7791000_ATCGGATTCCCGTAAA-1,untreated,bulk,-0.16387575312266275,0.007703357081150721,-0.02239467830166824
GSM7791000_ATCGGATTCCGCCTAT-1,untreated,bulk,-0.0906075940813337,0.018670271971457524,0.21978923263887826
GSM7791000_ATCGGATTCCGGTAAT-1,untreated,bulk,-0.03886067784021771,0.008371086600302384,0.015565033238523684
GSM7791000_ATCGGATTCTCTCTTC-1,untreated,bulk,0.12957111812773203,0.013473061735668108,-0.08230356586292402
GSM7791000_ATCGGCGAGTTGCTCA-1,untreated,bulk,-0.10241444920736645,0.0062861878491825805,-0.19320948712639968
GSM7791000_ATCGGCGCAAGCACCC-1,untreated,bulk,-0.17751717052762467,0.004878812674114166,-0.2083301562753278
GSM7791000_ATCGGCGCATATCTCT-1,untreated,bulk,0.01394329820360457,0.009088019481710414,-0.15679740923324154
GSM7791000_ATCGGCGGTCCATAGT-1,untreated,bulk,-0.06586339004456052,0.009598872581644413,-0.14602917788645495
GSM7791000_ATCGTAGAGCTCGTGC-1,untreated,bulk,-0.050751476060776485,0.011383066222788583,-0.05917555112199946
GSM7791000_ATCGTAGAGGGATCGT-1,untreated,bulk,-0.07810007307264541,0.0063839258433615615,-0.10771746720508973
GSM7791000_ATCGTAGCAAGTTCCA-1,untreated,bulk,-0.14286187686617413,0.006367136154774691,-0.09960384653163433
GSM7791000_ATCGTAGGTATTGGCT-1,untreated,bulk,0.05600096097068183,0.011403335416481938,-0.08561107260483393
GSM7791000_ATCGTAGGTCTCTCAC-1,untreated,bulk,0.15177342929537335,0.007581229800341382,-0.18990276731670327
GSM7791000_ATCGTCCAGGCCTAAG-1,untreated,bulk,-0.16894035263667032,0.00618063292655537,-0.17763243782510238
GSM7791000_ATCGTCCAGGCTATCT-1,untreated,bulk,-0.12414830881451805,0.00875879574526109,0.09420046807950795
GSM7791000_ATCGTCCCAGACGATG-1,untreated,bulk,0.06169301577976771,0.006739791434998963,-0.11547482894841901
GSM7791000_ATCGTCCCAGGCACTC-1,untreated,bulk,0.0960128478398399,0.01235868168930439,-0.11947314448894937
GSM7791000_ATCGTCCGTAACTTCG-1,untreated,bulk,-0.06939089093889508,0.018604788700493285,0.3279872331366447
GSM7791000_ATCGTCCGTCTCCCTA-1,untreated,bulk,0.013011084662543415,0.007163334701683587,-0.08867250814494768
GSM7791000_ATCGTCCGTTGTACGT-1,untreated,bulk,-0.10795355039929588,0.009443396868867918,-0.025290555956505208
GSM7791000_ATCGTCCTCATTCGGA-1,untreated,bulk,-0.09036945343017579,0.019514673481825538,0.5555850810225533
GSM7791000_ATCGTGAAGCACACCC-1,untreated,bulk,-0.11474307094301497,0.011379338968726966,0.00031362684975712703
GSM7791000_ATCGTGAAGGACCCAA-1,untreated,bulk,-0.052635301862444195,0.02189674565322259,0.5568718111933623
GSM7791000_ATCGTGACAAGCCTGC-1,untreated,bulk,0.06566010747637069,0.008973575361794531,-0.06989765305348396
GSM7791000_ATCGTGAGTATCACCA-1,untreated,bulk,-0.054128074645996095,0.022902194095718746,0.509966411306377
GSM7791000_ATCGTGAGTTGGACCC-1,untreated,bulk,-0.07113315816909546,0.012547066552757545,-0.0001885442760151877
GSM7791000_ATCGTGATCTGCTAGA-1,untreated,bulk,-0.02465209257035028,0.012596909572301354,0.0664633859451222
GSM7791000_ATCTCTAAGGACAGTC-1,untreated,bulk,0.0047490496862502285,0.008292616235492965,-0.021785353724594714
GSM7791000_ATCTCTACACTCGATA-1,untreated,bulk,-0.17454850333077568,0.015222246513980405,-0.2081713496304501
GSM7791000_ATCTCTACATGGCGCT-1,untreated,bulk,-0.036703663477821974,0.00680342992209016,-0.1565090883808463
GSM7791000_ATCTCTAGTCGTCAGC-1,untreated,bulk,-0.06263309478759765,0.021240340038710896,0.23930243866952106
GSM7791000_ATCTCTAGTTGTGCAT-1,untreated,bulk,-0.2208624267578125,0.011185738156212738,-0.1382733314498801
GSM7791000_ATCTCTATCCATAAGC-1,untreated,bulk,0.09435907636369978,0.018409287243852938,0.10173893401732226
GSM7791000_ATCTTCAAGCGGTATG-1,untreated,bulk,-0.036135607938917846,0.012113716021816434,-0.0945797713207581
GSM7791000_ATCTTCAAGGATACGC-1,untreated,bulk,-0.12399118249378505,0.005534875257363111,-0.1045036734882581
GSM7791000_ATCTTCACACCTTCGT-1,untreated,bulk,-0.042542270781501884,0.011052833008373422,-0.16300152839547893
GSM7791000_ATCTTCACAGTTGTTG-1,untreated,bulk,-0.0479139654976981,0.02443041458131318,0.4270937031266141
GSM7791000_ATCTTCAGTATGACAA-1,untreated,bulk,-0.1286678387626769,0.005657179096292865,-0.16348166167578973
GSM7791000_ATCTTCAGTATGATCC-1,untreated,bulk,-0.10412569250379289,0.00858082316391455,-0.06702092250055386
GSM7791000_ATCTTCATCCATCTCG-1,untreated,bulk,0.06591362105475532,0.01409984754680968,0.018123931426888066
GSM7791000_ATCTTCATCGTCTAAG-1,untreated,bulk,0.06786161256214931,0.012407838762892899,-0.10446952377295475
GSM7791000_ATGAAAGCACTGTCGG-1,untreated,bulk,0.02855758682129872,0.02651932441155631,-0.002975568121220781
GSM7791000_ATGAAAGGTAAGCAAT-1,untreated,bulk,-0.07260106177557082,0.009961125014157867,-0.015182511006633285
GSM7791000_ATGAAAGGTTCTTAGG-1,untreated,bulk,-0.07570161266932413,0.009753775129364728,0.09180155992957065
GSM7791000_ATGAAAGGTTTAGAGA-1,untreated,bulk,-0.03412532836671861,0.008498626312015783,-0.20136948965113172
GSM7791000_ATGAAAGTCAATCCGA-1,untreated,bulk,0.13631280066475035,0.012923388881032671,-0.0053610127259897935
GSM7791000_ATGAAAGTCAGATGCT-1,untreated,bulk,-0.059027020590645934,0.009441529958611802,-0.02555094690998968
GSM7791000_ATGAAAGTCCGTGACG-1,untreated,bulk,0.08273776886955139,0.011330361380166005,-0.14403876070225766
GSM7791000_ATGACCACAAATAGCA-1,untreated,bulk,-0.07905963155958387,0.007239995463532402,-0.13820326438636205
GSM7791000_ATGACCAGTCGCGTTG-1,untreated,bulk,-0.0031566248999701785,0.009267312651524744,-0.0868234659103332
GSM7791000_ATGACCAGTGTTTACG-1,untreated,bulk,-0.11599462743789431,0.009915754935894713,0.009711042048865555
GSM7791000_ATGACCAGTTGTACGT-1,untreated,bulk,-0.052058785302298405,0.010452912405933426,-0.007635960747752156
GSM7791000_ATGACCATCTTTGGAG-1,untreated,bulk,-0.1649829279430329,0.0065778795155281,-0.13933223980620257
GSM7791000_ATGAGGGAGACCATTC-1,untreated,bulk,-0.11387863730627393,0.011001684829601366,-0.02694249112384224
GSM7791000_ATGAGGGAGACTACCT-1,untreated,bulk,-0.05630273682730541,0.012255991325418707,-0.038524710220800805
GSM7791000_ATGAGGGAGCGTTCCG-1,untreated,bulk,-0.11830352783203125,0.017535435484952788,0.13248081200641953
GSM7791000_ATGAGGGAGTAGACAT-1,untreated,bulk,-0.060548575416443845,0.01359662364841025,-0.1041701378039027
GSM7791000_ATGAGGGAGTAGCCAG-1,untreated,bulk,-0.16307342529296875,0.009733066796622544,-0.012932129974813425
GSM7791000_ATGAGGGGTAGGACTG-1,untreated,bulk,0.041507351890442856,0.011450117471302788,-0.08268151283193004
GSM7791000_ATGAGGGGTCTCGCGA-1,untreated,bulk,-0.05762674104599727,0.008756604746525789,-0.20410581487449625
GSM7791000_ATGAGTCCAACTACGT-1,untreated,bulk,-0.14749462475852362,0.002989627896729567,-0.09369279576509841
GSM7791000_ATGAGTCCAGTCGCTG-1,untreated,bulk,-0.10552201982528443,0.00925558904164062,-0.17553281872413096
GSM7791000_ATGAGTCCATCGCTGG-1,untreated,bulk,-0.036050115842667846,0.01327721347552082,0.13230784557221373
GSM7791000_ATGAGTCGTCATAAAG-1,untreated,bulk,-0.03336863926478795,0.01884709321842159,0.5705453971149909
GSM7791000_ATGAGTCGTGGCTTGC-1,untreated,bulk,-0.01992175389849951,0.008954155703065562,-0.07523282182171641
GSM7791000_ATGAGTCTCGTGAGAG-1,untreated,bulk,-0.21126185825892857,0.017740868001705008,0.023221183937380777
GSM7791000_ATGAGTCTCGTTCTGC-1,untreated,bulk,-0.09843244000086707,0.006538829565204987,-0.13939016866064313
GSM7791000_ATGATCGAGCATACTC-1,untreated,bulk,-0.04695796451871356,0.007620783905744718,-0.06709311264185717
GSM7791000_ATGATCGCAGACCGCT-1,untreated,bulk,-0.037607064398508194,0.00447183799072826,-0.15168045409105202
GSM7791000_ATGATCGGTCGCTGCA-1,untreated,bulk,-0.08131590570722308,0.010347838387861632,-0.07279515946777232
GSM7791000_ATGATCGTCTCATAGG-1,untreated,bulk,-0.04904567945571173,0.006992489886311472,-0.1374705088180274
GSM7791000_ATGCATGAGCTAAACA-1,untreated,bulk,-0.09006308922691952,0.011017612161425388,-0.00029379509065194566
GSM7791000_ATGCATGAGCTACTAC-1,untreated,bulk,-0.12070065608100286,0.01029327958064003,-0.12892321473969576
GSM7791000_ATGCATGCACCATTCC-1,untreated,bulk,0.189649317453778,0.00786588192114909,-0.07347277987149622
GSM7791000_ATGCATGCAGCGGTCT-1,untreated,bulk,-0.07393793257455977,0.008397269726977215,-0.06599969619465033
GSM7791000_ATGCATGGTGCAATGG-1,untreated,bulk,-0.03005607983422659,0.007795836496165297,-0.0505584640064395
GSM7791000_ATGCATGGTGGCTCTG-1,untreated,bulk,-0.0169722967299204,0.01871494791278207,-0.005804034658338202
GSM7791000_ATGCATGGTTTACCAG-1,untreated,bulk,-0.010098968990265383,0.007706686942079526,-0.01906371901805075
GSM7791000_ATGCATGTCTAGAGCT-1,untreated,bulk,-0.12231972614924112,0.009195683662787826,-0.19582373503486805
GSM7791000_ATGCCTCAGCCAAGGT-1,untreated,bulk,-0.18185092381068638,0.01103515302208252,0.038881588208620005
GSM7791000_ATGCCTCGTACGGGAT-1,untreated,bulk,0.05101659017895893,0.009461615890285349,-0.06857633531590461
GSM7791000_ATGCCTCTCCACTTTA-1,untreated,bulk,0.00892599317762588,0.009117626112126307,0.003426817651629122
GSM7791000_ATGCCTCTCTACCTTA-1,untreated,bulk,0.0910024225144159,0.0038959156413150542,-0.039559002874388856
GSM7791000_ATGCGATAGGCGTTAG-1,untreated,bulk,-0.10590936827281165,0.012334847782608235,-0.013420246755407194
GSM7791000_ATGCGATGTGTCTTAG-1,untreated,bulk,-0.08556567525106765,0.01056726429363091,-0.10752563990795794
GSM7791000_ATGCGATTCATCGCTC-1,untreated,bulk,-0.06730146521613711,0.007018099557841836,-0.11066156858087615
GSM7791000_ATGCGATTCCCTTTGG-1,untreated,bulk,-0.07443911961146762,0.009805790945770401,-0.06738450321427739
GSM7791000_ATGCGATTCTATCACT-1,untreated,bulk,-0.12797871059841578,0.013615014058069889,0.03549575245702495
GSM7791000_ATGGAGGCACAGTGTT-1,untreated,bulk,0.0030352133796328618,0.008826566541013594,-0.11778889580720117
GSM7791000_ATGGAGGCAGTCGGTC-1,untreated,bulk,-0.03443629658411421,0.008236466301779455,-0.22060793869695733
GSM7791000_ATGGAGGCATCGATGT-1,untreated,bulk,-0.11285652062249561,0.0062398811555003444,0.02837457455178468
GSM7791000_ATGGATCAGTGGGAAA-1,untreated,bulk,0.1300796685900007,0.005308576416134717,-0.2321190316417667
GSM7791000_ATGGATCCAACACAAA-1,untreated,bulk,-0.07378466908893885,0.0070331867582952255,-0.1546528290669116
GSM7791000_ATGGATCCAGGTTTAC-1,untreated,bulk,-0.012571622757684586,0.005966435151236014,-0.12134046748143336
GSM7791000_ATGGATCGTCAGTTTG-1,untreated,bulk,0.09154525136190744,0.006337746854812263,-0.20900129774665457
GSM7791000_ATGGATCGTCCCGCAA-1,untreated,bulk,-0.05291713714599611,0.007380258597556574,-0.06650515704488529
GSM7791000_ATGGATCGTCGTTCAA-1,untreated,bulk,0.0009935518295045853,0.009444426785537748,0.03813799932945226
GSM7791000_ATGGATCTCTGTCGTC-1,untreated,bulk,0.11225523252335806,0.008399988564757146,0.014596987616272757
GSM7791000_ATGGGAGCATGCCGGT-1,untreated,bulk,-0.06276882194337392,0.029451912420347833,-0.1741247202249562
GSM7791000_ATGGGAGGTAGGTACG-1,untreated,bulk,-0.08344163077218192,0.02528779516618126,0.2642278048081651
GSM7791000_ATGGGAGTCCAACTGA-1,untreated,bulk,0.11335415620652457,0.019643126160896033,0.15479752788569529
GSM7791000_ATGGGAGTCCTACACC-1,untreated,bulk,-0.0031814627420334585,0.015140917614359171,-0.06841837407420263
GSM7791000_ATGGGAGTCTTCTCAA-1,untreated,bulk,-0.07691701465182835,0.009375993547823357,-0.24069142970789714
GSM7791000_ATGGGTTCAATGTTGC-1,untreated,bulk,-0.1398865182059152,0.019739006286007894,0.36436770440097666
GSM7791000_ATGGGTTCACAGCGCT-1,untreated,bulk,0.042674664542788565,0.01943495119863258,0.1676879918098947
GSM7791000_ATGGGTTCAGGTCCGT-1,untreated,bulk,-0.12058038984026227,0.011594238653908247,-0.04489527335075358
GSM7791000_ATGGGTTGTAACGTTC-1,untreated,bulk,-0.030264557883853016,0.012927075541413018,-0.06432761726605483
GSM7791000_ATGGGTTGTGAGTGAC-1,untreated,bulk,-0.03491860480535597,0.010351326536292806,-0.15373975764507036
GSM7791000_ATGGGTTGTGCCTATA-1,untreated,bulk,-0.05092074772668265,0.008063483035315277,-0.241592054949696
GSM7791000_ATGGGTTGTGGTTTAC-1,untreated,bulk,0.13707166641477556,0.02234884522134581,0.4014669693010603
GSM7791000_ATGGGTTTCGAGTCTA-1,untreated,bulk,-0.013915093739827467,0.0032270050070803314,-0.10134776451523536
GSM7791000_ATGGTTGAGATGACAT-1,untreated,bulk,0.04699214541722857,0.018378489922865053,0.1927920048306089
GSM7791000_ATGGTTGAGTCTCTGA-1,untreated,bulk,-0.024802536737351194,0.009291215665954677,0.11634825153458943
GSM7791000_ATGGTTGCAACTTGCA-1,untreated,bulk,-0.09056974509405712,0.007968017341437348,-0.08198705447706546
GSM7791000_ATGGTTGTCAATGTCG-1,untreated,bulk,-0.18805535577592397,0.008137995683727332,-0.12314526599922472
GSM7791000_ATGTCCCCATGGTGGA-1,untreated,bulk,0.04721956646631634,0.007361717065642067,-0.15610720247888404
GSM7791000_ATGTCCCGTAGCGATG-1,untreated,bulk,-0.23651547553047303,0.005077800202655929,-0.05190215102915379
GSM7791000_ATGTCCCGTGCTGCAC-1,untreated,bulk,-0.12988186071789454,0.014278509288983915,-0.06859898478805476
GSM7791000_ATGTCCCGTTAACCTG-1,untreated,bulk,-0.10110010374160042,0.007282002469174794,-0.07761157455855414
GSM7791000_ATGTCCCTCACATACG-1,untreated,bulk,-0.1516160166074359,0.007246802265264981,0.022526487260567263
GSM7791000_ATGTCCCTCGTGCATA-1,untreated,bulk,0.04246989598349918,0.01330946963984801,-0.05378672042680438
GSM7791000_ATGTCCCTCTGCGATA-1,untreated,bulk,-0.09603217314160059,0.009988784848116472,-0.22181153538226855
GSM7791000_ATGTCTTCACAATTCG-1,untreated,bulk,0.1839240921111334,0.02079163379436034,0.5333423230464057
GSM7791000_ATGTCTTTCACAGTGT-1,untreated,bulk,-0.15477887550989788,0.009763655156072337,-0.07546033056507638
GSM7791000_ATTACCTAGGATACGC-1,untreated,bulk,0.2384376280648368,0.008553329747401285,-0.10877083512003899
GSM7791000_ATTACCTAGGTTCCGC-1,untreated,bulk,-0.052893191746303025,0.009056487686054944,-0.23360013533495216
GSM7791000_ATTACCTCAGACCCGT-1,untreated,bulk,-0.08967313032301644,0.017955715145359284,0.005985796591740562
GSM7791000_ATTACCTCATTGTACG-1,untreated,bulk,-0.10601526661524696,0.01226182171083042,-0.04078148268763622
GSM7791000_ATTACCTGTTGCTCCT-1,untreated,bulk,-0.027969882374718064,0.03329823820606106,-0.1951611682282599
GSM7791000_ATTACCTGTTTGGAGG-1,untreated,bulk,-0.10547679893554204,0.010909246743334043,-0.07048638503253905
GSM7791000_ATTACTCAGTACCCTA-1,untreated,bulk,-0.13751658500186983,0.0064557931221664675,-0.1533606451998057
GSM7791000_ATTACTCAGTTACGTC-1,untreated,bulk,-0.17124098278227307,0.005640606060647356,-0.07391749747057628
GSM7791000_ATTACTCCACCTATCC-1,untreated,bulk,-0.2650262669154576,0.011665373833932645,-0.07940985845136118
GSM7791000_ATTACTCCAGAACTCT-1,untreated,bulk,-0.20158782090459554,0.010383373125360505,0.047734835639431324
GSM7791000_ATTACTCGTGGATACG-1,untreated,bulk,-0.09920637857346308,0.008118121437548162,-0.1398660153407242
GSM7791000_ATTACTCGTGGATCAG-1,untreated,bulk,0.036426156210520894,0.00763728504747833,-0.05191911184662266
GSM7791000_ATTACTCTCCTGTTAT-1,untreated,bulk,-0.22540393870974343,0.009473224944797066,-0.041880229546177615
GSM7791000_ATTATCCAGTGCCGAA-1,untreated,bulk,0.032701788705492785,0.005738337715051114,-0.10740788053768074
GSM7791000_ATTATCCCAATCCTTT-1,untreated,bulk,-0.03485931457035127,0.009803353786744613,-0.12039913604699704
GSM7791000_ATTATCCGTGAACTAA-1,untreated,bulk,-0.13424360774812244,0.00653721185421294,-0.1618719512831551
GSM7791000_ATTATCCGTTGTGGAG-1,untreated,bulk,0.11926554180326916,0.01517436351195946,0.13571027703390626
GSM7791000_ATTATCCTCATGGAGG-1,untreated,bulk,0.046511638580806675,0.010560793662987763,-0.1902608841021514
GSM7791000_ATTCACTAGCAGTAAT-1,untreated,bulk,-0.007309422341604088,0.010125242889592915,-0.12846603387712752
GSM7791000_ATTCACTCATCTGGGC-1,untreated,bulk,0.056833789310758054,0.010309594649021056,0.08816431527412374
GSM7791000_ATTCACTGTATAGCTC-1,untreated,bulk,-0.14933106944674535,0.008079343505581739,-0.22267611811384055
GSM7791000_ATTCACTTCCGTGGCA-1,untreated,bulk,-0.06766116437457856,0.009088347973393873,-0.15072137293553342
GSM7791000_ATTCACTTCTCATAGG-1,untreated,bulk,-0.2618782479422433,0.012533905542778084,-0.08681861090345948
GSM7791000_ATTCAGGAGGAGCTGT-1,untreated,bulk,0.053198039493863536,0.009242897191549583,0.04863175299118092
GSM7791000_ATTCAGGCAGCGGATA-1,untreated,bulk,-0.026397241864885596,0.00915462736800075,0.10458447735117718
GSM7791000_ATTCAGGGTCCCTGAG-1,untreated,bulk,-0.04375718487633598,0.011504059586176524,0.047543208435419614
GSM7791000_ATTCATCAGACGAAGA-1,untreated,bulk,-0.1947705078125,0.00964265755763369,-0.038138398790824396
GSM7791000_ATTCATCAGATCACTC-1,untreated,bulk,-0.15439621963198225,0.008536232149925854,-0.019194651698550287
GSM7791000_ATTCATCAGATGAACT-1,untreated,bulk,-0.005959590427459249,0.00916083757542077,-0.06264699466290037
GSM7791000_ATTCATCAGGGCCAAT-1,untreated,bulk,-0.17729937962123327,0.01175383695041326,-0.11024196347791225
GSM7791000_ATTCATCAGTCGCGAA-1,untreated,bulk,-0.05529996962774367,0.011244020417752423,-0.02679913062923605
GSM7791000_ATTCATCAGTCTCTGA-1,untreated,bulk,-0.06868770054408482,0.01941022211866044,0.417977798815269
GSM7791000_ATTCATCAGTGGACGT-1,untreated,bulk,-0.08565789850931316,0.004933721939899063,-0.00760012565516928
GSM7791000_ATTCATCCAAATTGGA-1,untreated,bulk,-0.04560389927455357,0.023584740828539192,0.4997682775689947
GSM7791000_ATTCATCTCCGTATAG-1,untreated,bulk,-0.02617352198040676,0.004420205243793833,-0.15616166906589987
GSM7791000_ATTCCATAGGCTCACC-1,untreated,bulk,-0.03659596988133021,0.015682195534762272,0.06316749988535855
GSM7791000_ATTCCATCAAGAATAC-1,untreated,bulk,-0.06520177023751395,0.0237170158203879,0.4857087891478367
GSM7791000_ATTCCATGTAGGACTG-1,untreated,bulk,-0.12753332902514744,0.007171674438162544,-0.10983413383377619
GSM7791000_ATTCCCGCAATAAGGT-1,untreated,bulk,-0.017222560549539245,0.01383129275660023,-0.13742177342029385
GSM7791000_ATTCCCGCAGGAACCA-1,untreated,bulk,-0.13709967476981028,0.014648092976674638,0.11510548107387666
GSM7791000_ATTCCCGGTCGGTGTC-1,untreated,bulk,-0.05934888635362898,0.020911790343765585,0.17851778017795722
GSM7791000_ATTCCCGGTGGCCCAT-1,untreated,bulk,-0.13469478803967674,0.011966298812637789,-0.041212941197105835
GSM7791000_ATTCCCGTCCGCAGTG-1,untreated,bulk,0.017037722421070878,0.01370486738435082,-0.2219180095907004
GSM7791000_ATTCCCGTCTCTGCCA-1,untreated,bulk,0.01803458683074466,0.008935366382570463,-0.1773725432120726
GSM7791000_ATTCCTAAGACCTCAT-1,untreated,bulk,-0.062477401173304,0.01013558132389301,-0.09011662532362708
GSM7791000_ATTCCTACAGTTGCGC-1,untreated,bulk,0.1583077185494559,0.009230063207117762,0.018406537934024605
GSM7791000_ATTCCTATCAGGAACG-1,untreated,bulk,0.03967133461482944,0.010231158335554323,-0.09608159366486088
GSM7791000_ATTCGTTAGCATAGGC-1,untreated,bulk,-0.11165570940290179,0.020892023634231253,0.39503994280768523
GSM7791000_ATTCGTTAGGGAGATA-1,untreated,bulk,-0.16947963169642857,0.010517906329018278,-0.24011733002616398
GSM7791000_ATTCGTTTCCATTGTT-1,untreated,bulk,-0.05541371633136083,0.015229711685471926,0.026160734327802835
GSM7791000_ATTCGTTTCGTGGCTG-1,untreated,bulk,-0.08233707844264923,0.014782860215296094,-0.052256890524877496
GSM7791000_ATTCTACAGGGCAGAG-1,untreated,bulk,-0.08009161782643152,0.013488701423711034,-0.10518150129967224
GSM7791000_ATTCTACCAGAATTCC-1,untreated,bulk,-0.08362186590830485,0.010612261033009137,0.015337122635477037
GSM7791000_ATTCTACCATTAGGCT-1,untreated,bulk,-0.08161665333641899,0.0061527790775469165,-0.039585651897678015
GSM7791000_ATTCTACGTACCGTCG-1,untreated,bulk,0.10984168249463275,0.010341694802227302,-0.09903840447077977
GSM7791000_ATTCTACTCATCACAG-1,untreated,bulk,-0.15104286307380313,0.00534839115206402,-0.01151820682733206
GSM7791000_ATTCTTGAGGAGTCTG-1,untreated,bulk,0.026213210877918086,0.00983573150574809,-0.03742230483109183
GSM7791000_ATTCTTGAGGCCGCTT-1,untreated,bulk,-0.054334997146848654,0.013228961612527916,-0.040055341871659
GSM7791000_ATTCTTGAGGCTCCCA-1,untreated,bulk,0.08019229192582389,0.012855448385440333,-0.09815692015943238
GSM7791000_ATTCTTGGTCGTACAT-1,untreated,bulk,-0.10330628622145879,0.018574436481596065,-0.022052206308740774
GSM7791000_ATTGGGTAGAGGTTAT-1,untreated,bulk,0.03336076615348693,0.007221856635820542,-0.023246779859742883
GSM7791000_ATTGGGTAGAGTGACC-1,untreated,bulk,0.008883110606481143,0.0124024413838855,-0.12925097863647042
GSM7791000_ATTGGGTAGCAGCACA-1,untreated,bulk,-0.025022832136305545,0.013272841305359464,0.1600967414239536
GSM7791000_ATTGGGTCAGCCATTA-1,untreated,bulk,-0.143440431867327,0.015045952489407415,0.084883035967721
GSM7791000_ATTGGGTGTGGCGCTT-1,untreated,bulk,-0.014074824651082368,0.01070393083757561,-0.1285848643795207
GSM7791000_ATTGTTCCATCAGTCA-1,untreated,bulk,-0.016561897671411918,0.008378486946568888,-0.09824279001344699
GSM7791000_ATTGTTCGTCGTCGGT-1,untreated,bulk,-0.11933055067819262,0.009572374681678765,-0.059045042238534955
GSM7791000_ATTGTTCGTGCAACAG-1,untreated,bulk,-0.06113736833844866,0.017862254240457356,0.4752463098077816
GSM7791000_ATTGTTCTCAAGCGTT-1,untreated,bulk,-0.14278878348214286,0.018596257552271286,0.14773354176536152
GSM7791000_ATTTACCAGGACAGTC-1,untreated,bulk,-0.0785517438252767,0.014401078495228299,-0.06225465702458154
GSM7791000_ATTTACCAGTTTGAGA-1,untreated,bulk,0.0995578581189352,0.00822921074458537,-0.1226064943763402
GSM7791000_ATTTACCCAAGCCTGC-1,untreated,bulk,-0.08044540496099564,0.008214303112480921,-0.01491051637999301
GSM7791000_ATTTACCCAGCACACC-1,untreated,bulk,0.083390631297278,0.009654950016149072,-0.07658453836964685
GSM7791000_ATTTACCGTATCGCAT-1,untreated,bulk,0.09410742366124714,0.012642527593162688,-0.13228566788170482
GSM7791000_ATTTACCGTGATGAAT-1,untreated,bulk,-0.09408123799732754,0.011688495495744385,-0.02079713356124984
GSM7791000_ATTTACCGTTGAGGAC-1,untreated,bulk,-0.13448740293109226,0.012830889104159833,0.007283247921389135
GSM7791000_ATTTACCTCATTACGG-1,untreated,bulk,0.018525985838874937,0.00604891874830433,-0.016393601019265805
GSM7791000_ATTTACCTCCCTTTGG-1,untreated,bulk,-0.17634640284946987,0.012185789617610411,0.1439457327429936
GSM7791000_ATTTACCTCGAGAGCA-1,untreated,bulk,-0.10621922292406598,0.009286540322623273,0.042447259370699646
GSM7791000_ATTTCACAGCATGATA-1,untreated,bulk,-0.2515197312074995,0.008315717818379021,-0.14183221759238174
GSM7791000_ATTTCACAGCTTTCCC-1,untreated,bulk,-0.11952801227569582,0.009962654685023282,0.01338878465673344
GSM7791000_ATTTCACAGGACAGCT-1,untreated,bulk,-0.07090576573023721,0.013817904287341141,-0.03903639703687516
GSM7791000_ATTTCACAGGTTCAGG-1,untreated,bulk,-0.05906428586869014,0.0120014586000025,-0.014043388452141436
GSM7791000_ATTTCACCAATTTCCT-1,untreated,bulk,-0.20388573782784597,0.009789599358780092,-0.13929863812194956
GSM7791000_ATTTCACCATCCTCAC-1,untreated,bulk,-0.21560963221958707,0.013174614087318003,-0.012824917101643046
GSM7791000_ATTTCACGTAACAGTA-1,untreated,bulk,0.03372993787129719,0.005124818469072329,-0.18970575925359232
GSM7791000_ATTTCACGTAGTCGGA-1,untreated,bulk,-0.07753621267893958,0.012793514739729075,-0.10508476578937845
GSM7791000_ATTTCACGTGAATATG-1,untreated,bulk,-0.01281376793271019,0.006283438370051589,-0.13072706109568547
GSM7791000_ATTTCACGTTCAGCTA-1,untreated,bulk,0.15388774357144794,0.01575671916267542,0.17235537820441135
GSM7791000_ATTTCACTCTAGGCCG-1,untreated,bulk,-0.009711518514723988,0.00902022946008086,-0.1512497406041508
GSM7791000_ATTTCTGAGACAGCGT-1,untreated,bulk,-0.10061767010461715,0.008554549742824677,0.048301528351159466
GSM7791000_ATTTCTGAGCGGGTAT-1,untreated,bulk,-0.21271559431439357,0.00912629620565264,-0.13225802678549298
GSM7791000_ATTTCTGCAGATTTCG-1,untreated,bulk,0.24329858280363537,0.0240687068163852,0.39310477407794586
GSM7791000_ATTTCTGCAGTATGAA-1,untreated,bulk,0.015592414613754019,0.008997992848336916,-0.14878829927406068
GSM7791000_ATTTCTGCATGAATAG-1,untreated,bulk,-0.16302534004998587,0.005110020988469975,-0.12848292050826363
GSM7791000_ATTTCTGGTACTCAAC-1,untreated,bulk,0.005865758260091142,0.004435318734913253,-0.15119504057848848
GSM7791000_ATTTCTGTCACTACTT-1,untreated,bulk,-0.20805302211216517,0.013534547684674688,-0.11554144826454214
GSM7791000_ATTTCTGTCACTGAAC-1,untreated,bulk,0.03598321944948227,0.00664986008070742,-0.20528461758926989
GSM7791000_CAAAGAAAGTGAGGTC-1,untreated,bulk,-0.1055198305372208,0.005737880089389528,0.027246611627627555
GSM7791000_CAAAGAACAAGGTTGG-1,untreated,bulk,-0.16821425517400107,0.008731574796675114,-0.12122831113570497
GSM7791000_CAAAGAACACAGTATC-1,untreated,bulk,-0.00344456263950893,0.007135693209406612,-0.21381919095133636
GSM7791000_CAAAGAATCTTACCGC-1,untreated,bulk,-0.05015358629680816,0.008619651897715668,-0.042943205266943875
GSM7791000_CAACAACAGCATATGA-1,untreated,bulk,-0.09499667924547953,0.00762394167598629,-0.09288991605843552
GSM7791000_CAACAACGTCCTACGG-1,untreated,bulk,-0.17592784847532,0.013467466372900895,-0.06170730661463007
GSM7791000_CAACAACTCCAAGCTA-1,untreated,bulk,0.15359492029462543,0.0075471387905776816,-0.09999750143871264
GSM7791000_CAACAGTCAAGGCGTA-1,untreated,bulk,-0.08043996909308054,0.006908484739112648,-0.2636439460325883
GSM7791000_CAACAGTGTAACGATA-1,untreated,bulk,-0.1029787568440513,0.012614245959719463,-0.16023437712691332
GSM7791000_CAACAGTGTAGGTACG-1,untreated,bulk,-0.0366941962166438,0.008573399893747316,-0.13188689356312863
GSM7791000_CAACAGTTCCGGCAGT-1,untreated,bulk,-0.05415903757488916,0.005886030603300419,-0.11698350413969791
GSM7791000_CAACAGTTCTAACGGT-1,untreated,bulk,0.0827064433930412,0.008897478146962,-0.09448833258832677
GSM7791000_CAACCAAAGCCTCTCT-1,untreated,bulk,-0.11729246956961495,0.022969625731176214,0.2838817612383285
GSM7791000_CAACCAAAGGTACAGC-1,untreated,bulk,-0.14633568934031896,0.011878982132708818,0.07574354044618838
GSM7791000_CAACCAAGTAACAAGT-1,untreated,bulk,0.07776650898040285,0.009823775600692896,-0.17015191288621362
GSM7791000_CAACCAAGTCCTACGG-1,untreated,bulk,-0.10313063485281808,0.01571528889880374,0.26225927460512016
GSM7791000_CAACCAAGTTCACCGG-1,untreated,bulk,-0.10376789229256767,0.00818026035951074,0.012464416378541366
GSM7791000_CAACCTCAGGCACTAG-1,untreated,bulk,-0.005809046578785726,0.008353818802444936,-0.12028907768149466
GSM7791000_CAACCTCCAAGTGGGT-1,untreated,bulk,-0.128830590437329,0.011481313899535175,0.07677275261559603
GSM7791000_CAACCTCGTATGTGTC-1,untreated,bulk,-0.031455931512136326,0.011100380994337286,0.007391202622154351
GSM7791000_CAACCTCGTATTGAGA-1,untreated,bulk,-0.08847454275403704,0.011450733367349005,-0.10500567040216037
GSM7791000_CAACCTCGTCCACACG-1,untreated,bulk,-0.09957820339808388,0.010252693554349627,-0.1648246960856734
GSM7791000_CAACCTCGTGAATGAT-1,untreated,bulk,-0.0045971783002217576,0.013980649299762093,0.043268103155271374
GSM7791000_CAACCTCTCAGCTAGT-1,untreated,bulk,-0.1251726717040652,0.03394730780677179,-0.05755029745684233
GSM7791000_CAACCTCTCATCAGTG-1,untreated,bulk,-0.13748558604528033,0.01063873017127837,0.050597594159096454
GSM7791000_CAACCTCTCCTCTAAT-1,untreated,bulk,-0.08523865291050502,0.020753772140325998,0.3277314562786176
GSM7791000_CAACCTCTCGCATTAG-1,untreated,bulk,0.07490554022410556,0.008488069737619638,-0.030424548083264048
GSM7791000_CAACCTCTCGCTTGAA-1,untreated,bulk,-0.21059499036698115,0.0067812393369443185,0.060045846787879505
GSM7791000_CAACGATAGATCCCGC-1,untreated,bulk,-0.17815604841898358,0.021818332920875892,-0.06562679453593731
GSM7791000_CAACGATGTGCCGGTT-1,untreated,bulk,-0.004081877753848134,0.006930182827229619,-0.14306926636387
GSM7791000_CAACGATGTGTCTTAG-1,untreated,bulk,0.015445644136459102,0.010373086281377487,-0.07318394679679414
GSM7791000_CAACGATGTTCCGGTG-1,untreated,bulk,-0.00259503879244366,0.005042021263131431,-0.018307207577530522
GSM7791000_CAACGATTCTGTCGCT-1,untreated,bulk,-0.0201027945109776,0.008593224244436749,-0.12297141818868819
GSM7791000_CAACGGCAGGAGACCT-1,untreated,bulk,-0.033047608345273954,0.013595561576796816,0.08665969808241698
GSM7791000_CAACGGCAGTAACGTA-1,untreated,bulk,-0.01986664090837751,0.022725041688734602,0.5936476863932757
GSM7791000_CAACGGCAGTTGTACC-1,untreated,bulk,-0.03195352138034882,0.018563127119607656,0.2536562925549753
GSM7791000_CAACGGCCAAGGTACG-1,untreated,bulk,0.011788592452094668,0.016573088860622524,0.17892776375010186
GSM7791000_CAACGGCCAAGTTTGC-1,untreated,bulk,-0.056591388914320195,0.006172811970375046,-0.05468623955246612
GSM7791000_CAACGGCCATCTGCGG-1,untreated,bulk,-0.11842229570661272,0.016247440264507414,0.042066513744032974
GSM7791000_CAACGGCGTAGACGTG-1,untreated,bulk,-0.1368035840988159,0.00658995254645971,-0.10995743708549392
GSM7791000_CAACGGCGTAGGTGCA-1,untreated,bulk,0.014039759711613725,0.007403065479318881,0.022038163946644252
GSM7791000_CAACGGCGTCGCGTTG-1,untreated,bulk,-0.07613943311903212,0.012594952566121472,-0.05301691864314402
GSM7791000_CAAGACTAGAAGCCAC-1,untreated,bulk,-0.15591000148228237,0.01650473559565058,0.09733629871317957
GSM7791000_CAAGACTAGCCTTTGA-1,untreated,bulk,-0.008189627783639075,0.01329739684581513,0.008824028999871964
GSM7791000_CAAGACTCAGCCTTCT-1,untreated,bulk,0.03624891084337992,0.036579406311651026,0.06072488104792981
GSM7791000_CAAGACTCAGGTTCGC-1,untreated,bulk,0.10309534209115162,0.0034689610241640596,-0.11273986781353694
GSM7791000_CAAGACTGTGACTAAA-1,untreated,bulk,-0.02448474134717668,0.00892635922189513,-0.09221205638763882
GSM7791000_CAAGACTTCACACCGG-1,untreated,bulk,-0.049212806186978764,0.006261020836542765,-0.10411082882641867
GSM7791000_CAAGAGGAGCAATAGT-1,untreated,bulk,-0.10111525399344308,0.015622177971919579,0.10384364584490528
GSM7791000_CAAGAGGAGCCGTTAT-1,untreated,bulk,0.05590453473348467,0.010967942522402267,-0.0286168731576226
GSM7791000_CAAGAGGCAAATGCTC-1,untreated,bulk,-0.07258766719273159,0.02220260513153886,0.4068123687561931
GSM7791000_CAAGAGGCAGCTTCCT-1,untreated,bulk,-0.07168188912527902,0.026101159031277226,0.42646954317745017
GSM7791000_CAAGAGGTCCGTATAG-1,untreated,bulk,-0.07634808873373364,0.008123352385510502,-0.06238480346894196
GSM7791000_CAAGCTAAGTAAGCAT-1,untreated,bulk,-0.041618148258754185,0.019712225170857134,0.32077444225879076
GSM7791000_CAAGCTACAAGTACCT-1,untreated,bulk,-0.09630342755998884,0.02242075379293973,0.34650473868960346
GSM7791000_CAAGGGAAGAGAGAAC-1,untreated,bulk,-0.022486889702933166,0.01074531015866877,-0.19381544035390824
GSM7791000_CAAGGGAAGGGCCCTT-1,untreated,bulk,-0.08480335848672049,0.009748635426568883,-0.18896714561023942
GSM7791000_CAAGGGACACGACGTC-1,untreated,bulk,-0.1044023528931633,0.006446711657329224,-0.07646484076316301
GSM7791000_CAAGGGAGTACGCTTA-1,untreated,bulk,-0.0956903135965741,0.013388031926140317,0.03684950326201304
GSM7791000_CAAGGGAGTGTCATGT-1,untreated,bulk,-0.17481000627790177,0.014017825877489242,0.0029302887924456283
GSM7791000_CAAGGGATCAGACCGC-1,untreated,bulk,0.09166913183908612,0.004340299231738059,-0.1385152900826041
GSM7791000_CAAGGGATCCCAATAG-1,untreated,bulk,0.10855728618682377,0.01825150496962442,0.47901028395239204
GSM7791000_CAATACGAGAGGGTCT-1,untreated,bulk,-0.10131978084170629,0.012478227417379723,0.05560639052163764
GSM7791000_CAATACGAGCTGTTCA-1,untreated,bulk,-0.07374070735204785,0.009177676900580169,-0.09343968169512017
GSM7791000_CAATACGCAGCGACCT-1,untreated,bulk,-0.06066355145166791,0.008286732147364096,-0.08425345931156321
GSM7791000_CAATACGCAGTTAAAG-1,untreated,bulk,-0.11990627833775111,0.03780613119261919,-0.025584196206887844
GSM7791000_CAATACGGTCGACTTA-1,untreated,bulk,-0.05241993900329349,0.018897128098129667,0.036559012593375316
GSM7791000_CAATACGTCCAGTTCC-1,untreated,bulk,0.07913962288508336,0.013514265334101813,-0.010528818204814959
GSM7791000_CAATACGTCGTAGGAG-1,untreated,bulk,-0.1364725317273821,0.013236019050613102,-0.08620983015340669
GSM7791000_CAATACGTCTCGTTTA-1,untreated,bulk,-0.1241152270634969,0.010434913565033767,-0.1275783573907694
GSM7791000_CAATCGAAGTAAGAGG-1,untreated,bulk,-0.08278065885816302,0.008080268415958975,-0.07603693535547469
GSM7791000_CAATCGAAGTGCCTCG-1,untreated,bulk,0.0771447728172181,0.013590854093204279,-0.06194438003725365
GSM7791000_CAATCGACACGAAAGC-1,untreated,bulk,-0.07320372929648747,0.0073237340434464645,-0.16568640153417688
GSM7791000_CAATCGACAGCAGTCC-1,untreated,bulk,0.05281052877032566,0.009849593441512374,-0.11134041612233331
GSM7791000_CAATCGACAGTCGCTG-1,untreated,bulk,-0.055992507934570314,0.020578254671565478,0.3923442781301129
GSM7791000_CAATCGAGTACAAGTA-1,untreated,bulk,-0.0823989268711635,0.018018297330455332,0.4075980383336094
GSM7791000_CAATCGAGTATGGTTC-1,untreated,bulk,0.0012279007926819796,0.012177028051724215,-0.066162594400858
GSM7791000_CAATCGAGTCGTATTG-1,untreated,bulk,-0.013951357584151003,0.015614631470693727,0.04528724443155373
GSM7791000_CAATCGAGTCTGTCCT-1,untreated,bulk,0.1153841555307782,0.01339075388567536,0.058181753321062485
GSM7791000_CAATGACAGATCCAAA-1,untreated,bulk,-0.23550203512585355,0.010171972594495204,-0.11519809532053446
GSM7791000_CAATGACAGGAACATT-1,untreated,bulk,-0.04608692865523081,0.006484036110679984,-0.09917787745757754
GSM7791000_CAATGACAGTACTGGG-1,untreated,bulk,0.09384444539509121,0.008209156103440432,-0.060962636039842096
GSM7791000_CAATGACAGTCAAGCG-1,untreated,bulk,0.12661857620118155,0.007749796370571351,-0.05657528121503704
GSM7791000_CAATGACCAAGTTCCA-1,untreated,bulk,-0.08634942115299285,0.010504767349957566,-0.16718007206101684
GSM7791000_CAATGACCATCCAATG-1,untreated,bulk,-0.019151545933314734,0.020272466737646086,0.5288027133844617
GSM7791000_CAATGACGTCGCGGTT-1,untreated,bulk,-0.11691624032126534,0.010457432326777198,-0.0835060788346842
GSM7791000_CAATGACGTTCCAGGC-1,untreated,bulk,-0.1086602450930883,0.012242429833713408,-0.05556640229466336
GSM7791000_CAATGACTCTGGGCGT-1,untreated,bulk,-0.03546555700756254,0.009174551040243794,-0.1743899601723571
GSM7791000_CAATTTCCAACAAGAT-1,untreated,bulk,-0.14802512388380745,0.012605693621872253,-0.10510827151480137
GSM7791000_CAATTTCGTAAGTTGA-1,untreated,bulk,0.024987869262695306,0.005127439904467893,-0.1358612819253202
GSM7791000_CAATTTCGTGAATATG-1,untreated,bulk,-0.01445117814200264,0.005538066786896719,-0.04346816015335901
GSM7791000_CAATTTCGTTAGCTAC-1,untreated,bulk,-0.17443753923688615,0.014794933633649083,0.020220239141204414
GSM7791000_CACAACAAGGCCTAGA-1,untreated,bulk,-0.028040409088134766,0.018365392400186312,0.3887991765991665
GSM7791000_CACAACACAACTTGCA-1,untreated,bulk,-0.13891770904026335,0.008715437931893891,0.03905096382710103
GSM7791000_CACAACAGTAAGATAC-1,untreated,bulk,-0.16879684323356264,0.009418537224875696,-0.08659502929985978
GSM7791000_CACAACAGTCCACATA-1,untreated,bulk,-0.11368578691331169,0.009247403131308096,-0.15424100367120405
GSM7791000_CACAACAGTTCTTCAT-1,untreated,bulk,-0.03576624461582729,0.016731320976624817,0.3657372849949387
GSM7791000_CACAACATCCATTGTT-1,untreated,bulk,0.04692632387554835,0.023512288701887547,0.4024605285443102
GSM7791000_CACACAAAGCATTTCG-1,untreated,bulk,-0.04291550363813129,0.010323213785577247,-0.2787014191470707
GSM7791000_CACACAAGTCTGGTTA-1,untreated,bulk,-0.11617168963901581,0.011705752335875648,-0.13988001893981353
GSM7791000_CACACAAGTCTTGAAC-1,untreated,bulk,-0.07617384229387555,0.021680786541466313,0.34145387450959985
GSM7791000_CACACAAGTTAGGAGC-1,untreated,bulk,-0.14490789984899854,0.013666419218295237,-0.09442116338614309
GSM7791000_CACACAAGTTGTCATG-1,untreated,bulk,-0.03940935044061572,0.010978743659821764,-0.11058842090453959
GSM7791000_CACACAATCAAGTCTG-1,untreated,bulk,-0.009153754370553152,0.018155533759271553,0.49556345400214025
GSM7791000_CACACAATCACGACTA-1,untreated,bulk,0.030344466254824676,0.008062676890843366,-0.17801572750066547
GSM7791000_CACAGATAGCGAGTAC-1,untreated,bulk,0.16878373161194815,0.005861669100119588,-0.1244410928763347
GSM7791000_CACAGATCAAACTCGT-1,untreated,bulk,-0.09432492611900209,0.008959451359872986,-0.10471228253383219
GSM7791000_CACAGATCATGCCGCA-1,untreated,bulk,-0.09954147785428971,0.010170083246329424,-0.18091168387895437
GSM7791000_CACAGATGTCGCGTCA-1,untreated,bulk,-0.15024449223563785,0.010320992559660267,-0.0715133736951678
GSM7791000_CACAGATTCCCTTTGG-1,untreated,bulk,-0.03527026903061642,0.007903400682044225,-0.07797756720464229
GSM7791000_CACAGATTCGGTAGGA-1,untreated,bulk,-0.10350263883197117,0.006129718791572748,-0.19630862144889014
GSM7791000_CACAGGCAGCCGGATA-1,untreated,bulk,-0.0965681198665074,0.01471199893350267,-0.008555725653095638
GSM7791000_CACAGGCAGGTATTGA-1,untreated,bulk,-0.08314656696622333,0.004961894091875099,-0.17283731833423752
GSM7791000_CACAGGCCAGTCCCGA-1,untreated,bulk,-0.03102109636579241,0.023394053705879724,0.659478884079163
GSM7791000_CACAGGCTCTAAGAAG-1,untreated,bulk,-0.0002353006695944293,0.011506645090381237,-0.05590737832744072
GSM7791000_CACATGAAGCTCGCAC-1,untreated,bulk,-0.03117636953081404,0.014674556312280004,0.02522634692388456
GSM7791000_CACATGAAGTATTAGG-1,untreated,bulk,-0.10215143029651945,0.011281927532867716,-0.16820910975261247
GSM7791000_CACATGAAGTCTTCGA-1,untreated,bulk,-0.08194787706647601,0.02442240589291586,0.43628958661627076
GSM7791000_CACATGACACAGTGTT-1,untreated,bulk,-0.035426878512851784,0.013188842955480543,0.014675862885349673
GSM7791000_CACATGAGTGCAATAA-1,untreated,bulk,0.19599401867578903,0.012500223555093283,-0.138633968205648
GSM7791000_CACATGATCGCAGAGA-1,untreated,bulk,-0.14510512215750557,0.016833128368508567,0.031069713365301774
GSM7791000_CACCAAAAGCCTAGGA-1,untreated,bulk,-0.054658714703151146,0.011350165826721484,-0.03928198695395487
GSM7791000_CACCAAACAAAGAGTT-1,untreated,bulk,-0.05243403676956421,0.005120185876964142,-0.1164136460936611
GSM7791000_CACCAAACACCTCTGT-1,untreated,bulk,0.0378624972086104,0.007570347484536324,-0.15734198972277838
GSM7791000_CACCAAACAGGTGAGT-1,untreated,bulk,-0.17506028977651444,0.009537324632625707,0.030346096924033773
GSM7791000_CACCAAAGTGCAGATG-1,untreated,bulk,-0.10583408703879707,0.002769273727556632,-0.08080291780794494
GSM7791000_CACCAAATCCTCTTTC-1,untreated,bulk,-0.061781305585588725,0.02044996469569561,0.26459670689940573
GSM7791000_CACCGTTAGATGGCAC-1,untreated,bulk,0.058929809085906476,0.008739219651671582,-0.20865866069505273
GSM7791000_CACCGTTAGTCATGGG-1,untreated,bulk,0.07528439158485048,0.013452295759679326,-0.03484393352315284
GSM7791000_CACCGTTCAACTGGTT-1,untreated,bulk,-0.2190954371861049,0.007802586083637393,-0.059701162011300594
GSM7791000_CACCGTTCAAGCGATG-1,untreated,bulk,-0.15282630311118234,0.009225022115787442,0.02273578394108083
GSM7791000_CACCGTTGTCAGTTTG-1,untreated,bulk,-0.06757752751547194,0.011317423492289567,-0.1366788425093916
GSM7791000_CACCGTTGTGTAAATG-1,untreated,bulk,-0.07420367695036388,0.011930711062883658,-0.019485582108373284
GSM7791000_CACCGTTTCAGTGTGT-1,untreated,bulk,-0.14322235058224392,0.010605421726313732,-0.19170160481076873
GSM7791000_CACCGTTTCTGACAGT-1,untreated,bulk,-0.17199979543685912,0.005365019190975316,0.0036482905779135688
GSM7791000_CACCGTTTCTGTCGTC-1,untreated,bulk,-0.011021713075183681,0.008338419379850663,0.04934637524848184
GSM7791000_CACGAATCACTCATAG-1,untreated,bulk,-0.12136581216539655,0.0051507148582533085,-0.20492474175676173
GSM7791000_CACGAATCAGAAACCG-1,untreated,bulk,0.016222761850508416,0.010320532294341933,-0.1667116248160026
GSM7791000_CACGAATCAGTCTTCC-1,untreated,bulk,-0.1336876344680786,0.02010605628370715,0.11282742924898245
GSM7791000_CACGAATCATTCTGTT-1,untreated,bulk,-0.05762378147670201,0.021149379862751675,0.4045695106631937
GSM7791000_CACGGGTAGGAATGTT-1,untreated,bulk,-0.09246438768174911,0.009398869458936756,0.07422740863382592
GSM7791000_CACGGGTAGTTGGACG-1,untreated,bulk,-0.10806734054807635,0.006651677475158553,-0.21080623902879259
GSM7791000_CACGGGTCAAAGGGCT-1,untreated,bulk,-0.05594580483815026,0.008348997017451381,-0.25293055046793583
GSM7791000_CACGGGTCATAGCACT-1,untreated,bulk,-0.058727394285656154,0.008114923218803628,-0.06863079395038961
GSM7791000_CACGGGTGTAGCGTAG-1,untreated,bulk,0.08985467880491227,0.013635375575784238,-0.015409362866357681
GSM7791000_CACGGGTTCAATCAGC-1,untreated,bulk,-0.04174306547830975,0.011551734068681966,-0.11601721456614114
GSM7791000_CACGTGGAGAGGGTGG-1,untreated,bulk,-0.19289629255022323,0.013175865520727262,0.16537913672083807
GSM7791000_CACGTGGAGTTGTACC-1,untreated,bulk,0.017267876882401723,0.004850748992447841,-0.14261069683973382
GSM7791000_CACGTGGCAGCGACAA-1,untreated,bulk,0.02587306930905295,0.011073188395236768,-0.08720627258357226
GSM7791000_CACGTGGGTACGAGTG-1,untreated,bulk,-0.05916015186007062,0.006886734494428768,-0.01934360326643709
GSM7791000_CACGTGGTCCAGCACG-1,untreated,bulk,-0.08006989070347377,0.021990831926313483,0.4885822742815624
GSM7791000_CACGTGGTCCATTCAT-1,untreated,bulk,0.00535572142828078,0.008795989174532724,0.005803564671010565
GSM7791000_CACGTGGTCGCAAGAG-1,untreated,bulk,-0.10331853983894226,0.009018001264610335,-0.1557847740692869
GSM7791000_CACGTTCAGGTTTGAA-1,untreated,bulk,-0.12154744829450335,0.015517747912901834,0.2559215375674431
GSM7791000_CACGTTCCACCGTGAC-1,untreated,bulk,-0.08700972428397527,0.007934782472630403,0.01839033746575021
GSM7791000_CACGTTCCAGCACGAA-1,untreated,bulk,-0.12760278160609895,0.008413690938397557,-0.16418367895586036
GSM7791000_CACGTTCCAGCCGGTT-1,untreated,bulk,-0.027299023128691174,0.016250001386199,-0.03506167098813072
GSM7791000_CACGTTCGTAGTGTGG-1,untreated,bulk,-0.14294641509888661,0.008851013615470284,-0.20346043425101948
GSM7791000_CACGTTCGTGCAACGA-1,untreated,bulk,-0.10970371231200204,0.017971914885242406,-0.11420495728072172
GSM7791000_CACGTTCTCCTAGCGG-1,untreated,bulk,-0.08642592838832311,0.023775362662499605,0.36911986623934095
GSM7791000_CACGTTCTCGACACTA-1,untreated,bulk,0.020575791237846253,0.014183041802965451,0.0864833371991845
GSM7791000_CACGTTCTCGTAGGGA-1,untreated,bulk,-0.0954635959201389,0.008284734508218523,-0.09893266611436202
GSM7791000_CACTAAGCACTAGGTT-1,untreated,bulk,0.004538384165082648,0.011852304798556597,-0.0387920091698193
GSM7791000_CACTAAGCAGCGGTTC-1,untreated,bulk,-0.05358717782156808,0.023457652698539406,0.5722456473763657
GSM7791000_CACTAAGGTTAATGAG-1,untreated,bulk,-0.04759675707135882,0.018443360256063267,0.4886248753543013
GSM7791000_CACTAAGGTTACACTG-1,untreated,bulk,-0.08837547317383782,0.006205249848124768,-0.05440537071760298
GSM7791000_CACTGAAAGATGAACT-1,untreated,bulk,-0.07953715384952606,0.012337504928958803,-0.001246521782895581
GSM7791000_CACTGAAAGGTTAAAC-1,untreated,bulk,0.037981450973995134,0.012197276306684502,-0.22230481485374137
GSM7791000_CACTGAAAGTTCTACG-1,untreated,bulk,0.06856522090851319,0.009281657409669413,-0.10643238997004273
GSM7791000_CACTGAACAATCACGT-1,untreated,bulk,-0.053900320870535715,0.020920982584979396,0.45977601325586576
GSM7791000_CACTGGGAGCGAACTG-1,untreated,bulk,-0.05742089907328288,0.0040995343736126575,-0.08675561022132314
GSM7791000_CACTGGGGTCAATCTG-1,untreated,bulk,-0.03631971147325305,0.016268535333556596,-0.06019925962057317
GSM7791000_CACTGGGGTCCAGCCA-1,untreated,bulk,-0.16782887193891738,0.013466662808623735,-0.1335494214550134
GSM7791000_CACTGGGGTGTAAACA-1,untreated,bulk,-0.12990243094308035,0.013632039899954781,0.041266740449209645
GSM7791000_CACTGGGGTTCTCGTC-1,untreated,bulk,-0.00618273205227321,0.008434772939483347,-0.194921187334871
GSM7791000_CACTGGGTCAAATGCC-1,untreated,bulk,-0.13230558122907365,0.017415342653002784,0.15436147889505988
GSM7791000_CACTGGGTCAGACAAA-1,untreated,bulk,-0.1601742116231767,0.007277065841736314,-0.07015712469491926
GSM7791000_CACTGGGTCATACGGT-1,untreated,bulk,-0.06888401553744364,0.004734696367063511,-0.2339661867692055
GSM7791000_CACTGGGTCCGAGATT-1,untreated,bulk,-0.1746347917829241,0.009006888117684903,-0.020976030549856323
GSM7791000_CACTGTCAGCAACCAG-1,untreated,bulk,-0.2291615731375558,0.010004024836578416,-0.12628064710871534
GSM7791000_CACTGTCAGCATGAAT-1,untreated,bulk,0.036739060235401966,0.009183206246505659,0.02333144504234106
GSM7791000_CACTGTCAGGATGCGT-1,untreated,bulk,-0.1284293502474588,0.014333580728562159,-0.10727162278023086
GSM7791000_CACTGTCGTCTTTATC-1,untreated,bulk,-0.064287691116333,0.009572786262950045,-0.048663177986036456
GSM7791000_CACTGTCTCGAGAAGC-1,untreated,bulk,0.031210077073838965,0.00904762356516942,-0.07920054821527199
GSM7791000_CACTGTCTCGGCTGTG-1,untreated,bulk,0.0012601006220257505,0.011542101914169553,-0.1520733998859394
GSM7791000_CACTTCGAGGCCTGAA-1,untreated,bulk,-0.21526258196149553,0.018145974009559314,0.11229562347438644
GSM7791000_CACTTCGGTAGTGTGG-1,untreated,bulk,-0.06521243803084842,0.012601314768214317,0.06245894715002406
GSM7791000_CACTTCGTCAACGTGT-1,untreated,bulk,-0.07422856981792147,0.006172367244749777,-0.27595051141195404
GSM7791000_CACTTCGTCCACAAGT-1,untreated,bulk,-0.14591894967215402,0.01438867405309017,-0.003852338054951697
GSM7791000_CACTTCGTCCCTTGTG-1,untreated,bulk,0.0402230689639137,0.01049045962772635,-0.014975714660718372
GSM7791000_CAGAGCCAGAAAGTCT-1,untreated,bulk,0.15764275157262408,0.015003853068860372,0.04893946333790545
GSM7791000_CAGAGCCCAAGGGCAT-1,untreated,bulk,-0.10083255737546892,0.005326644204843582,0.026747360042451346
GSM7791000_CAGAGCCGTACATACC-1,untreated,bulk,-0.10115349928538005,0.011624318249153916,-0.051408460888858254
GSM7791000_CAGAGCCGTCCACTCT-1,untreated,bulk,-0.18664425619064814,0.008193611086730187,-0.13930166663145443
GSM7791000_CAGAGCCGTGCTGATT-1,untreated,bulk,-0.06773327025156173,0.010257623751808779,-0.03518872537439259
GSM7791000_CAGAGCCTCAACACCA-1,untreated,bulk,-0.06418678374517531,0.006761041328423539,-0.18311675520529716
GSM7791000_CAGATACCACGCTGCA-1,untreated,bulk,-0.042862467084612166,0.020365861515266887,0.4935412458434305
GSM7791000_CAGATACCAGGACATG-1,untreated,bulk,-0.2305381120954241,0.009066186586719668,-0.10660434623524316
GSM7791000_CAGATACGTACCAGAG-1,untreated,bulk,-0.05260941232953753,0.008804708834586774,-0.22406606479739205
GSM7791000_CAGATACTCAAGGAGC-1,untreated,bulk,-0.022112524850027904,0.0050841930297818696,-0.014274267164589089
GSM7791000_CAGATACTCATTACCT-1,untreated,bulk,-0.003542557822333453,0.015404043456174125,-0.12306333481683294
GSM7791000_CAGATACTCCCTCTCC-1,untreated,bulk,-0.024103101245940672,0.008878512809048056,-0.03530229567282276
GSM7791000_CAGATACTCCGTCAAA-1,untreated,bulk,0.0784222437843444,0.0036579701341239545,-0.15071284792144765
GSM7791000_CAGATCACAAGTATAG-1,untreated,bulk,-0.10549006984347388,0.007619148060823727,-0.17903014673643572
GSM7791000_CAGATCACAGTCGGAA-1,untreated,bulk,-0.018433843340192522,0.02075767039154012,0.5682718047737374
GSM7791000_CAGATCACATCGGATT-1,untreated,bulk,-0.1877520751953125,0.015138468390670085,0.045522185734123165
GSM7791000_CAGATCATCGACCAAT-1,untreated,bulk,-0.031886985566880965,0.008466090081187193,-0.07098679652824923
GSM7791000_CAGATTGAGAATCGCG-1,untreated,bulk,-0.08814894138820586,0.0036114061899061457,-0.05204144997897327
GSM7791000_CAGATTGTCACCATCC-1,untreated,bulk,-0.08646287403409442,0.013076105987699089,-0.14420067009779156
GSM7791000_CAGATTGTCATCGCCT-1,untreated,bulk,-0.034849614037407745,0.009947623757602008,-0.0020122560665313664
GSM7791000_CAGCAATAGGTAAGTT-1,untreated,bulk,0.028733456475394104,0.006178535977676863,-0.050087381047742394
GSM7791000_CAGCAATAGTGGTTGG-1,untreated,bulk,-0.012817119265359556,0.008404677210090264,-0.026253965680912254
GSM7791000_CAGCAATCAGAGAATT-1,untreated,bulk,0.026923298457312173,0.0073766455257537455,-0.2202707345007342
GSM7791000_CAGCAATCATGGCCAC-1,untreated,bulk,-0.2307354300362723,0.011646455467747702,-0.0955966448939693
GSM7791000_CAGCAATTCTCGTCGT-1,untreated,bulk,-0.12964123574514239,0.0083963362923183,-0.00215292892094723
GSM7791000_CAGCAATTCTTCCCGA-1,untreated,bulk,0.1872098019009545,0.012214752461316066,-0.13073495820139658
GSM7791000_CAGCACGAGGCGCTCT-1,untreated,bulk,0.0824351233527774,0.023805815642782956,0.44667210761648174
GSM7791000_CAGCACGCACCGTCTT-1,untreated,bulk,-0.02533213785716465,0.016311496765591293,0.08839573735282956
GSM7791000_CAGCACGCAGGGTTGA-1,untreated,bulk,0.0194386977241153,0.013838537059442685,0.04376513171662326
GSM7791000_CAGCACGTCGCTGTTC-1,untreated,bulk,-0.05959618159702846,0.02026497604884434,0.25728111556604233
GSM7791000_CAGCACGTCTCAGAAC-1,untreated,bulk,0.005379428106640993,0.007511007228479948,-0.17862945200620023
GSM7791000_CAGCACGTCTCGTGAA-1,untreated,bulk,-0.05994035993303572,0.02215560547883584,0.38787604095471423
GSM7791000_CAGCACGTCTGTACAG-1,untreated,bulk,-0.0225396031425113,0.011078417107353501,-0.08548414233581932
GSM7791000_CAGCAGCAGGTGAGAA-1,untreated,bulk,0.18952536446707588,0.005390336624382206,-0.11564648098837585
GSM7791000_CAGCAGCAGGTGCCTC-1,untreated,bulk,-0.11476270868664697,0.015378794212644747,-0.050391496879505025
GSM7791000_CAGCAGCCAATCCTAG-1,untreated,bulk,0.12054906360686768,0.006820627787509006,-0.07275134254813836
GSM7791000_CAGCAGCCATTCCTCG-1,untreated,bulk,0.027662721664186485,0.011853272332330437,-0.17910947553111697
GSM7791000_CAGCAGCGTCTTGAAC-1,untreated,bulk,0.08161492393130346,0.01934474782209371,-0.1149085225625291
GSM7791000_CAGCAGCGTGTGATGG-1,untreated,bulk,-0.005530339498368536,0.00855920451809364,-0.17463208741365685
GSM7791000_CAGCAGCGTTCTAAGC-1,untreated,bulk,0.11587697831411212,0.014035561641510165,-0.22439605342413743
GSM7791000_CAGCAGCTCCTGTAGA-1,untreated,bulk,0.0814762314539107,0.022756772277111967,0.5198005558313693
GSM7791000_CAGCCAGCAGAGTCAG-1,untreated,bulk,-0.2580381556919643,0.008205585669132175,-0.0644813527037676
GSM7791000_CAGCCAGGTAGCTAAA-1,untreated,bulk,-0.010362499630640426,0.012505553025854392,-0.1187584523564623
GSM7791000_CAGCCAGGTCGCTTAA-1,untreated,bulk,-0.012454856539529463,0.01313518307757812,0.09638750950368118
GSM7791000_CAGCCAGGTGTCATGT-1,untreated,bulk,-0.1659865025111607,0.015696338161381898,-0.02840016258489945
GSM7791000_CAGCCAGGTTCCGCTT-1,untreated,bulk,0.015883849007742756,0.005938960243456106,-0.1548915355866233
GSM7791000_CAGCCAGTCAATCAGC-1,untreated,bulk,0.04260369807954817,0.019709070901841343,0.39618214336620683
GSM7791000_CAGCCAGTCTCTGGTC-1,untreated,bulk,-0.10205930437360491,0.022366719943986996,0.4313191664150183
GSM7791000_CAGCGTGAGAGGTTTA-1,untreated,bulk,-0.021853571316552536,0.02003563055464602,0.04960008510666217
GSM7791000_CAGCGTGAGATGAACT-1,untreated,bulk,0.06823670947362506,0.011597279274691352,-0.10439816617588289
GSM7791000_CAGCGTGAGCACTTTG-1,untreated,bulk,-0.06457508389911953,0.013152574803297928,0.0019857908168676138
GSM7791000_CAGCGTGAGGCCACTC-1,untreated,bulk,-0.04640807674044656,0.008614753160274638,-0.07630723025583071
GSM7791000_CAGCGTGCAGTATGAA-1,untreated,bulk,-0.010863998428223609,0.009980925067855188,-0.11601170814193776
GSM7791000_CAGCGTGGTCTGTGCG-1,untreated,bulk,-0.13817489355329482,0.008429359603389648,-0.09175487772044769
GSM7791000_CAGCGTGGTGGGTATG-1,untreated,bulk,-0.12855179922921317,0.01839685617497183,0.10955165420086911
GSM7791000_CAGCGTGTCACGTAGT-1,untreated,bulk,-0.021668375181773336,0.00877221621306034,-0.1220203503865976
GSM7791000_CAGCGTGTCCGCGGAT-1,untreated,bulk,-0.008297675223577591,0.021800485890506354,0.16937440166348475
GSM7791000_CAGGCCAAGAGGGTGG-1,untreated,bulk,-0.1302320534842355,0.011205059107010388,0.13939425589012597
GSM7791000_CAGGCCAAGCAAATGT-1,untreated,bulk,0.01237915659707689,0.015376712829337795,-0.06619431313828011
GSM7791000_CAGGCCACAGGGTTGA-1,untreated,bulk,-0.10059515589759463,0.012523677133034468,-0.09176927466410593
GSM7791000_CAGGCCACAGTCCGTG-1,untreated,bulk,0.01975235560583688,0.005061978594935187,-0.06697380001360102
GSM7791000_CAGGCCACATATAGCC-1,untreated,bulk,-0.09890073768676275,0.011329988738660353,-0.038485594229097524
GSM7791000_CAGGCCAGTATCGCAT-1,untreated,bulk,0.04825011495559936,0.008646898655887695,-0.10746817289860902
GSM7791000_CAGGCCAGTCCCGGTA-1,untreated,bulk,0.054251300569564564,0.009442501437492194,0.025665130303738
GSM7791000_CAGGCCATCGGCTATA-1,untreated,bulk,0.043788923233274435,0.007382448836857199,-0.02457072906753894
GSM7791000_CAGGGCTAGAAGTCTA-1,untreated,bulk,-0.0074147303899129435,0.012532599791039089,0.002205952443679075
GSM7791000_CAGGGCTAGCGCTGAA-1,untreated,bulk,0.14372748329525903,0.01107741149738718,-0.0026404385784203526
GSM7791000_CAGGGCTAGTGCAGGT-1,untreated,bulk,-0.22286324637276786,0.016849384160126,0.09591701935060942
GSM7791000_CAGGGCTCAAATTGCC-1,untreated,bulk,0.08618652374025373,0.009230199172369878,-0.1492326437722463
GSM7791000_CAGGGCTGTGAAGCGT-1,untreated,bulk,-0.034804384821937207,0.006607425410266033,-0.11237324611908958
GSM7791000_CAGGGCTGTGGATCAG-1,untreated,bulk,-0.015330612205323724,0.015860187354384003,0.10625088143499728
GSM7791000_CAGGGCTGTTGTTGCA-1,untreated,bulk,-0.052942009804740786,0.008112105234711602,-0.14416032503801615
GSM7791000_CAGGGCTTCCAAGCCG-1,untreated,bulk,-0.17575352604427036,0.005249142824734969,-0.11856343802700882
GSM7791000_CAGGGCTTCGTTCCCA-1,untreated,bulk,-0.03332119464874267,0.006785174523203373,-0.2140338507909418
GSM7791000_CAGGGCTTCGTTTACT-1,untreated,bulk,0.0659890999869695,0.008685724502290394,-0.1632896417889623
GSM7791000_CAGGTATCAAGAGTGC-1,untreated,bulk,-0.18306830269949778,0.012567761752795623,-0.015078179633839563
GSM7791000_CAGGTATCACCCTGAG-1,untreated,bulk,-0.011782311030796605,0.010410374415723053,-0.11205583090363962
GSM7791000_CAGGTATCATGTTTGG-1,untreated,bulk,-0.0982741727526226,0.008325609943854687,-0.2225059080175002
GSM7791000_CAGGTATGTGAGCCAA-1,untreated,bulk,0.05109461527022105,0.007079177150199575,-0.09631656549376147
GSM7791000_CAGGTATTCATGCCCT-1,untreated,bulk,-0.0809958485194615,0.01988937469921612,0.46989097059758506
GSM7791000_CAGTGCGAGACTCAAA-1,untreated,bulk,-0.14017799377441406,0.02291968237469463,0.254083206324147
GSM7791000_CAGTGCGAGTATAACG-1,untreated,bulk,0.022053631071060426,0.009841404224573783,-0.05662580003857755
GSM7791000_CAGTGCGAGTGGACTG-1,untreated,bulk,0.14674345288957868,0.01730961856584289,0.3863718726032823
GSM7791000_CAGTGCGCATTACTCT-1,untreated,bulk,-0.03528899317695981,0.013010804889339695,-0.0520644302659785
GSM7791000_CAGTGCGGTCAAAGTA-1,untreated,bulk,0.03417357853480746,0.010592459259889317,-0.17865403668662055
GSM7791000_CAGTGCGGTCGATTAC-1,untreated,bulk,-0.039666173117501397,0.018686126941495837,0.5722624123532355
GSM7791000_CAGTGCGTCACGAGGA-1,untreated,bulk,-0.12334762997097437,0.007273214488412575,-0.1956141869523617
GSM7791000_CAGTTAGAGAATTCAG-1,untreated,bulk,-0.020721473239717014,0.010186663240871837,-0.05821524947133389
GSM7791000_CAGTTAGAGGGCCAAT-1,untreated,bulk,0.035212005584959016,0.006189272991128234,-0.1390508098130679
GSM7791000_CAGTTAGCATTCATCT-1,untreated,bulk,0.0359399776610117,0.01221678206907404,-0.021603197032718582
GSM7791000_CAGTTAGTCACTAGCA-1,untreated,bulk,-0.12322922842843193,0.015351587130380937,-0.04590454362853988
GSM7791000_CAGTTCCAGCGAAACC-1,untreated,bulk,0.031074453686910947,0.010010482030646244,-0.13712492291970363
GSM7791000_CAGTTCCAGGAAGTAG-1,untreated,bulk,-0.1991418675013951,0.01201201875923074,-0.08823614587825546
GSM7791000_CAGTTCCAGGTGAGCT-1,untreated,bulk,-0.042756881940932495,0.014308736574235634,0.055484447725186306
GSM7791000_CAGTTCCCAAGACAAT-1,untreated,bulk,-0.12749494329331412,0.012319827782216141,0.06599850291718924
GSM7791000_CAGTTCCCACCTATCC-1,untreated,bulk,-0.16856749398367746,0.01612703070145549,0.1982549290971199
GSM7791000_CAGTTCCGTATCCTCC-1,untreated,bulk,-0.0880363921513633,0.010471580675379266,-0.006965879363694197
GSM7791000_CAGTTCCTCACGGGCT-1,untreated,bulk,0.027248795827229777,0.009609450876468216,-0.14610443753683564
GSM7791000_CATAAGCAGAGTCGAC-1,untreated,bulk,0.11539649357871407,0.004436058939816336,-0.0437509297942564
GSM7791000_CATAAGCAGCCTCAGC-1,untreated,bulk,-0.16798157828194754,0.019704281259409297,-0.09352305681023544
GSM7791000_CATAAGCAGGTAGGCT-1,untreated,bulk,-0.06704558228689528,0.007385282573952479,-0.1543249376389288
GSM7791000_CATAAGCCACTTGGGC-1,untreated,bulk,-0.07041050661177863,0.007601031316764499,-0.02124261179470511
GSM7791000_CATAAGCTCGAAACAA-1,untreated,bulk,-0.1035591245076013,0.01124072073985115,-0.20551165804607
GSM7791000_CATACAGAGTTGCATC-1,untreated,bulk,-0.12649234257047137,0.013786000516135192,-0.01376430646574557
GSM7791000_CATACAGCATGTGCTA-1,untreated,bulk,-0.03538717012556772,0.013318410454471383,0.010443780840580133
GSM7791000_CATACAGGTCGATTAC-1,untreated,bulk,-0.012441605764722058,0.0034426305777988347,-0.14587695642102388
GSM7791000_CATACAGGTCTTGCGG-1,untreated,bulk,-0.07399429923012145,0.010819679568455035,0.06672857493727954
GSM7791000_CATACAGGTGTCTTCC-1,untreated,bulk,-0.009446795175945932,0.009498970743904324,-0.20152548890475486
GSM7791000_CATACAGGTTAGGCTT-1,untreated,bulk,-0.04331641590784466,0.013495906487807316,-0.14499316907492518
GSM7791000_CATACAGTCACTCCGT-1,untreated,bulk,-0.16325641658571033,0.00842808046796669,-0.16485613607790073
GSM7791000_CATACAGTCCACGTAA-1,untreated,bulk,-0.14665939713281298,0.008133859826745133,-0.2190130239848279
GSM7791000_CATACAGTCGTCCTTG-1,untreated,bulk,0.038449278634692,0.01198131040888616,-0.004633272029272317
GSM7791000_CATACCCAGCCGATCC-1,untreated,bulk,0.14976415543329147,0.01167585766430089,0.03861785673566925
GSM7791000_CATACCCAGGTTGACG-1,untreated,bulk,-0.011479550316220222,0.010435410889924645,-0.05262437219084725
GSM7791000_CATACCCGTCGTTATG-1,untreated,bulk,-0.07578085520910838,0.0066785920532750915,-0.10744665459302756
GSM7791000_CATACCCGTGATAGAT-1,untreated,bulk,0.08921142313215467,0.01818683905948668,0.37080961502921916
GSM7791000_CATACCCGTTACCCAA-1,untreated,bulk,-0.07218872933160692,0.006987342891855771,-0.0964222835306131
GSM7791000_CATACCCTCGCGTTTC-1,untreated,bulk,-0.10126028613438684,0.008584189297969813,-0.09995887973115698
GSM7791000_CATACCCTCTCGGTCT-1,untreated,bulk,0.04915543858967131,0.005556836343463042,-0.16480142561262826
GSM7791000_CATACTTAGCTCCCTT-1,untreated,bulk,-0.10038468553906395,0.012105345719162629,-0.03006066237480597
GSM7791000_CATACTTTCGCTTGCT-1,untreated,bulk,-0.11010377690905616,0.011488714677542278,0.040283478107779845
GSM7791000_CATAGACAGAGGATGA-1,untreated,bulk,-0.08952423262217687,0.008512308048884377,-0.18096886739954124
GSM7791000_CATAGACAGCTCCACG-1,untreated,bulk,-0.09111878993019226,0.011441356991056332,-0.07674146357010563
GSM7791000_CATAGACAGGTACAGC-1,untreated,bulk,-0.04808161531175886,0.007569703244369294,-0.18847372182145503
GSM7791000_CATAGACCAAATGCGG-1,untreated,bulk,0.07020050442408002,0.009606137898011572,-0.1356087481701737
GSM7791000_CATAGACCATGGAACG-1,untreated,bulk,0.12369754624745205,0.007471405671970589,-0.13263157465522188
GSM7791000_CATAGACGTGTTAGCT-1,untreated,bulk,-0.05957164582752045,0.010612487132480216,-0.08825423064653405
GSM7791000_CATAGACGTTAAGGGC-1,untreated,bulk,-0.06164043880644299,0.011523440193231272,-0.09490017984148975
GSM7791000_CATAGACGTTGCATGT-1,untreated,bulk,-0.12321111134120394,0.035351652590007984,0.04672313662783367
GSM7791000_CATAGACTCTCCTACG-1,untreated,bulk,-0.16056357993019948,0.0070206469620697955,-0.13250082602098462
GSM7791000_CATCAAGCATATCGGT-1,untreated,bulk,0.029845230314466675,0.00738828626836664,-0.09145772288796634
GSM7791000_CATCAAGGTCACGTGC-1,untreated,bulk,0.0022636946420820925,0.007494854925447645,-0.06719723905114225
GSM7791000_CATCAAGGTCTGATCA-1,untreated,bulk,-0.09228692576998757,0.012759298744576092,-0.14182039475384245
GSM7791000_CATCAAGTCATCTCTA-1,untreated,bulk,-0.08361617224557058,0.0063315352324980635,-0.1599123931883957
GSM7791000_CATCAAGTCATTGCTT-1,untreated,bulk,-0.19494219609669278,0.005465984101797105,-0.05885385271396376
GSM7791000_CATCCACCACACGGTC-1,untreated,bulk,0.004019965974111417,0.007304885051046175,-0.0843273180485444
GSM7791000_CATCCACGTAACCAGG-1,untreated,bulk,-0.023783745841374465,0.0060708475071115315,-0.1952543679347153
GSM7791000_CATCCACGTGCCGGTT-1,untreated,bulk,-0.10582059307703898,0.005956390143198227,-0.17378944382329842
GSM7791000_CATCCCAAGGTCACTT-1,untreated,bulk,0.03314646009414915,0.006902033360550133,-0.04110125564032812
GSM7791000_CATCCCACAATCTAGC-1,untreated,bulk,0.05049328940255299,0.00916241190523329,-0.08790248406813178
GSM7791000_CATCCCAGTATCGGTT-1,untreated,bulk,-0.1407990150224595,0.0064632584834851195,-0.09301892486009515
GSM7791000_CATCCCAGTCACCGAC-1,untreated,bulk,0.009029948673551044,0.01590552580630208,0.12787027818168772
GSM7791000_CATCCCAGTGTCTTGA-1,untreated,bulk,-0.1252726762256925,0.00843300258021908,-0.16766860908693085
GSM7791000_CATCCCATCTTAATCC-1,untreated,bulk,0.0826182008168054,0.012217325776924385,0.040151454922214294
GSM7791000_CATCCGTAGTATTCCG-1,untreated,bulk,-0.15740812615742758,0.009341003061540771,-0.04546906181672407
GSM7791000_CATCCGTAGTCATGGG-1,untreated,bulk,0.223249826885405,0.01512241271569685,-0.011267698375517382
GSM7791000_CATCCGTAGTGCTACT-1,untreated,bulk,-0.003842929734124062,0.016169563996068306,0.2359795645494346
GSM7791000_CATCCGTTCTGCGGAC-1,untreated,bulk,-0.003417709290035209,0.006742395687554995,-0.15349663049505172
GSM7791000_CATCGCTAGAATCGCG-1,untreated,bulk,-0.11398919241768973,0.021008374695494925,0.3737375567670287
GSM7791000_CATCGCTAGCAACCAG-1,untreated,bulk,-0.16774285452706472,0.021030005982999058,0.24401339800554933
GSM7791000_CATCGCTAGTCCCAGC-1,untreated,bulk,-0.12793676626114617,0.009782152944029059,-0.079084048166328
GSM7791000_CATCGCTCACTCCGAG-1,untreated,bulk,0.07397735974145314,0.005489260317259156,-0.018031423373557714
GSM7791000_CATCGCTCAGCGTGCT-1,untreated,bulk,0.010599004806034151,0.04038511805364033,0.16209603524382496
GSM7791000_CATCGCTGTATGACAA-1,untreated,bulk,0.00737903897724454,0.00915163423481371,-0.005330050952279994
GSM7791000_CATCGCTGTCTCAAGT-1,untreated,bulk,-0.1852425309968373,0.008178005446283177,-0.04463330422592341
GSM7791000_CATCGCTGTTTGTTGG-1,untreated,bulk,-0.00680906613667806,0.012577201045620493,-0.06621110992957102
GSM7791000_CATCGGGAGACCATGG-1,untreated,bulk,-0.24597996303013392,0.009718148594474429,-0.0001983325664164866
GSM7791000_CATCGGGAGATGGGCT-1,untreated,bulk,-0.08995168080405583,0.015355672748150683,-0.016007674200875927
GSM7791000_CATCGGGAGCTCGTGC-1,untreated,bulk,0.06977816846635607,0.013121838945708625,-0.05643671345237727
GSM7791000_CATCGGGGTGATTCAC-1,untreated,bulk,0.03708369762178451,0.010022919586937396,-0.0379884784621093
GSM7791000_CATCGGGGTGGAGGTT-1,untreated,bulk,-0.07596231119973318,0.006570647511294284,-0.13770454696809442
GSM7791000_CATCGGGTCGGTAGGA-1,untreated,bulk,0.029499650682721812,0.008112705231859176,-0.07831920799611737
GSM7791000_CATCGGGTCGGTCACG-1,untreated,bulk,-0.045339679642329156,0.011132576727892278,-0.13826902475183614
GSM7791000_CATCGTCAGGTCTTTG-1,untreated,bulk,-0.08071716967083159,0.005816376736490948,-0.13864732961269682
GSM7791000_CATCGTCCATGACACT-1,untreated,bulk,-0.23428462437220982,0.009638679350466934,-0.17049799877584548
GSM7791000_CATCGTCTCCACACAA-1,untreated,bulk,-0.0809271010141524,0.00712599070203131,-0.08757106228685281
GSM7791000_CATCGTCTCCGATAAC-1,untreated,bulk,-0.14277360098702566,0.023168174707017528,0.20452200357749156
GSM7791000_CATGAGTAGCTGTGCC-1,untreated,bulk,0.10139332271757578,0.002927060818318789,-0.1200194259475844
GSM7791000_CATGAGTCACGTTGGC-1,untreated,bulk,-0.09639378441704644,0.00711954271984854,-0.21293102951114373
GSM7791000_CATGAGTCAGAGTTCT-1,untreated,bulk,0.07752135216243686,0.007146821546401461,-0.09896071470855695
GSM7791000_CATGAGTCATGCCATA-1,untreated,bulk,0.07422575965760245,0.010393892442109426,-0.10472358872260708
GSM7791000_CATGAGTGTCTCGCGA-1,untreated,bulk,0.04953097615923199,0.008226990520360114,-0.12649384494402643
GSM7791000_CATGAGTGTGAATGTA-1,untreated,bulk,-0.0551333711260841,0.005670570699277663,-0.16876038887684758
GSM7791000_CATGAGTGTTGACTAC-1,untreated,bulk,-0.10318417238810706,0.00872430617775193,-0.12060272801514603
GSM7791000_CATGAGTGTTGCTTGA-1,untreated,bulk,-0.17181577568962458,0.009465137955863002,-0.0005481605157542383
GSM7791000_CATGAGTTCGACACCG-1,untreated,bulk,0.05147733748905242,0.01745026614733731,-0.00284524396964684
GSM7791000_CATGAGTTCGGATAAA-1,untreated,bulk,0.1713281324174669,0.011588873006685577,-0.0665074985698339
GSM7791000_CATGAGTTCGGCTGTG-1,untreated,bulk,-0.10359674726213727,0.02295241978399794,0.3049205135980663
GSM7791000_CATGAGTTCTTGATTC-1,untreated,bulk,-0.11513579232352121,0.015502883708463111,0.3244501646499606
GSM7791000_CATGCAAAGCAACAGC-1,untreated,bulk,0.15478736862303719,0.008404370518365636,-0.09697628137737718
GSM7791000_CATGCAAAGTGGATAT-1,untreated,bulk,-0.011826145081293038,0.007741898663538369,0.019931810100146215
GSM7791000_CATGCAACACATTGTG-1,untreated,bulk,-0.16916629246303014,0.012178364487677514,-0.0962377126793728
GSM7791000_CATGCAACACTCAGAT-1,untreated,bulk,-0.14081606327541288,0.0096556399431969,-0.18268926129448396
GSM7791000_CATGCAACATCTAGAC-1,untreated,bulk,-0.1689512961251395,0.009162756060493731,-0.06506469049377495
GSM7791000_CATGCAACATGGAATA-1,untreated,bulk,0.07574643558926053,0.01191839858139654,-0.2521978666277235
GSM7791000_CATGCAATCCATCAGA-1,untreated,bulk,-0.08777923985133096,0.00824335099120119,-0.08430095663305143
GSM7791000_CATGCCTAGAAGCCAC-1,untreated,bulk,-0.20460117885044643,0.012465420774248422,-0.0679969236089907
GSM7791000_CATGCCTGTAGAAACT-1,untreated,bulk,-0.0020389228396945624,0.007849704027941452,-0.1177340783046692
GSM7791000_CATGCCTGTAGAGACC-1,untreated,bulk,-0.05553486937568303,0.010767628266098693,-0.16502994049484743
GSM7791000_CATGCCTGTGATATAG-1,untreated,bulk,-0.16415201365001617,0.01883701973904635,0.190243517748275
GSM7791000_CATGCGGAGATTCGCT-1,untreated,bulk,0.17277987858605764,0.010440720266438564,-0.18607707442723662
GSM7791000_CATGCGGCACACGTGC-1,untreated,bulk,-0.03194004830859956,0.012798042700340033,-0.0930894235483864
GSM7791000_CATGCGGGTTACACAC-1,untreated,bulk,-0.1790062931605748,0.012612795759319157,0.019671310036972506
GSM7791000_CATGCGGGTTATGTGC-1,untreated,bulk,-0.15367957785016018,0.011211819362198663,-0.11899488922725396
GSM7791000_CATGCGGTCGAAGCCC-1,untreated,bulk,-0.085240449299888,0.012273005623633567,-0.14472839325177372
GSM7791000_CATGCGGTCTTGGCTC-1,untreated,bulk,-0.14830196028663997,0.010082119767817756,-0.13358385777418108
GSM7791000_CATGCTCAGCCAACCC-1,untreated,bulk,0.26369156882876443,0.013340504537248886,-0.09281457504893048
GSM7791000_CATGCTCAGTAGGTTA-1,untreated,bulk,0.011441260443793427,0.005597368908780359,-0.11687273740855468
GSM7791000_CATGCTCCAAATTGCC-1,untreated,bulk,-0.07347215130215598,0.007838722292704891,-0.2528204232691078
GSM7791000_CATGCTCCAGAAGCTG-1,untreated,bulk,0.002417409836299844,0.014791449508192375,-0.12686009806829512
GSM7791000_CATGCTCCATGTGCTA-1,untreated,bulk,-0.03633777906024266,0.008340922793982514,-0.09723073182405527
GSM7791000_CATGGATAGCGTCAAG-1,untreated,bulk,0.025369183071075926,0.0203355613578106,0.34204276340893086
GSM7791000_CATGGATGTAGGGAGG-1,untreated,bulk,-0.13781706321807136,0.014396355350671724,-0.012887803381363196
GSM7791000_CATGGATGTTCTGACA-1,untreated,bulk,-0.06204196430387951,0.005887490985713296,0.004357251017888221
GSM7791000_CATGGATTCGACACTA-1,untreated,bulk,-0.023180071739923397,0.007837251022375999,-0.11921356738830226
GSM7791000_CATGGTACATGAGTAA-1,untreated,bulk,-0.05179567435431101,0.011363630817024713,-0.07348373962912609
GSM7791000_CATGGTAGTAACAGGC-1,untreated,bulk,0.05292966539897617,0.008345920886083113,0.0016964987461209982
GSM7791000_CATGGTAGTTCGATTG-1,untreated,bulk,-0.08167440202501086,0.01815619920557066,0.04456182040794795
GSM7791000_CATGGTATCGTACCTC-1,untreated,bulk,-0.07908389159611293,0.009722930503336034,-0.1967488567334946
GSM7791000_CATGGTATCTATGTGG-1,untreated,bulk,0.14176543644496373,0.004841748655839292,-0.19287179289335604
GSM7791000_CATTCATGTGACCGTC-1,untreated,bulk,-0.03731528350285121,0.007102724139936883,-0.15676436603307428
GSM7791000_CATTCATTCACTCTTA-1,untreated,bulk,-0.05815810067313058,0.015962788753187015,0.2200893309330726
GSM7791000_CATTCATTCTTTGCGC-1,untreated,bulk,-0.051375779651460174,0.006437202343836564,-0.08241991350041554
GSM7791000_CATTCCGAGGTCGACA-1,untreated,bulk,0.05630233007764057,0.005365592855328495,-0.08000379521703961
GSM7791000_CATTCCGCAGCGTTGC-1,untreated,bulk,0.0031733187418135356,0.010877872109478659,-0.1486394309414838
GSM7791000_CATTCCGCAGTCTTCC-1,untreated,bulk,-0.04054626328604563,0.01422820726379234,-0.1268728327254938
GSM7791000_CATTCCGCATGGGTTT-1,untreated,bulk,0.022985441192748063,0.01862281271325873,0.13441789887745423
GSM7791000_CATTCCGGTACTGAGG-1,untreated,bulk,-0.07083790915352958,0.01763628727024469,0.17948042928595784
GSM7791000_CATTCCGGTAGTACGG-1,untreated,bulk,0.03324894556923516,0.011433592869263579,-0.19584992206858765
GSM7791000_CATTCCGTCGTTATCT-1,untreated,bulk,-0.1891133675121126,0.01404159938709892,-0.08445835419434605
GSM7791000_CATTCTAAGATTGAGT-1,untreated,bulk,-0.061213241985866,0.007631420624975139,-0.1226300753569668
GSM7791000_CATTCTAAGCGAATGC-1,untreated,bulk,-0.004713363041953439,0.016753941403935473,0.02756236116842657
GSM7791000_CATTCTACAACTGGTT-1,untreated,bulk,-0.19516842596114628,0.00886341368167615,0.07964983345820499
GSM7791000_CATTCTACAGGTCAAG-1,untreated,bulk,-0.02410233951750257,0.005852438037646186,-0.09591715987741883
GSM7791000_CATTCTATCCATACTT-1,untreated,bulk,-0.0222841311257983,0.010199977039984789,-0.15048866329729044
GSM7791000_CATTGAGAGCGTGAAC-1,untreated,bulk,-0.0001636671641516152,0.011026920127533112,-0.054105210423511726
GSM7791000_CATTGAGCAACCCTAA-1,untreated,bulk,0.01246775982871888,0.017556724456326826,0.1061450739811136
GSM7791000_CATTGAGCACTCACTC-1,untreated,bulk,0.010064253428625686,0.01452969477561723,-0.00982831795216698
GSM7791000_CATTGAGCAGGTCCGT-1,untreated,bulk,0.02930198608882842,0.011590217945194617,-0.02980066644704075
GSM7791000_CATTGAGGTACCGTCG-1,untreated,bulk,-0.03460648975675068,0.009302927345035003,-0.09388168597599655
GSM7791000_CATTGAGGTGAATATG-1,untreated,bulk,-0.13768740495045978,0.004707642053581959,0.03237009726959766
GSM7791000_CATTGAGGTGGCACTC-1,untreated,bulk,0.16872017693898037,0.012395132655407943,-0.09515025469670732
GSM7791000_CATTGAGTCATGCCGG-1,untreated,bulk,-0.09333383647222368,0.009306655424322567,-0.14500947808082484
GSM7791000_CATTGCCAGACTCGAG-1,untreated,bulk,-0.19170117635575554,0.010744300432582708,-0.07825013424924285
GSM7791000_CATTGCCAGGCATCAG-1,untreated,bulk,-0.1620554226163834,0.00901733459560406,-0.1678378596104627
GSM7791000_CATTGCCAGTAAACGT-1,untreated,bulk,0.03091877513461644,0.01335595582420576,0.059389364655751495
GSM7791000_CATTGCCCAACGTATC-1,untreated,bulk,0.10594994227091475,0.008942025793293706,-0.17127834433037678
GSM7791000_CATTGCCCACTTCAGA-1,untreated,bulk,-0.08117695808410644,0.009346602080056122,0.05097404194712342
GSM7791000_CATTGCCTCGTCCTCA-1,untreated,bulk,-0.06006022317068918,0.009257959886643507,-0.1219765586370169
GSM7791000_CATTGCCTCTCCGAAA-1,untreated,bulk,-0.09336328075045633,0.010076369894230096,-0.1419948733055855
GSM7791000_CATTGTTAGAGTGTGC-1,untreated,bulk,0.01913027839055137,0.012885428865718107,-0.015700840827199785
GSM7791000_CATTGTTCAGGGTTGA-1,untreated,bulk,0.16073127474103654,0.0073775294524563734,-0.15308598052111658
GSM7791000_CATTGTTCATACATCG-1,untreated,bulk,-0.049834887716505266,0.01494298467921828,-0.09628662393966918
GSM7791000_CATTGTTGTCCAATCA-1,untreated,bulk,-0.11348206349781581,0.012544374753970996,-0.01955927684051232
GSM7791000_CATTGTTGTCTGTCCT-1,untreated,bulk,0.1102251060425289,0.016273597170224835,0.07501025051434872
GSM7791000_CATTGTTGTGCCTAAT-1,untreated,bulk,-0.02771047471061583,0.009882712335746736,-0.07030009887218984
GSM7791000_CATTGTTTCCAAGCTA-1,untreated,bulk,-0.16126600257934087,0.008428281447894209,-0.03638494757075207
GSM7791000_CATTGTTTCGTGGCGT-1,untreated,bulk,-0.10790872350571648,0.007686728768785949,-0.1750604036815019
GSM7791000_CATTTCACAAGGCCTC-1,untreated,bulk,-0.1835951668875558,0.01409988152982605,0.053770087392351396
GSM7791000_CATTTCAGTAGGGAGG-1,untreated,bulk,-0.03413607597351076,0.007148291289545719,-0.003294165634283096
GSM7791000_CATTTCAGTGAGATCG-1,untreated,bulk,-0.2159792000906808,0.015331299631166119,0.004166558808424604
GSM7791000_CATTTCAGTGGACCTC-1,untreated,bulk,0.06229653388734846,0.009420223023810324,-0.11675402652040287
GSM7791000_CCAAGCGAGGTTTACC-1,untreated,bulk,-0.005603930760943676,0.01208188595696203,-0.15073537611434706
GSM7791000_CCAAGCGCACAATCTG-1,untreated,bulk,0.2792995540679447,0.020097126572588078,0.08322315088293893
GSM7791000_CCAAGCGCACGTAACT-1,untreated,bulk,-0.04399102158016627,0.010220534232144371,-0.17774914878945308
GSM7791000_CCAAGCGCAGGAGGTT-1,untreated,bulk,-0.1351003478822254,0.012110562076706093,-0.0802371408239205
GSM7791000_CCAAGCGCAGTCTCTC-1,untreated,bulk,-0.20750455583844865,0.011044365960182193,-0.12211490065823746
GSM7791000_CCAAGCGCAGTGCGCT-1,untreated,bulk,0.18370023076496425,0.009853110533339185,-0.06063959238207072
GSM7791000_CCAAGCGGTACGGCAA-1,untreated,bulk,-0.08105365768311518,0.016772908636595942,-0.07883004518472421
GSM7791000_CCAAGCGGTGCTGCAC-1,untreated,bulk,-0.018706580116635257,0.009635455706112205,0.02570226368388827
GSM7791000_CCAAGCGTCTCCTGTG-1,untreated,bulk,-0.07251690652635362,0.009346934142525964,-0.018193733093457225
GSM7791000_CCAATGAAGGTGCTTT-1,untreated,bulk,0.007301562324402822,0.007840414710168159,-0.087948942270899
GSM7791000_CCAATGAGTAACGATA-1,untreated,bulk,-0.018216886369008867,0.005893632589504809,-0.16944870819163338
GSM7791000_CCAATGATCACCGGTG-1,untreated,bulk,-0.1455672596371363,0.00975556161658321,-0.04389092749122116
GSM7791000_CCAATGATCGAGCACC-1,untreated,bulk,0.032646788037012486,0.0077705107256348695,-0.1299521784670625
GSM7791000_CCAATTTAGAACTGAT-1,untreated,bulk,-0.12822071325211298,0.010187930438491189,-0.06734279206988737
GSM7791000_CCAATTTAGCATGATA-1,untreated,bulk,0.031283247811453696,0.007277931318815554,0.04013696804181889
GSM7791000_CCAATTTAGCGTTCCG-1,untreated,bulk,0.021898395447503938,0.005545344885718707,-0.1322939746434888
GSM7791000_CCAATTTAGCTAGAGC-1,untreated,bulk,-0.039179513113839284,0.01686870774189891,0.48152009262621503
GSM7791000_CCAATTTAGGCGCTCT-1,untreated,bulk,0.05661811525859531,0.010819239241577542,-0.04121877342157041
GSM7791000_CCAATTTCAATCCTAG-1,untreated,bulk,-0.0974695544772678,0.007244162094740094,-0.14596033976122363
GSM7791000_CCAATTTCAGTAGAAT-1,untreated,bulk,0.01527256375267394,0.005863640401431341,-0.11259698396900762
GSM7791000_CCAATTTCATCCTAAG-1,untreated,bulk,-0.005774235801091265,0.005645358500259306,-0.14981088714514765
GSM7791000_CCAATTTGTGTAGTGG-1,untreated,bulk,0.05248258999415806,0.006069635959740028,-0.09891943320818196
GSM7791000_CCAATTTGTTGCGTAT-1,untreated,bulk,-0.1754958858944121,0.012086872346559509,0.012354003270139134
GSM7791000_CCAATTTGTTGCTAGT-1,untreated,bulk,-0.010114373479570662,0.01965442654712472,0.5494901548000155
GSM7791000_CCAATTTGTTGGGCCT-1,untreated,bulk,-0.09312071512615872,0.008434120042615451,-0.026225512961667388
GSM7791000_CCAATTTTCACAAGGG-1,untreated,bulk,0.13278033301943826,0.015086782191202677,0.15630545403368626
GSM7791000_CCAATTTTCCTATGGA-1,untreated,bulk,0.08983083740113273,0.012670236743937385,0.07921136523642668
GSM7791000_CCAATTTTCTAGCCAA-1,untreated,bulk,0.06175348917643231,0.009985887541776683,-0.14637190644351486
GSM7791000_CCACAAACAAGAAATC-1,untreated,bulk,-0.17479426228810868,0.00899900017857093,-0.053386786815772906
GSM7791000_CCACAAACACCCTAGG-1,untreated,bulk,-0.11518354256947835,0.007799622431771708,-0.2214573683572218
GSM7791000_CCACAAATCCGGTTCT-1,untreated,bulk,-0.0869199480329241,0.022573024660670994,0.20026390143317807
GSM7791000_CCACACTAGGTAGTAT-1,untreated,bulk,-0.16362967354910715,0.01214268719274081,-0.04054594637172223
GSM7791000_CCACACTCATACTGTG-1,untreated,bulk,-0.00010997106158544545,0.00553093084465993,-0.051680482927689016
GSM7791000_CCACACTTCAATGTCG-1,untreated,bulk,-0.002269448401435975,0.01441609814178915,-0.028145143238706895
GSM7791000_CCACACTTCCTCACGT-1,untreated,bulk,0.07589757450043211,0.010504580387124587,0.014905708998587971
GSM7791000_CCACACTTCGAATCCA-1,untreated,bulk,-0.06865477016993932,0.01588136789323108,-0.16865438132530142
GSM7791000_CCACCATAGCGTATGG-1,untreated,bulk,-0.034980308744642474,0.010438459546783787,-0.03348409162714252
GSM7791000_CCACCATCAAATGCTC-1,untreated,bulk,-0.22435582675631083,0.009823799390184533,-0.18828931463068788
GSM7791000_CCACCATCAGTGCCTG-1,untreated,bulk,0.11628736511109367,0.011798879068577222,-0.0442044732622033
GSM7791000_CCACCATGTCACCCTT-1,untreated,bulk,-0.03809684200892374,0.003316039033927794,-0.038608362445978706
GSM7791000_CCACCATTCCACCCTA-1,untreated,bulk,-0.01979496683393206,0.01781634331995624,0.5551559327240387
GSM7791000_CCACCATTCTCGGGAC-1,untreated,bulk,-0.1584914996132018,0.009928526436381358,0.01796601203122221
GSM7791000_CCACGAGCAGCAATTC-1,untreated,bulk,-0.06429534949953594,0.011057301108929633,-0.043602747993388896
GSM7791000_CCACGAGGTAGATTAG-1,untreated,bulk,-0.0804789894724649,0.014676655062615966,0.03349577108831575
GSM7791000_CCACGAGGTGTCGCTG-1,untreated,bulk,-0.1511696413585118,0.011337509594348283,-0.07466876242902597
GSM7791000_CCACGAGTCACTCGAA-1,untreated,bulk,0.044827311833699535,0.011959503628698541,-0.105932895395054
GSM7791000_CCACGAGTCAGGACAG-1,untreated,bulk,0.14700409904358877,0.01445563165739998,-0.09082987171976303
GSM7791000_CCACGAGTCTCTTCAA-1,untreated,bulk,-0.16609629895952013,0.012457279918171445,-0.018143078495712766
GSM7791000_CCACGTTAGCAACTCT-1,untreated,bulk,-0.04408083809746635,0.006747577156471932,-0.10819659365622018
GSM7791000_CCACGTTAGTAAAGCT-1,untreated,bulk,-0.07128808066958472,0.010809060160647473,-0.19496699891812666
GSM7791000_CCACGTTCATTGCCTC-1,untreated,bulk,0.0074519705393957525,0.00896197482923128,-0.10724768577803444
GSM7791000_CCACGTTTCAGACCTA-1,untreated,bulk,0.1421677357809884,0.01891437920568925,0.1436440200342589
GSM7791000_CCACGTTTCATATGGC-1,untreated,bulk,0.07144193391951303,0.008336088763084783,-0.10709182259908286
GSM7791000_CCACGTTTCGTGTGGC-1,untreated,bulk,0.03588929055229065,0.012200622972971946,-0.0992574174149952
GSM7791000_CCACGTTTCTCTAAGG-1,untreated,bulk,-0.00815517206040639,0.022165524961679853,0.36380906387369827
GSM7791000_CCACTTGAGGTGGGTT-1,untreated,bulk,-0.015413934011307973,0.011902438805351337,-0.12152405310550736
GSM7791000_CCACTTGCAATGCAAA-1,untreated,bulk,-0.14317258793210227,0.01420792877027448,0.022086039755008387
GSM7791000_CCACTTGCACGCGCAT-1,untreated,bulk,0.09187313064696298,0.010491724767145428,-0.11420440296229252
GSM7791000_CCACTTGCAGAGTCAG-1,untreated,bulk,-0.03453583951980348,0.014420725861038909,-0.0626112730778786
GSM7791000_CCACTTGGTCGCACAC-1,untreated,bulk,-0.035297004306127144,0.00853511714745645,-0.21980165808627378
GSM7791000_CCACTTGTCCAACTGA-1,untreated,bulk,-0.16586539450145898,0.004135772031973902,-0.14789106537646002
GSM7791000_CCATAAGCACACAGCC-1,untreated,bulk,-0.02787505573696558,0.009889312648712324,-0.17917490151726043
GSM7791000_CCATAAGCATCCGTTC-1,untreated,bulk,-0.13492059677366225,0.013648326765123179,-0.06139430827242601
GSM7791000_CCATAAGGTCGTTCAA-1,untreated,bulk,-0.0799771904566931,0.012549885271815307,-0.08487176779840111
GSM7791000_CCATAAGGTGCATTAC-1,untreated,bulk,-0.02674106264871265,0.015760322750900523,-0.01613657977937463
GSM7791000_CCATAAGTCAACGTGT-1,untreated,bulk,-0.15155008611224946,0.008077037521779672,0.03066285547909296
GSM7791000_CCATCACGTTGGTGTT-1,untreated,bulk,-0.08496703431719825,0.01011320014655751,-0.019513815976148843
GSM7791000_CCATCACTCCCGAATA-1,untreated,bulk,-0.03109982157510424,0.016315637010553455,0.06089587162634338
GSM7791000_CCCAACTAGAGTTGCG-1,untreated,bulk,-0.017471518062409902,0.006152904329996112,-0.1253940186664367
GSM7791000_CCCAACTAGCGCCTTG-1,untreated,bulk,0.08320693606422061,0.009729336619288322,-0.08845594899472348
GSM7791000_CCCAACTAGGTCCCTG-1,untreated,bulk,0.026095001584007627,0.00963791992169372,-0.13706278507621725
GSM7791000_CCCAACTAGTGCCTCG-1,untreated,bulk,-0.016222715831938253,0.016038892116257846,0.18230909558711214
GSM7791000_CCCAACTCAAGGACAC-1,untreated,bulk,-0.090461063422854,0.012382020341785134,-0.09637656634401812
GSM7791000_CCCAACTGTCGACGCT-1,untreated,bulk,-0.18161996023995536,0.016298366566007607,0.045630114717217625
GSM7791000_CCCAACTGTCGTTGGC-1,untreated,bulk,-0.12953261610061406,0.016925817992786377,-0.1327056654054416
GSM7791000_CCCAACTGTCTCTCAC-1,untreated,bulk,0.025642219422355506,0.007927794075195102,-0.19447659949011922
GSM7791000_CCCAACTTCAACGTGT-1,untreated,bulk,-0.15516370500837054,0.014570096952704245,0.002666803349908069
GSM7791000_CCCATTGAGGCCACTC-1,untreated,bulk,-0.05912309374128069,0.018204015015345455,0.3148315251774277
GSM7791000_CCCATTGAGGGTACAC-1,untreated,bulk,0.018482946819729257,0.009258031000629902,-0.2156356564867252
GSM7791000_CCCATTGAGTCCTGTA-1,untreated,bulk,0.08204336908128523,0.01323813746107017,-0.12485761026569515
GSM7791000_CCCATTGAGTGTTGAA-1,untreated,bulk,0.15611361549014136,0.00833382429136308,-0.08632923637335688
GSM7791000_CCCATTGCAAGTTTGC-1,untreated,bulk,-0.13778276715959822,0.022545162334532704,0.31864259182148796
GSM7791000_CCCATTGCAGTCAGAG-1,untreated,bulk,-0.042013458373054646,0.009514053990117292,-0.03874336573608539
GSM7791000_CCCATTGTCACCACAA-1,untreated,bulk,-0.10668043700475541,0.015125591951764215,-0.13171798519049824
GSM7791000_CCCATTGTCCAAGCTA-1,untreated,bulk,-0.19198059698892017,0.010781393273127373,-0.10779523409229266
GSM7791000_CCCATTGTCCAGTGTA-1,untreated,bulk,-0.06412770157768614,0.01760928125194255,0.05758688337014018
GSM7791000_CCCATTGTCCGGACTG-1,untreated,bulk,-0.03669229598272414,0.007104609085875509,-0.18923684822731865
GSM7791000_CCCATTGTCTGGCCGA-1,untreated,bulk,-0.09240842262903849,0.0136047017671979,0.007532185341588745
GSM7791000_CCCGAAGAGTTGCGCC-1,untreated,bulk,-0.12688295326535665,0.010583595476656013,-0.035068503021401284
GSM7791000_CCCGAAGCATGAAAGT-1,untreated,bulk,-0.09236252920968192,0.01978576496987687,0.2526237988112895
GSM7791000_CCCGAAGGTATGTCTG-1,untreated,bulk,-0.060904650006975446,0.02006834319426644,0.331540075465142
GSM7791000_CCCGAAGTCACGGAGA-1,untreated,bulk,0.07578144482203891,0.010830994299403093,-0.1620571316898225
GSM7791000_CCCGAAGTCATGAAAG-1,untreated,bulk,-0.062433346869453565,0.008346006551970668,-0.11142648867226411
GSM7791000_CCCGGAAAGAGTATAC-1,untreated,bulk,-0.1957857222027249,0.0066971618673444125,-0.04513896719063885
GSM7791000_CCCGGAAAGGTCACTT-1,untreated,bulk,0.0241074922349718,0.010356410123663633,-0.18258744470329566
GSM7791000_CCCGGAACAAGAGTTA-1,untreated,bulk,-0.11572750636509486,0.02325058003920787,0.46412910146342246
GSM7791000_CCCGGAACAAGGTACG-1,untreated,bulk,0.01580940413096593,0.007602689593882463,-0.19779271925362113
GSM7791000_CCCGGAAGTATCAGGG-1,untreated,bulk,0.03731994174775621,0.010972564832400174,0.07257154185418506
GSM7791000_CCCGGAAGTCACCGCA-1,untreated,bulk,-0.046062142508370534,0.02250083340321295,0.4405401188281011
GSM7791000_CCCGGAAGTCCAGGTC-1,untreated,bulk,0.07673818194676957,0.013143928674380502,-0.21869648989185497
GSM7791000_CCCGGAATCCACCTGT-1,untreated,bulk,-0.10291600280337865,0.007718236792612683,-0.054995996940630364
GSM7791000_CCCTAACAGCTCGTGC-1,untreated,bulk,-0.04789472621584695,0.01336915041395917,0.09539723619104683
GSM7791000_CCCTAACAGGCTGGAT-1,untreated,bulk,-0.005107826429700091,0.008459036539490204,-0.12617608713588394
GSM7791000_CCCTAACAGGGCTTCC-1,untreated,bulk,-0.11834628544156511,0.004155127255783918,-0.11205750815059647
GSM7791000_CCCTAACGTGCAGGAT-1,untreated,bulk,-0.16756635393415178,0.00842147899064788,-0.1646634771877127
GSM7791000_CCCTCAAAGATTCGAA-1,untreated,bulk,-0.12325406369708834,0.013832052138059485,-0.043003796139673
GSM7791000_CCCTCAACAAGTGGAC-1,untreated,bulk,-0.011118884389362621,0.009388201913168796,-0.06902498612080739
GSM7791000_CCCTCAACAGTGGCTC-1,untreated,bulk,-0.08873932429722377,0.014457277085279826,0.21328521316167734
GSM7791000_CCCTCAACAGTTACCA-1,untreated,bulk,-0.08771436244722394,0.007291402642811157,-0.12564463247767463
GSM7791000_CCCTCAAGTTACGCCG-1,untreated,bulk,-0.023171645875961044,0.009756286956489833,-0.11330631708865324
GSM7791000_CCCTCTCAGGTCCTGC-1,untreated,bulk,-0.11316128322056361,0.019357243575055902,0.25372165754960796
GSM7791000_CCCTCTCAGGTGCGAT-1,untreated,bulk,-0.0494154403323219,0.008430443964125366,-0.19479794590837698
GSM7791000_CCCTCTCCAGCGGATA-1,untreated,bulk,-0.10898086290510872,0.009662214348097928,-0.018583402629182892
GSM7791000_CCCTCTCGTAAGCAAT-1,untreated,bulk,-0.0046559161231631285,0.006929501856222302,-0.1411703708570683
GSM7791000_CCCTCTCGTAGCACAG-1,untreated,bulk,-0.14435652206814478,0.004745550774414642,-0.14931643609843706
GSM7791000_CCCTCTCGTCGTTGGC-1,untreated,bulk,-0.14045893029561118,0.013820380249050404,-0.009071333449604254
GSM7791000_CCCTCTCTCACCATCC-1,untreated,bulk,0.03180921827043803,0.012977432440286438,-0.029257492761675313
GSM7791000_CCCTCTCTCGCCGATG-1,untreated,bulk,-0.07312088557652065,0.01584684220799818,0.20536537477638164
GSM7791000_CCCTGATCACCAGGTC-1,untreated,bulk,-0.12157405959235297,0.010657894510332161,-0.130205033302188
GSM7791000_CCCTGATCAGAACTCT-1,untreated,bulk,-0.0908629722443838,0.009284267065498097,-0.05739408119082891
GSM7791000_CCCTTAGAGTCTCGTA-1,untreated,bulk,-0.13340315493326338,0.008931068084691414,-0.027780680837556637
GSM7791000_CCCTTAGTCAGACAAA-1,untreated,bulk,-0.07922788695683555,0.012873918734917566,-0.08655078127118071
GSM7791000_CCCTTAGTCGCGCCAA-1,untreated,bulk,-0.11418380654047405,0.008669853293766072,-0.15762643856116798
GSM7791000_CCGAACGAGACGCCCT-1,untreated,bulk,-0.07836174064212376,0.010291754969254366,-0.20713350472506076
GSM7791000_CCGAACGAGCCTGTCG-1,untreated,bulk,0.07954352757287403,0.011447732118664856,-0.0066673618963876335
GSM7791000_CCGAACGAGCTGAAGC-1,untreated,bulk,-0.0563570687127492,0.01571880468265576,-0.013834483116112151
GSM7791000_CCGAACGAGGTCATCT-1,untreated,bulk,-0.07975722721644811,0.015028972977875706,0.09518015591990828
GSM7791000_CCGAACGAGGTCGTGA-1,untreated,bulk,-0.03997537302592444,0.010169647558506058,-0.09316330680549836
GSM7791000_CCGAACGCAATTCTTC-1,untreated,bulk,-0.0244296207125225,0.009164736273934694,-0.04006645429176141
GSM7791000_CCGAACGCAGAGGTAC-1,untreated,bulk,-0.06485137137155683,0.010669068337506542,-0.05753045010510944
GSM7791000_CCGAACGCATAACAGA-1,untreated,bulk,0.028967038563319614,0.011192915480230702,-0.0540341876888392
GSM7791000_CCGAACGCATGGTGGA-1,untreated,bulk,-0.029141121667528913,0.008119364986061268,-0.10611324199717746
GSM7791000_CCGAACGGTATGGTAA-1,untreated,bulk,-0.0985389658761403,0.008997391029576637,-0.13789640494589475
GSM7791000_CCGAACGGTCTGTTAG-1,untreated,bulk,-0.20721751621791296,0.01030603970431505,-0.007214868349519665
GSM7791000_CCGAACGGTGAATTAG-1,untreated,bulk,-0.1907977294921875,0.00963678306701013,-0.1280327338728449
GSM7791000_CCGAACGTCTACGCAA-1,untreated,bulk,0.016156774853903155,0.013019773326220759,-0.13220614142925313
GSM7791000_CCGAACGTCTGGCCGA-1,untreated,bulk,0.07857561202276322,0.009922463434374766,-0.11695253309646272
GSM7791000_CCGAACGTCTGTCTCG-1,untreated,bulk,-0.0573951734815325,0.010593283611283335,-0.16290949130294685
GSM7791000_CCGATCTAGTTAGTGA-1,untreated,bulk,-0.04144732263353135,0.007510874379813204,-0.10141605521161769
GSM7791000_CCGATCTCAGCACCCA-1,untreated,bulk,0.011511462832254071,0.019515545251644714,-0.05025284543351057
GSM7791000_CCGATCTTCTATGCCC-1,untreated,bulk,0.012865361107720241,0.008066386731977345,-0.06315823803538784
GSM7791000_CCGATGGAGAAACCCG-1,untreated,bulk,0.061666780199323395,0.005349526669017138,-0.1611043839241573
GSM7791000_CCGATGGAGGATTACA-1,untreated,bulk,0.1266983707367428,0.013714015477291779,-0.04984933032889555
GSM7791000_CCGATGGAGTCGGCAA-1,untreated,bulk,-0.1081345209621248,0.015626840509153247,0.061903074721258035
GSM7791000_CCGATGGCAACACAAA-1,untreated,bulk,-0.1527018740820506,0.012947761559797847,0.00690696119696806
GSM7791000_CCGATGGCAACAGCCC-1,untreated,bulk,-0.0016836815788632276,0.009247688208085107,-0.03448515336493118
GSM7791000_CCGATGGCACAATCTG-1,untreated,bulk,0.07180762760222903,0.009892371767979271,-0.08272280480215664
GSM7791000_CCGATGGGTTAGGAGC-1,untreated,bulk,0.013183270257616786,0.011449450007235774,-0.018748713626896677
GSM7791000_CCGATGGGTTGGGATG-1,untreated,bulk,0.01359542460668653,0.01206678503881595,-0.07648817599371621
GSM7791000_CCGATGGTCATTTGCT-1,untreated,bulk,0.03860523799109078,0.0073661525638228685,-0.20206093896383695
GSM7791000_CCGATGGTCCCATTTA-1,untreated,bulk,-0.047071700096130376,0.009479385750504244,-0.11765544677026807
GSM7791000_CCGATGGTCGAATGCT-1,untreated,bulk,0.11247204856267051,0.016147539426647574,0.06643210480726164
GSM7791000_CCGCAAGAGGTAACTA-1,untreated,bulk,-0.008513242479354616,0.010805493113964882,-0.17082125313258267
GSM7791000_CCGCAAGCAGAGGGTT-1,untreated,bulk,-0.024067750204177174,0.005058361878000493,-0.12696469639520572
GSM7791000_CCGCAAGCATCGTCCT-1,untreated,bulk,-0.11774525139066908,0.010340103593429373,-0.15932287157723757
GSM7791000_CCGCAAGTCAACTGAC-1,untreated,bulk,0.03209790638514928,0.012771436688298594,0.03410251189939095
GSM7791000_CCGCAAGTCAAGTCGT-1,untreated,bulk,0.021650256505088228,0.011556880659623356,-0.04686090579605103
GSM7791000_CCGGACAAGATGATTG-1,untreated,ciliated,1.859162780519516,0.013079458907225045,-0.006369135732425975
GSM7791000_CCGGACAAGTCTCCTC-1,untreated,bulk,-0.1394767107282366,0.012143422489996085,-0.03317408172243651
GSM7791000_CCGGACACACAACGAG-1,untreated,bulk,-0.16688437533757045,0.009586880840779865,-0.1775188605146898
GSM7791000_CCGGACACAGGAACCA-1,untreated,bulk,-0.05717927599710132,0.01397013196968618,-0.05389955522422549
GSM7791000_CCGGACACAGGTGAGT-1,untreated,bulk,-0.019740097106449167,0.006201563328237918,-0.1459343689021161
GSM7791000_CCGGACACAGTCTTCC-1,untreated,bulk,0.06792149119906957,0.01036705436354077,-0.03199762651304713
GSM7791000_CCGGACAGTTTCGTTT-1,untreated,bulk,-0.0021577524760412747,0.00758570212539469,-0.08129948456196434
GSM7791000_CCGGACATCATGCCAA-1,untreated,bulk,-0.06976680377173045,0.014827335417464603,-0.09139285009623001
GSM7791000_CCGGACATCGCTAGCG-1,untreated,bulk,-0.12821226634676497,0.008112117312164309,-0.13390880095563623
GSM7791000_CCGGGTAAGGAATGTT-1,untreated,bulk,0.055667431392366934,0.008833928289964698,-0.086185077341639
GSM7791000_CCGGGTACAAGTTTGC-1,untreated,bulk,-0.04192733617055984,0.017102738785533884,-0.03897252277115542
GSM7791000_CCGGGTACAATCACGT-1,untreated,bulk,-0.06757865845210967,0.013605729858566867,-0.12963850888154982
GSM7791000_CCGGGTAGTGAAGCTG-1,untreated,bulk,-0.033627316384088446,0.014672088712047393,-0.09241176874665254
GSM7791000_CCGGTAGAGAACAGGA-1,untreated,bulk,-0.12446650603460886,0.013712136670256262,-0.16047469060832376
GSM7791000_CCGGTAGAGGATATAC-1,untreated,bulk,-0.009030440194266187,0.009663887368743811,-0.162938640159511
GSM7791000_CCGGTAGGTCTCTCTG-1,untreated,bulk,0.2235287863110739,0.009980940983167128,-0.08881625568551496
GSM7791000_CCGGTAGTCACTGGGC-1,untreated,bulk,-0.11895570474957662,0.009573811522750704,-0.037472990037295616
GSM7791000_CCGGTAGTCCTTCTAA-1,untreated,bulk,0.029624121226961675,0.009113212406146482,-0.052343029325941946
GSM7791000_CCGGTAGTCGTTTACT-1,untreated,bulk,-0.05417285661848764,0.0049229763048469965,-0.08034609164598704
GSM7791000_CCGGTGAAGACGTCCC-1,untreated,bulk,0.22849061360434883,0.01266882633465967,0.014131294038440795
GSM7791000_CCGGTGAAGATGAATC-1,untreated,bulk,0.08679358073643276,0.01340696094168665,-0.13192777350121596
GSM7791000_CCGGTGACAACGCCCA-1,untreated,bulk,0.2812725136772035,0.0081367032396623,-0.09311164111547203
GSM7791000_CCGGTGACACGACGCT-1,untreated,bulk,-0.022639373900398385,0.009275258010126883,-0.14622631075359493
GSM7791000_CCGGTGAGTAGCGAGT-1,untreated,bulk,-0.03177203950427826,0.01039935623019783,-0.08163508557757615
GSM7791000_CCGGTGAGTTAAACCC-1,untreated,bulk,-0.05507927652389283,0.0061620214478407785,-0.11039192963663222
GSM7791000_CCGGTGAGTTGTCATG-1,untreated,bulk,-0.1798793465750558,0.011298635557150964,-0.13274083153018013
GSM7791000_CCGTAGGAGTGAGTGC-1,untreated,bulk,-0.21040402192918084,0.013319624876195016,0.03905047361019756
GSM7791000_CCGTAGGCATGAGATA-1,untreated,bulk,-0.1609654780796596,0.01258355860869954,-0.009691912268897223
GSM7791000_CCGTAGGCATTGACCA-1,untreated,bulk,0.005294997351510178,0.012894295199232549,-0.1286718265036604
GSM7791000_CCGTAGGGTGCACATT-1,untreated,bulk,0.04083420420449878,0.01910448026850629,0.28798323879408094
GSM7791000_CCGTAGGTCATAGACC-1,untreated,bulk,-0.06823470259469652,0.014657032954056634,-0.003792923046860602
GSM7791000_CCGTAGGTCCAACACA-1,untreated,bulk,-0.04321266749548533,0.007228737330155929,-0.055835537960291885
GSM7791000_CCGTAGGTCGTACACA-1,untreated,bulk,-0.07685884937407478,0.013405775464320015,-0.0861664669224732
GSM7791000_CCGTGAGAGACATCCT-1,untreated,bulk,-0.08244183343554301,0.00640076273481115,-0.1562209361915732
GSM7791000_CCGTGAGAGGTTCAGG-1,untreated,bulk,-0.07441228283776175,0.015278897011471053,0.012164839980557247
GSM7791000_CCGTGAGAGTATGAGT-1,untreated,bulk,-0.0024532401372515944,0.00700689231164359,-0.034179414546297325
GSM7791000_CCGTGAGTCTAGGAAA-1,untreated,bulk,-0.03768205915178571,0.020984313404076235,0.4690682349683815
GSM7791000_CCGTTCAAGTCTGCAT-1,untreated,bulk,-0.16505782244697448,0.01071288174331376,-0.00397476991687701
GSM7791000_CCGTTCACAAGACTGG-1,untreated,bulk,-0.06512479903205992,0.007846170788678468,-0.017334913588433663
GSM7791000_CCGTTCACACAACATC-1,untreated,bulk,-0.20590892246791295,0.0880322902707625,-0.06803133132385153
GSM7791000_CCGTTCACACGTAGTT-1,untreated,bulk,0.19740097303239126,0.012299092853002033,-0.11101251693746603
GSM7791000_CCGTTCACATATGAAG-1,untreated,bulk,-0.06569091251918248,0.02048300857090779,0.29121391094703136
GSM7791000_CCGTTCAGTCCAACGC-1,untreated,bulk,-0.11162356520455982,0.008923266853386527,-0.09810801823558953
GSM7791000_CCGTTCAGTCTTGAAC-1,untreated,bulk,-0.24216657366071428,0.009075965733901875,0.010047667936635352
GSM7791000_CCGTTCAGTGACTGAG-1,untreated,bulk,-0.12421040743116347,0.008331643705000988,-0.08597967854561231
GSM7791000_CCGTTCAGTGCCTGCA-1,untreated,bulk,0.017625674444531614,0.007262083695197818,-0.19943227569659452
GSM7791000_CCGTTCAGTGGGTTGA-1,untreated,bulk,0.06807493951585558,0.012973248801351813,0.038933254812887425
GSM7791000_CCTAACCAGCTGACCC-1,untreated,bulk,-0.11978099754878452,0.007528327942450916,-0.06021760746510571
GSM7791000_CCTAACCAGCTGGCTC-1,untreated,bulk,-0.1510528554235186,0.009807544984149118,-0.1114326637737617
GSM7791000_CCTAACCCAATTGCTG-1,untreated,bulk,-0.0357345429677812,0.0062543546110595425,-0.18129251422859707
GSM7791000_CCTAACCGTATGCAAA-1,untreated,bulk,0.07485441828530937,0.007211700725934478,-0.12717393591423817
GSM7791000_CCTAACCGTCATAGTC-1,untreated,bulk,-0.043963948582846024,0.020683504715744594,0.27492969332766043
GSM7791000_CCTAACCGTCCCTAAA-1,untreated,bulk,-0.15313538687569755,0.012926172808000132,0.016257437612871926
GSM7791000_CCTAACCGTTTGGAAA-1,untreated,bulk,-0.12865467487819612,0.005515060096902652,-0.12869085969164848
GSM7791000_CCTAAGAAGGTTAGTA-1,untreated,bulk,-0.12635373705909364,0.009800500624148665,-0.09669574927738757
GSM7791000_CCTAAGAAGTAATCCC-1,untreated,bulk,-0.08830942259894478,0.008413113192310558,-0.09964828344098259
GSM7791000_CCTAAGACAGTCAGAG-1,untreated,bulk,-0.08741697704981244,0.009777454462079064,-0.13393412148600045
GSM7791000_CCTAAGACATACATCG-1,untreated,bulk,0.02620822634015764,0.021283035400658804,0.3112906078473832
GSM7791000_CCTAAGATCGGAAACG-1,untreated,bulk,-0.0514724349975586,0.011215970540153336,-0.11306720182176601
GSM7791000_CCTACGTAGGTATTGA-1,untreated,bulk,-0.04206160484798371,0.009514125279084157,0.06538225603450591
GSM7791000_CCTACGTCACATACTG-1,untreated,bulk,-0.21404569353376116,0.012911834766835944,0.04099690535499914
GSM7791000_CCTACGTGTTAAGAAC-1,untreated,bulk,-0.11640984293014284,0.009808743673260253,-0.18565547965322574
GSM7791000_CCTATCGGTACGTGAG-1,untreated,bulk,-0.09641841343470982,0.023005302201996144,0.42908090003855515
GSM7791000_CCTATCGGTTTACTGG-1,untreated,bulk,0.052016929596189476,0.008628574506939064,-0.08598777322683002
GSM7791000_CCTATCGTCAAACGAA-1,untreated,bulk,-0.026423284288436627,0.016217643280326714,0.10768811590381928
GSM7791000_CCTCAACAGTTCCGGC-1,untreated,bulk,0.08800074622744603,0.004712795946471557,-0.12371302095831961
GSM7791000_CCTCAACCAGTAGGAC-1,untreated,bulk,0.13746031549241805,0.010443203416718352,-0.06077600460295926
GSM7791000_CCTCAACGTGCCCACA-1,untreated,bulk,-0.094076019014631,0.014533992464409366,-0.1374366229336643
GSM7791000_CCTCAACGTTCGAACT-1,untreated,bulk,0.012564954000806039,0.008411878421347595,-0.0914421263193477
GSM7791000_CCTCAACTCGCAATTG-1,untreated,bulk,-0.10997916085379464,0.014326242934230252,0.10391280439390682
GSM7791000_CCTCAACTCTCCACTG-1,untreated,bulk,-0.07365121720329165,0.01032955767619986,-0.14716555978753715
GSM7791000_CCTCACAAGGAAGTCC-1,untreated,bulk,0.012725552301558252,0.004108634362515647,-0.18331843017192564
GSM7791000_CCTCACACAAATGAGT-1,untreated,bulk,0.03164035554916139,0.015381695901934996,-0.10173674982110392
GSM7791000_CCTCACACATTGGGAG-1,untreated,bulk,0.0973626062605116,0.010573561238624869,-0.04148792255315024
GSM7791000_CCTCACAGTAGTCACT-1,untreated,bulk,0.0444266679551866,0.012155415972436261,-0.1502644041720239
GSM7791000_CCTCACAGTCAAACGG-1,untreated,bulk,0.048946305229550346,0.01070153255678288,-0.12791452850829407
GSM7791000_CCTCACATCCAGCAAT-1,untreated,bulk,-0.036073408429584786,0.010270520064825272,-0.051212797211356284
GSM7791000_CCTCACATCGATGCTA-1,untreated,bulk,0.0016560400099981387,0.006220737376117985,-0.18244719695877631
GSM7791000_CCTCACATCTCTGGTC-1,untreated,bulk,0.13010821690635077,0.006941692654826516,-0.14476817992749547
GSM7791000_CCTCAGTCAATGTCAC-1,untreated,bulk,0.12214399352906241,0.013206084006157519,-0.020250078744218098
GSM7791000_CCTCAGTCAATGTTGC-1,untreated,bulk,-0.09840637453018672,0.007334520053109665,-0.11920291112342621
GSM7791000_CCTCAGTCACCGAATT-1,untreated,bulk,0.020155852030193988,0.007340798730524431,0.0723316483017753
GSM7791000_CCTCAGTCAGCCGGTT-1,untreated,bulk,0.008091713436066156,0.009275518163844435,0.01876066592858779
GSM7791000_CCTCAGTCATTAGGCT-1,untreated,bulk,0.06316992653740774,0.043764627652298334,0.05254205447818221
GSM7791000_CCTCAGTGTCACTCGG-1,untreated,bulk,-0.1058771732875279,0.013478146935310693,0.1355065937971872
GSM7791000_CCTCAGTGTCCTACAA-1,untreated,bulk,-0.09484983171735491,0.02483596379352086,0.36838614673071857
GSM7791000_CCTCAGTGTGCCTGCA-1,untreated,bulk,-0.14368351202162485,0.009561864476911144,-0.20409756057237177
GSM7791000_CCTCAGTTCTATCCAT-1,untreated,bulk,0.07684691580515057,0.00911969648743066,-0.016404740348841682
GSM7791000_CCTCATGAGGGATGTC-1,untreated,bulk,0.04272971244085402,0.010347475694269874,-0.14310084490681085
GSM7791000_CCTCATGAGTGCTAGG-1,untreated,bulk,-0.07836277265397329,0.00835435313757533,0.05113297219847543
GSM7791000_CCTCATGCACTGCGTG-1,untreated,bulk,-0.031194729729304232,0.015345233729312522,0.06948815647590707
GSM7791000_CCTCATGCAGGAATAT-1,untreated,bulk,-0.13926925901382692,0.006793816832539875,-0.14637139590639162
GSM7791000_CCTCATGCATCGTCCT-1,untreated,bulk,-0.1058464558919271,0.006949837594194664,0.019508025484293187
GSM7791000_CCTCATGCATTGCTGA-1,untreated,bulk,-0.0303497642940945,0.00977387143829537,-0.07428938307206392
GSM7791000_CCTCATGGTCGATTTG-1,untreated,bulk,0.04524031109280055,0.01107032231993729,0.056840897659616765
GSM7791000_CCTCATGTCCGATAAC-1,untreated,bulk,-0.09682172635244944,0.010752339383576644,-0.03169232133853265
GSM7791000_CCTCATGTCCGGTTCT-1,untreated,bulk,0.0382908907390776,0.006660997801071778,-0.27131586272785607
GSM7791000_CCTCCAAAGCGACTGA-1,untreated,bulk,-0.041090990399557464,0.005318566865513878,-0.12305115189385128
GSM7791000_CCTCCAAAGGTTCCGC-1,untreated,bulk,0.10548021346803693,0.005842660584653878,-0.1268963945050892
GSM7791000_CCTCCAACAACAAGAT-1,untreated,bulk,0.005612845496525826,0.007523182765870957,-0.15165059123699798
GSM7791000_CCTCCAACAAGTTCGT-1,untreated,bulk,-0.04523156983511789,0.005964458064327774,-0.15686838233059766
GSM7791000_CCTCCAAGTACAAACA-1,untreated,bulk,-0.010106880097162152,0.006198561858397757,-0.10852351586002787
GSM7791000_CCTCCAAGTGGACTAG-1,untreated,bulk,0.027391522725423195,0.008890265155866186,-0.024066982197747104
GSM7791000_CCTCCAATCGCCACTT-1,untreated,bulk,-0.04861313191671221,0.010852838885585216,-0.0835022398360129
GSM7791000_CCTCCTCAGTTGCTGT-1,untreated,bulk,-0.06151420063442653,0.015207246934642572,-0.006686729188781375
GSM7791000_CCTCCTCCACCCTATC-1,untreated,bulk,-0.14384518214634487,0.010540800446172567,-0.0018779727828240307
GSM7791000_CCTCCTCCACGTCGTG-1,untreated,bulk,-0.01050142999679321,0.00934988231454191,-0.1713046833256714
GSM7791000_CCTCCTCCATAAGCAA-1,untreated,bulk,-0.035390130905877976,0.009773592522573359,-0.0586505739296397
GSM7791000_CCTCCTCGTAGTCGGA-1,untreated,bulk,-0.07454674327184282,0.015202246697791893,-0.002773363892783938
GSM7791000_CCTCCTCTCAGAGTTC-1,untreated,bulk,0.04976212849692696,0.004888403523183986,-0.1123418633658144
GSM7791000_CCTCCTCTCGCTTACC-1,untreated,bulk,-0.11340704584878589,0.011474715091218866,-0.03454193111403822
GSM7791000_CCTCCTCTCTAGGCAT-1,untreated,bulk,-0.003377808464897991,0.009216339908355504,0.02814221171834666
GSM7791000_CCTCTAGCAGCGACCT-1,untreated,bulk,-0.12129467449490983,0.007164729465093269,-0.0336549402283704
GSM7791000_CCTCTAGTCCATTGGA-1,untreated,bulk,-0.0658652823311942,0.01886493828192897,0.1542284768107311
GSM7791000_CCTCTAGTCGTCTCAC-1,untreated,bulk,0.01991357107011099,0.010370505793601612,-0.19684243672528945
GSM7791000_CCTCTCCAGACATAAC-1,untreated,bulk,-0.002784457812233576,0.007969187963417768,-0.09618395011372999
GSM7791000_CCTCTCCCATTAAAGG-1,untreated,bulk,-0.08473980063483828,0.010273820507711823,-0.10371556920953441
GSM7791000_CCTCTCCGTGACTATC-1,untreated,bulk,-0.07668649817269946,0.0073597814166097555,-0.12487648046771439
GSM7791000_CCTCTCCGTGGAACAC-1,untreated,bulk,-0.06077577780163479,0.01170933270579216,0.036187633572579356
GSM7791000_CCTCTCCGTTTGGGTT-1,untreated,bulk,4.604400150359789e-05,0.011043792760726931,0.007301449707883937
GSM7791000_CCTCTCCTCAGAGCAG-1,untreated,bulk,-0.0701950083838569,0.008354916172437004,0.12693955332296852
GSM7791000_CCTGCATAGAGTAACT-1,untreated,bulk,0.011317962994651182,0.02346919002327788,0.3654858543752196
GSM7791000_CCTGCATAGCAGGCAT-1,untreated,bulk,-0.05979812152801997,0.010094461331220406,-0.03932317981286945
GSM7791000_CCTGCATCACACGTGC-1,untreated,bulk,-0.1536682346888951,0.01472624107863958,-0.05732374661772596
GSM7791000_CCTGCATCACAGTGTT-1,untreated,bulk,-0.10850674614073741,0.005818003929984551,-0.16630137042451723
GSM7791000_CCTGCATGTAGACACG-1,untreated,bulk,0.013972948316543832,0.003950106280549899,-0.1931113546741537
GSM7791000_CCTGCATGTGCTCGTG-1,untreated,bulk,-0.1238938249860491,0.02376520174190549,0.411580162196474
GSM7791000_CCTGCATTCTTGGGCG-1,untreated,bulk,0.034195987837655206,0.017174600200224686,0.2277895720722861
GSM7791000_CCTGTTGAGCCATTGT-1,untreated,bulk,0.12089346431550527,0.010063695836989057,-0.10348205268372493
GSM7791000_CCTGTTGAGTAAGACT-1,untreated,bulk,-0.19960239955357142,0.012174956713981461,-0.020214051038963874
GSM7791000_CCTGTTGCAAGGCGTA-1,untreated,bulk,-0.003233157490927091,0.010457713413440853,-0.03825604925424145
GSM7791000_CCTGTTGGTCGATTTG-1,untreated,bulk,-0.14258012711055693,0.005740774131261886,-0.09239954592470902
GSM7791000_CCTGTTGGTGAATGTA-1,untreated,bulk,-0.06032662527901786,0.022494110839955263,0.4628986926526714
GSM7791000_CCTGTTGTCGCTAAAC-1,untreated,bulk,0.024108494652642143,0.0043734898680539355,-0.1375346093248764
GSM7791000_CCTTCAGAGAGGATGA-1,untreated,bulk,-0.1297322518484933,0.020040915274113228,0.066682049016757
GSM7791000_CCTTCAGCAAGTCATC-1,untreated,bulk,-0.09124473655034623,0.011782714802873396,-0.018361385600587216
GSM7791000_CCTTCAGCACAAAGTA-1,untreated,bulk,-0.11326016017368862,0.014555249379757213,0.06351949843034939
GSM7791000_CCTTCAGCAGCGTTGC-1,untreated,bulk,-0.05134214673723493,0.020133147348750543,0.5674417132204316
GSM7791000_CCTTCAGCATGGAATA-1,untreated,bulk,0.005387205396379741,0.007701003255822284,-0.12258457592550853
GSM7791000_CCTTCAGGTGACTAAA-1,untreated,bulk,-0.10828525092866687,0.01463755877897114,-0.021232292974058594
GSM7791000_CCTTCAGGTGGATGAC-1,untreated,bulk,-0.18225432657060167,0.008919898220887004,-0.24252146328376925
GSM7791000_CCTTCAGGTTCATCGA-1,untreated,bulk,0.12558086728292797,0.011045398259890066,0.024356687752977592
GSM7791000_CCTTCAGTCTGGGAGA-1,untreated,bulk,-0.048867852877056805,0.007974272091644755,-0.13154529101544507
GSM7791000_CCTTCAGTCTGGGATT-1,untreated,bulk,0.17683647080073278,0.007242802305800433,-0.1153861089638952
GSM7791000_CCTTGTGCAATCCTAG-1,untreated,bulk,-0.21542957956828768,0.005609618935682453,-0.1262115047970223
GSM7791000_CCTTGTGCAGTCCCGA-1,untreated,bulk,-0.147569723394182,0.01111474663820412,-0.09871551323148277
GSM7791000_CCTTGTGCATGACTCA-1,untreated,bulk,-0.07079099927629744,0.023372244714979822,0.353966485527747
GSM7791000_CCTTGTGCATGTGCTA-1,untreated,bulk,-0.010472066288902626,0.011911402100799844,-0.1133278767775692
GSM7791000_CCTTGTGGTGGGAGAG-1,untreated,bulk,-0.09778978665669759,0.017112059242316405,0.0932687732072293
GSM7791000_CCTTGTGTCCCATAAG-1,untreated,bulk,0.11595915415930369,0.013151736706515028,0.08704356573930917
GSM7791000_CCTTTGGCAGCTCGGT-1,untreated,bulk,-0.1476342981580704,0.010494239921889002,-0.16870024890728388
GSM7791000_CCTTTGGCATTCGGGC-1,untreated,bulk,-0.08247476502070353,0.006885604745012402,-0.061950325280981496
GSM7791000_CCTTTGGCATTCTGTT-1,untreated,bulk,-0.006212748118809286,0.0052462689494673235,-0.12146323442065796
GSM7791000_CCTTTGGGTACATACC-1,untreated,bulk,0.13577807229662703,0.01253510252982912,-0.16930979495990128
GSM7791000_CCTTTGGGTAGTCCTA-1,untreated,bulk,-0.18054836787874734,0.006975214257986251,-0.1268620967049127
GSM7791000_CCTTTGGGTCTGCCTT-1,untreated,bulk,-0.034399861078413696,0.00884756039331959,-0.16457002183912817
GSM7791000_CCTTTGGGTGAGAACC-1,untreated,bulk,-0.044766039469885444,0.00650381920444973,-0.14019470908916865
GSM7791000_CCTTTGGGTGCAGATG-1,untreated,bulk,-0.08215583468240403,0.01013120795152234,-0.09921301778983456
GSM7791000_CCTTTGGGTTAATCGC-1,untreated,bulk,-0.15623771777228704,0.008264108293566972,0.002492641692574376
GSM7791000_CCTTTGGGTTACAGCT-1,untreated,bulk,-0.1334166185439579,0.006392214404604629,-0.13292733143642912
GSM7791000_CCTTTGGTCTTGCAAG-1,untreated,bulk,-0.0491356440952846,0.021782932076382586,0.4545679853798442
GSM7791000_CGAAGGAAGGATCACG-1,untreated,bulk,-0.06145662186637757,0.013538381130052008,-0.004535952639208141
GSM7791000_CGAAGGAGTCCAGCAC-1,untreated,bulk,-0.06842647552490234,0.019707343830745093,0.4107072001557453
GSM7791000_CGAAGGATCCATGAGT-1,untreated,bulk,-0.09714644295828682,0.021666934749051073,0.3212967723375733
GSM7791000_CGAAGGATCGCGTGAC-1,untreated,bulk,-0.054332940237862726,0.037495975372701586,-0.04545336963338117
GSM7791000_CGAAGTTCAGCACAGA-1,untreated,bulk,-0.049856584109957275,0.00896628002254671,-0.07391845543997694
GSM7791000_CGAAGTTCATGGCTGC-1,untreated,bulk,-0.14468809195927212,0.01057525770101365,-0.039836880854107234
GSM7791000_CGAAGTTGTTGTAAAG-1,untreated,bulk,-0.07334072786664206,0.008372537778731306,-0.11550964377502418
GSM7791000_CGAAGTTTCCGAACGC-1,untreated,bulk,-0.24196933611990912,0.005998108576031584,-0.20541946989839888
GSM7791000_CGAATTGAGACTCTTG-1,untreated,bulk,-0.11566571780613491,0.013166268413500291,-0.11893040782223936
GSM7791000_CGAATTGAGCCAGACA-1,untreated,bulk,-0.11642350404981582,0.012950574307319917,0.05207342751060166
GSM7791000_CGAATTGAGGGAGGTG-1,untreated,bulk,-0.10499136160290432,0.009079090941500733,-0.06313307629319959
GSM7791000_CGAATTGCAAACGAGC-1,untreated,bulk,0.16843684862530423,0.011434122796961942,-0.19117366349088363
GSM7791000_CGAATTGCAATGAGCG-1,untreated,bulk,-0.07270847865513393,0.027969749684974485,0.5958362520285279
GSM7791000_CGAATTGCAGCTACTA-1,untreated,bulk,-0.08931137402852377,0.006079165681502081,-0.07378522492528267
GSM7791000_CGAATTGGTTTGAAAG-1,untreated,bulk,-0.07616310119628907,0.01737833592777328,0.21695182896233617
GSM7791000_CGAATTGTCATTTCGT-1,untreated,bulk,-0.21477940150669642,0.03168372583328693,-0.04455748753882406
GSM7791000_CGACAGCAGCCTCTTC-1,untreated,bulk,-0.08206085106683159,0.005749969374712102,-0.12428885327711274
GSM7791000_CGACAGCAGCGACTGA-1,untreated,bulk,-0.13706384715579803,0.010004400741980704,-0.17708306674831625
GSM7791000_CGACAGCCAAGTAGTA-1,untreated,bulk,0.005206868534996384,0.013243854433210269,0.032008079326903915
GSM7791000_CGACAGCCACAATGAA-1,untreated,bulk,-0.24731238228934152,0.009806721966858716,-0.19269048528548033
GSM7791000_CGACAGCGTAATCAGA-1,untreated,bulk,-0.01988569532121931,0.03108146558677271,-0.09283320197366984
GSM7791000_CGACAGCTCACGACTA-1,untreated,bulk,0.1449395434061686,0.015872457224511312,0.053759352881284486
GSM7791000_CGACAGCTCCATATGG-1,untreated,bulk,0.024405878309219642,0.006687387352351567,-0.1292559219655929
GSM7791000_CGACAGCTCGTCGGGT-1,untreated,bulk,-0.03239280186002216,0.009782931635663458,-0.05175254750933054
GSM7791000_CGACAGCTCTGCCTGT-1,untreated,bulk,-0.06932243816436282,0.006989398217382951,-0.16882859946468104
GSM7791000_CGACAGCTCTTCCGTG-1,untreated,bulk,0.03003169574434797,0.007461766169441204,-0.06998930682239214
GSM7791000_CGAGAAGAGAGAGGGC-1,untreated,bulk,-0.1240336331110152,0.0071312020951833175,0.001043375062435663
GSM7791000_CGAGAAGAGGTAAGTT-1,untreated,bulk,-0.024993597969176273,0.009774039836982303,-0.030651409577845963
GSM7791000_CGAGAAGCAGAACTCT-1,untreated,bulk,-0.025330807670714384,0.005842558167352037,-0.09089911585759161
GSM7791000_CGAGAAGCAGCTGGTC-1,untreated,bulk,-0.054912341511438756,0.004838381452658059,-0.2494749113297281
GSM7791000_CGAGAAGGTAACATCC-1,untreated,bulk,-0.00015596321650912515,0.009426197746088119,0.0025693133854592714
GSM7791000_CGAGAAGGTAAGTTGA-1,untreated,bulk,-0.010682997022356306,0.020041655192811248,0.6037966486422307
GSM7791000_CGAGAAGGTTGTACGT-1,untreated,bulk,-0.05583956037248884,0.01745841044156511,0.38782067553357213
GSM7791000_CGAGAAGTCCGCTGTT-1,untreated,bulk,-0.06379583260369681,0.020561855079316477,-0.18179126884256572
GSM7791000_CGAGGAAAGGTATAGT-1,untreated,bulk,0.03998121140495178,0.011973547724685183,-0.16343631417960713
GSM7791000_CGAGGAACAACACAGG-1,untreated,bulk,-0.05606908995007712,0.009573229200919187,-0.07341168462519582
GSM7791000_CGAGGAACAAGATTGA-1,untreated,bulk,0.1432543298933241,0.017911385016677456,0.10607382971757372
GSM7791000_CGAGGAAGTAAGTTAG-1,untreated,bulk,0.01272054430038208,0.012117097126908562,0.04397076127309702
GSM7791000_CGAGGAAGTGGCTACC-1,untreated,bulk,0.05705224173409598,0.014367743350573914,-0.06473560334835284
GSM7791000_CGAGGAAGTTTCCAAG-1,untreated,bulk,-0.20626680646623885,0.013503397590061623,-0.18498762785134748
GSM7791000_CGAGGAATCTTTGCGC-1,untreated,bulk,-0.17948370797293528,0.015985247759947273,-0.08488461417136159
GSM7791000_CGAGGCTAGACCGCCT-1,untreated,bulk,-0.06568249308873736,0.013009006347825718,-0.014058321922641987
GSM7791000_CGAGGCTCAGTTGTTG-1,untreated,bulk,0.04235679823254779,0.006924901443747223,-0.09054489913134448
GSM7791000_CGAGGCTGTAGCCCTG-1,untreated,bulk,-0.15088775945088223,0.025850959269998166,-0.10021169110037124
GSM7791000_CGAGGCTGTCGGCACT-1,untreated,bulk,-0.2107401384626116,0.010246547655189637,0.015092962117352894
GSM7791000_CGAGGCTGTCTACGAT-1,untreated,bulk,-0.2018776774406433,0.006286281153720324,-0.13614189769243493
GSM7791000_CGAGGCTGTTGACGGA-1,untreated,bulk,-0.12202948736766028,0.007120477962362753,-0.11959628690745305
GSM7791000_CGAGTGCAGACGCAGT-1,untreated,bulk,-0.19472645350864956,0.021480602589332955,0.038660956750560346
GSM7791000_CGAGTGCCACTCGATA-1,untreated,bulk,0.022128275613936155,0.008272343288369028,-0.1268753097000159
GSM7791000_CGAGTGCTCAGAACCT-1,untreated,bulk,-0.038168777284168065,0.014854132806002566,-0.16950912597326648
GSM7791000_CGAGTTAAGCCGCTTG-1,untreated,bulk,0.09273121303982204,0.011719443635434859,0.023481146565038715
GSM7791000_CGAGTTAAGGTTAGTA-1,untreated,bulk,0.007972909760853603,0.01311580650211959,0.031390404241706915
GSM7791000_CGAGTTAAGTAATACG-1,untreated,bulk,0.05177434671492803,0.01141019751514456,-0.09167824457777969
GSM7791000_CGAGTTACAAGAAACT-1,untreated,bulk,-0.05356129237583705,0.020913157269206856,0.595188785080579
GSM7791000_CGAGTTACACTCCGGA-1,untreated,bulk,0.022544089877416212,0.012305851132785659,-0.0344281404948962
GSM7791000_CGAGTTAGTCCGGCAT-1,untreated,bulk,0.008171928193834097,0.01918113787028958,-0.0005324193750465696
GSM7791000_CGAGTTAGTGGTTCTA-1,untreated,bulk,-0.1016736726912241,0.009713385756589624,-0.004869271355275754
GSM7791000_CGAGTTATCACGAACT-1,untreated,bulk,-0.16515696919153608,0.012078116976658046,-0.1481448135086229
GSM7791000_CGATCGGAGTATGTAG-1,untreated,bulk,-0.09012545449393136,0.012608897169769286,-0.014180942937839126
GSM7791000_CGATCGGCAGTGGTGA-1,untreated,bulk,-0.17210606166294642,0.010205117130566,-0.10201977634841168
GSM7791000_CGATCGGCATACAGCT-1,untreated,bulk,-0.041790316445486884,0.023285328599123113,0.5758329244383377
GSM7791000_CGATCGGTCATGGCCG-1,untreated,bulk,0.028169448186480817,0.012146612655101254,0.035914233774598264
GSM7791000_CGATCGGTCTTGAGCA-1,untreated,bulk,-0.16343450500851586,0.013172729855558138,-0.18681347931457515
GSM7791000_CGATGCGAGGAACTCG-1,untreated,bulk,-0.21613455636160714,0.011627724453418765,0.06683760174486116
GSM7791000_CGATGCGAGGGCCAAT-1,untreated,bulk,-0.08666215275961256,0.008217469659729843,-0.1934004000828666
GSM7791000_CGATGCGCATTGTCGA-1,untreated,bulk,0.10232102378966318,0.01144420729831671,0.052315049124474204
GSM7791000_CGATGCGGTATTCCGA-1,untreated,bulk,0.19361836645338273,0.02226972758336882,0.3270953832421519
GSM7791000_CGATGCGTCCAAAGGG-1,untreated,bulk,-0.044457571468656004,0.01428580326638434,0.021704469441795233
GSM7791000_CGATGGCCAAGTATAG-1,untreated,bulk,-0.02105891908918109,0.013517385885604702,0.12478767291638582
GSM7791000_CGATGGCCACACCGAC-1,untreated,bulk,-0.045935047694614956,0.01962208549588387,0.4752076857301049
GSM7791000_CGATGGCCACTAGTAC-1,untreated,bulk,-0.17870633806501116,0.022686661399074142,0.2811581090436827
GSM7791000_CGATGGCCAGCGACCT-1,untreated,bulk,-0.06933247770581924,0.008014615480171565,-0.19196051693921007
GSM7791000_CGATGGCCATCGGAGA-1,untreated,bulk,-0.02067466160607717,0.012697562052742173,-0.018895511551374308
GSM7791000_CGATGGCGTATCGAAA-1,untreated,bulk,-0.1579943084716797,0.014919359825590946,-0.028038245460321784
GSM7791000_CGATGGCTCAGTCAGT-1,untreated,bulk,-0.1280478788935949,0.009451106543581474,-0.0397804011192261
GSM7791000_CGATGGCTCTATTTCG-1,untreated,bulk,0.02814763296218148,0.005158857368338177,-0.07926459674908612
GSM7791000_CGCAGGTAGAGGATCC-1,untreated,bulk,-0.0014435746934678972,0.007467397133375782,-0.02953701719133321
GSM7791000_CGCAGGTCACTCCTGT-1,untreated,bulk,-0.016906079489087317,0.008303037130029632,-0.1516730532405181
GSM7791000_CGCAGGTCACTGCGTG-1,untreated,bulk,0.13267704645792644,0.006863253904815261,-0.12913333965595816
GSM7791000_CGCAGGTGTTCCATTT-1,untreated,bulk,-0.11537219456263952,0.017842138921163483,0.287423074789391
GSM7791000_CGCAGGTTCCTCACTG-1,untreated,bulk,-0.00932942859710209,0.006462078223834196,-0.050732110760425525
GSM7791000_CGCAGGTTCGGACCAC-1,untreated,bulk,-0.20160775320870536,0.014172855715130144,-0.1417386561869819
GSM7791000_CGCATAAAGGTTGGTG-1,untreated,bulk,-0.08980765917944528,0.010097882666917463,-0.13495071106978643
GSM7791000_CGCATAACAACGTTAC-1,untreated,bulk,0.15522517567589172,0.01536851367243967,0.1714576087846681
GSM7791000_CGCATAACACAAATGA-1,untreated,bulk,-0.07636660765087794,0.00950787250725769,-0.1506165941853201
GSM7791000_CGCATAAGTTGAGGAC-1,untreated,bulk,-0.031988418896992984,0.010469895577672661,0.011391326805598487
GSM7791000_CGCATGGCAGCGTGAA-1,untreated,bulk,0.06407301758962965,0.010178769417800769,-0.01865454184111917
GSM7791000_CGCATGGCAGTCTTCC-1,untreated,bulk,-0.20050477024108643,0.00731448175591893,-0.02921865794747733
GSM7791000_CGCATGGGTTGCTTGA-1,untreated,bulk,0.0376775436552744,0.014620587918641681,0.04091105958061456
GSM7791000_CGCATGGGTTGGGACA-1,untreated,bulk,0.04688463339729915,0.008552261235984645,0.058732942794890795
GSM7791000_CGCATGGTCTTCCAGC-1,untreated,bulk,0.03757744365268284,0.010445103452745182,-0.031134155718719695
GSM7791000_CGCCAGACACCCATAA-1,untreated,bulk,-0.04568985530308315,0.020130627789163715,0.21397822533306168
GSM7791000_CGCCAGAGTGAGTAAT-1,untreated,bulk,-0.13727171761648996,0.014254757685187022,0.09231652862014587
GSM7791000_CGCCAGATCCCTTCCC-1,untreated,bulk,-0.10855394416385228,0.009225280214470439,-0.0969055842666988
GSM7791000_CGCCATTAGGTTGTTC-1,untreated,bulk,-0.11838480245499386,0.00835845775799093,-0.06312923154326336
GSM7791000_CGCCATTGTAGATGTA-1,untreated,bulk,0.09995465354313929,0.010937013436024616,-0.19965045574570486
GSM7791000_CGCCATTGTCCCTCAT-1,untreated,bulk,-0.08261936051504953,0.009703560987368475,-0.027317838880173133
GSM7791000_CGCCATTGTTCTTCAT-1,untreated,bulk,-0.23517826625279017,0.008260496036389006,-0.0060607755361274515
GSM7791000_CGCCATTGTTTCAGAC-1,untreated,bulk,-0.17959199413420662,0.00677322623684348,-0.28357429217202895
GSM7791000_CGCGTGAAGGCAGTCA-1,untreated,bulk,0.12608960636078367,0.008788964835261877,-0.2569386550115474
GSM7791000_CGCGTGAAGGTCACTT-1,untreated,bulk,-0.14610945936233277,0.008700114197447172,-0.13972445729378943
GSM7791000_CGCGTGAAGTGTACCT-1,untreated,bulk,-0.11449559427443005,0.013055328036348533,-0.031637651087798764
GSM7791000_CGCGTGACATAACAGA-1,untreated,bulk,-0.08852288526202004,0.01510434019111682,-0.13054111996268802
GSM7791000_CGCGTGACATGTACGT-1,untreated,bulk,-0.0015419989540463308,0.012481840408427527,0.0024241945232151194
GSM7791000_CGCGTGAGTTGCGGAA-1,untreated,bulk,-0.06676334089703029,0.01838155141423639,-0.0497755962294438
GSM7791000_CGCGTGATCACCCTTG-1,untreated,bulk,-0.07537220073124719,0.017012674431647595,-0.04288869360635779
GSM7791000_CGGAACCAGGATTACA-1,untreated,bulk,-0.036770564790755966,0.005517522921148979,-0.12215420825335138
GSM7791000_CGGAACCCAGGCTATT-1,untreated,bulk,-0.09514272247041974,0.01348925383548572,-0.08176546600381207
GSM7791000_CGGAACCGTCCGGATC-1,untreated,bulk,-0.030939925057547432,0.019799289952427197,0.5801590942772974
GSM7791000_CGGAACCGTTGCGGCT-1,untreated,bulk,-0.11922160856307498,0.00988648481096773,-0.11885050452803002
GSM7791000_CGGAACCTCAACCTTT-1,untreated,bulk,-0.1531925532931373,0.011990619269400177,-0.056229554689063495
GSM7791000_CGGAACCTCCAGTGCG-1,untreated,bulk,-0.1515657040429494,0.011389760137531723,-0.116792013640482
GSM7791000_CGGAATTCACGCTGTG-1,untreated,bulk,-0.08796034676688058,0.019171435970633924,0.1670936346731259
GSM7791000_CGGAATTCACTTCAAG-1,untreated,bulk,0.047111858640398296,0.014096571622049815,0.019373212293458866
GSM7791000_CGGAATTCAGAGTGAC-1,untreated,bulk,-0.08506851037343344,0.010715377439569204,-0.19172913414954454
GSM7791000_CGGAATTCATCAGTCA-1,untreated,bulk,-0.06480283472273085,0.011589497540619682,-0.09903581465858347
GSM7791000_CGGAATTCATCGATAC-1,untreated,bulk,-0.09483587915935215,0.006569396198235303,-0.2614058589129682
GSM7791000_CGGAATTCATTGAGGG-1,untreated,bulk,0.09066292535691031,0.007104665931514231,-0.09394286987144151
GSM7791000_CGGACACAGATTAGAC-1,untreated,bulk,-0.10729137965611049,0.016842882905251474,-0.023668771373116834
GSM7791000_CGGACACAGCATCCTA-1,untreated,bulk,-0.05159425190516881,0.010846399205988977,-0.143254841893646
GSM7791000_CGGACACGTTTCCATT-1,untreated,bulk,0.04888429550897505,0.006749771152992172,-0.15092982350956383
GSM7791000_CGGACACTCAGCCCAG-1,untreated,bulk,-0.14386902165791343,0.00880016497556529,-0.11601093925860301
GSM7791000_CGGACACTCCAACTAG-1,untreated,bulk,0.033293220277816504,0.010751715169107267,-0.21511473598066877
GSM7791000_CGGAGAACAAGCCTGC-1,untreated,bulk,0.00904396904839408,0.012182411453620276,-0.15853618820852527
GSM7791000_CGGAGAACATCCGAAT-1,untreated,bulk,-0.18891850872645302,0.015904667207075538,-0.025139564883928493
GSM7791000_CGGAGAATCGAAACAA-1,untreated,bulk,-0.17274687135030353,0.011675657868737133,-0.10691521779650699
GSM7791000_CGGAGAATCTTAGCTT-1,untreated,bulk,-0.1476911617460705,0.0071469926844260935,-0.15451887905088627
GSM7791000_CGGCAGTAGAGTCAAT-1,untreated,bulk,-0.12092846363309831,0.008181191783030776,-0.28783149165399335
GSM7791000_CGGCAGTAGTTCACTG-1,untreated,bulk,0.1755003099592905,0.01927251577969525,0.48948341865393835
GSM7791000_CGGCAGTAGTTTAGGA-1,untreated,bulk,0.08891177147153825,0.005660397421799124,-0.2790551189922083
GSM7791000_CGGCAGTCACGCCAGT-1,untreated,bulk,-0.061917871747698104,0.017299111647409604,0.422018475318493
GSM7791000_CGGCAGTGTACTCAAC-1,untreated,bulk,-0.06772632996241253,0.010011771856145463,-0.15251626254178888
GSM7791000_CGGCAGTGTGTGAATA-1,untreated,bulk,-0.053234133039202006,0.015653896181875602,0.39630237182208095
GSM7791000_CGGCAGTTCCATTGCC-1,untreated,bulk,-0.10022320384070986,0.010084404640336494,-0.15073259523423269
GSM7791000_CGGCAGTTCTGCCTCA-1,untreated,bulk,0.13106475239708312,0.010896713433102096,-0.04051141171465073
GSM7791000_CGGGACTCAGGCTACC-1,untreated,bulk,-0.06389321429388864,0.014406687441617804,-0.00014224686961598185
GSM7791000_CGGGACTCAGGTTTAC-1,untreated,bulk,-0.1173138846291436,0.005542309083770027,-0.06933915062146033
GSM7791000_CGGGACTGTCGTACAT-1,untreated,bulk,-0.1270748431720431,0.009918230497977762,-0.05400772483155811
GSM7791000_CGGGACTTCACCATGA-1,untreated,bulk,-0.1302400687384227,0.00978163851743578,-0.13666181412386796
GSM7791000_CGGGACTTCATCCCGT-1,untreated,bulk,-0.03945097824883842,0.00477313794861251,-0.1287980994209751
GSM7791000_CGGGACTTCGCTAGCG-1,untreated,bulk,0.0021217739014398607,0.011609007356324813,-0.05827333945296759
GSM7791000_CGGGACTTCGGTCTAA-1,untreated,bulk,-0.1588695282027835,0.01281923008091503,-0.2374819619501259
GSM7791000_CGGGCATAGAGAATCT-1,untreated,bulk,-0.10152606419154576,0.019223526066732683,0.3547756435100577
GSM7791000_CGGGCATAGTAGCATA-1,untreated,bulk,-0.16948932780159842,0.01072762162628607,-0.13900930328219133
GSM7791000_CGGGCATCAAGTTCGT-1,untreated,bulk,-0.03872275488717215,0.023117503797313657,0.5134149095391802
GSM7791000_CGGGCATTCAGTGTTG-1,untreated,bulk,0.08157739730108354,0.008150653549272217,-0.2008601216004776
GSM7791000_CGGGCATTCTCAATCT-1,untreated,bulk,-0.010839215535966173,0.00585380422835529,-0.07357345433097984
GSM7791000_CGGGTCAAGCAAGTCG-1,untreated,bulk,-0.14211491176060267,0.009683584035300983,-0.03124409842792086
GSM7791000_CGGGTCAAGCGAGTAC-1,untreated,bulk,-0.08907994890969897,0.012196467227562659,0.03852459557935429
GSM7791000_CGGGTCAAGGGAGTGG-1,untreated,bulk,-0.03805553239489359,0.00405438756791464,-0.14171550079529815
GSM7791000_CGGGTCACAACGCATT-1,untreated,bulk,0.0512974867745051,0.006773484468402195,-0.1717688989476589
GSM7791000_CGGGTCACACTCTAGA-1,untreated,bulk,0.0030285892789325974,0.009332182344282137,-0.11142330133318604
GSM7791000_CGGGTCACAGACCATT-1,untreated,bulk,0.06412327221461706,0.009036107860067682,-0.17649551293850066
GSM7791000_CGGGTCACAGGGATAC-1,untreated,bulk,-0.11049494743347166,0.007275574699354366,-0.11034593097911413
GSM7791000_CGGGTCAGTATGCTAC-1,untreated,bulk,-0.17504828237351922,0.009438622663187367,-0.09344681311952982
GSM7791000_CGGGTCAGTGAATATG-1,untreated,bulk,-0.1222595687139602,0.010307453921246382,-0.10328639976032784
GSM7791000_CGGGTCAGTTTGAAAG-1,untreated,bulk,0.07829866636367071,0.014152168504238992,-0.0038865048965660777
GSM7791000_CGGGTCATCAAGAATG-1,untreated,bulk,-0.14627585274832589,0.012319575151696889,0.10587955894363996
GSM7791000_CGGGTCATCTGCGGAC-1,untreated,bulk,-0.013632274506584052,0.008267697109353843,-0.13723683283278065
GSM7791000_CGGGTGTAGACCTCCG-1,untreated,bulk,-0.03398059757928998,0.012689536311117229,-0.02042569909272102
GSM7791000_CGGGTGTCACGACGCT-1,untreated,bulk,-0.02532586438315254,0.014002989175488083,-0.00221267524801812
GSM7791000_CGGGTGTGTAAGGCCA-1,untreated,bulk,0.09988016431293789,0.006884012938395169,-0.13582025799048023
GSM7791000_CGGGTGTGTGACCTGC-1,untreated,bulk,0.0027307925148615797,0.0096776953270549,-0.03882834533865225
GSM7791000_CGGGTGTGTTCCGTTC-1,untreated,bulk,-0.02100622934008403,0.005783207710564257,-0.2657687381792812
GSM7791000_CGGTCAGAGCCACTCG-1,untreated,bulk,0.08655815404558938,0.022681742581766553,0.5540243028057898
GSM7791000_CGGTCAGAGGGAGGAC-1,untreated,bulk,0.09191493276565793,0.0069121934352687105,-0.25129765202312104
GSM7791000_CGGTCAGCAAGTCCCG-1,untreated,bulk,-0.13901218959263392,0.009770273836087758,-0.07071305704899535
GSM7791000_CGGTCAGTCGGCACTG-1,untreated,bulk,0.0354942872789171,0.007147687453510325,-0.04542161364702786
GSM7791000_CGTAAGTAGATTCGCT-1,untreated,bulk,-0.09442678814842584,0.009919487335681302,-0.09850470472125862
GSM7791000_CGTAAGTAGCCTGACC-1,untreated,bulk,-0.09195457314688063,0.008024682377855271,-0.03641350026446211
GSM7791000_CGTAAGTGTATTAAGG-1,untreated,bulk,-0.10936130099826388,0.005826638005018455,-0.09034734928020044
GSM7791000_CGTAAGTGTGGTAACG-1,untreated,bulk,-0.03838924983191111,0.04024642524815708,-0.02931108063047935
GSM7791000_CGTAAGTGTTCCCAAA-1,untreated,bulk,-0.016968948046366367,0.013893471141250007,0.1672810713462419
GSM7791000_CGTAAGTGTTGTCAGT-1,untreated,bulk,-0.1904746133183676,0.015765479172828698,-0.12577727526022842
GSM7791000_CGTAAGTTCTGGACTA-1,untreated,bulk,-0.15869056224822997,0.010814554929273523,0.03350681702018396
GSM7791000_CGTAATGAGGGCAGTT-1,untreated,bulk,0.10165415869818795,0.011166553667346908,-0.11172063431778939
GSM7791000_CGTAATGCAAAGCGTG-1,untreated,bulk,-0.10730086266048369,0.007309851551956158,0.05153990653709505
GSM7791000_CGTAATGCAGCAGTCC-1,untreated,bulk,-0.17324164023475042,0.00832622904019051,-0.1933204492573572
GSM7791000_CGTAATGGTAGACAGC-1,untreated,bulk,-0.028831162377009306,0.010740198431662485,-0.2010141564659625
GSM7791000_CGTAATGGTTGCTCGG-1,untreated,bulk,-0.16323717234626647,0.009406428511964326,-0.11393954404849944
GSM7791000_CGTAATGTCGGCAGTC-1,untreated,bulk,-0.0596568640830025,0.011692416340161455,-0.0006112767999860054
GSM7791000_CGTAGTAAGATGATTG-1,untreated,bulk,0.0027207211085728267,0.017243083526999253,-0.03752393638907974
GSM7791000_CGTAGTAAGGCGACAT-1,untreated,bulk,-0.06528662136622837,0.007747197707019582,-0.19752857565163182
GSM7791000_CGTAGTACAGGCTTGC-1,untreated,bulk,0.06560978601849268,0.011776638319579586,-0.017870186196016425
GSM7791000_CGTAGTAGTGGTTTGT-1,untreated,bulk,-0.10263472019679962,0.005198234029665008,-0.07089791062816905
GSM7791000_CGTAGTAGTTCTAACG-1,untreated,bulk,-0.1773174830845424,0.019842620830943628,0.13046303725993705
GSM7791000_CGTAGTATCTGAGATC-1,untreated,bulk,0.11022946781582302,0.015097149946175267,-0.17500407570167106
GSM7791000_CGTCAAACAAGATTGA-1,untreated,bulk,-0.17281374250139508,0.011084671083994786,0.02618508560362123
GSM7791000_CGTCAAACACTCCGGA-1,untreated,bulk,-0.12390421485143996,0.009302315776004273,-0.09083858265940958
GSM7791000_CGTCAAAGTAGCGCCT-1,untreated,bulk,-0.1686202243017772,0.011548025709807433,-0.08959934930846385
GSM7791000_CGTCAAAGTGCATCTA-1,untreated,bulk,0.22830989141312857,0.018183902219874558,0.42290012793617016
GSM7791000_CGTCAAATCGGCTCTT-1,untreated,bulk,-0.14026928424835206,0.00588581569902732,-0.168590576331607
GSM7791000_CGTCAAATCTCAACCC-1,untreated,bulk,-0.06381104825034972,0.012879028552017589,-0.07381505809425876
GSM7791000_CGTCAAATCTCTCAAT-1,untreated,bulk,-0.06977174002026756,0.007856754566917173,-0.09099684432409982
GSM7791000_CGTCCATAGGAACTCG-1,untreated,bulk,0.16437889931693908,0.015612376649195335,-0.14839732474108652
GSM7791000_CGTCCATCAACAACAA-1,untreated,bulk,-0.11887806945376928,0.016063881943628466,-0.06090720793376631
GSM7791000_CGTCCATCAACTGAAA-1,untreated,bulk,-0.0673104823581756,0.008377649462031756,-0.10911938804797437
GSM7791000_CGTCCATCAAGAAATC-1,untreated,bulk,-0.09275482230716281,0.012294826035281415,-0.04122600970566313
GSM7791000_CGTCCATCAGGGCTTC-1,untreated,bulk,-0.12387901817049299,0.013777497797408826,-0.022489753718498814
GSM7791000_CGTCCATTCGGCATTA-1,untreated,bulk,-0.028731276194254557,0.010366366933564486,-0.07794541396160017
GSM7791000_CGTCCATTCTAGCCAA-1,untreated,bulk,0.09266879096863762,0.006089579827878505,-0.2156319307502429
GSM7791000_CGTCCATTCTCCCAAC-1,untreated,bulk,-0.0865841347830636,0.016682145479542398,-0.20815888646861797
GSM7791000_CGTCCATTCTTGCAAG-1,untreated,bulk,0.05730013574872697,0.011788700777385381,-0.06162520636246151
GSM7791000_CGTGAATAGAGGGTCT-1,untreated,bulk,-0.041509738649640776,0.006552774862239424,-0.1313117996896754
GSM7791000_CGTGAATCAAAGCTAA-1,untreated,bulk,-0.05620750063941593,0.010079110516692412,-0.012351982934110469
GSM7791000_CGTGAATGTATCCCAA-1,untreated,bulk,0.0288925640166752,0.008476177604614596,-0.1939504472156721
GSM7791000_CGTGAATGTCGTCGGT-1,untreated,bulk,0.14192618173266217,0.014519566920335883,0.051927279934336754
GSM7791000_CGTGAATTCCGGACGT-1,untreated,bulk,0.05037903967357815,0.006818553921582727,-0.1764876744652869
GSM7791000_CGTGAATTCGTGCGAC-1,untreated,bulk,-0.05800151870364237,0.012218687730742108,-0.06464789817825249
GSM7791000_CGTGATAAGCGCCTCA-1,untreated,bulk,-0.08039686793372747,0.00924944679832194,-0.12317027973592747
GSM7791000_CGTGATATCATGCAGT-1,untreated,bulk,0.016003283091953813,0.00700614456116958,-0.09028407655919063
GSM7791000_CGTGCTTAGGTCGTAG-1,untreated,bulk,-0.17288102218082974,0.01244011946510233,-0.04518045918126976
GSM7791000_CGTGCTTGTCTTGGTA-1,untreated,bulk,-0.21614205496651787,0.01166418452371325,-0.18290817838806406
GSM7791000_CGTGCTTTCCCTTGTG-1,untreated,bulk,0.06676842129419722,0.004592902000383459,-0.0789403424424751
GSM7791000_CGTGCTTTCCTACGGG-1,untreated,bulk,-0.07451544807070777,0.014602871388770557,-0.17089100851563538
GSM7791000_CGTGTCTGTCATAACC-1,untreated,bulk,-0.08858568974903652,0.03184300362616012,0.17365211340110195
GSM7791000_CGTGTCTGTCGATTAC-1,untreated,bulk,-0.0030014776805090404,0.009824499298771312,-0.09714731490634992
GSM7791000_CGTGTCTGTGACCTGC-1,untreated,bulk,0.060261353084019254,0.008076397614428917,-0.06358105109973959
GSM7791000_CGTGTCTTCAAGAATG-1,untreated,bulk,0.004485036040109303,0.011219802391607355,-0.06234668168574125
GSM7791000_CGTTAGAAGAGTGTGC-1,untreated,bulk,0.04478806904384067,0.013431203323829596,-0.038861882592600344
GSM7791000_CGTTAGAAGGATGTTA-1,untreated,bulk,-0.116280887543209,0.00745832910867295,-0.08420679344301128
GSM7791000_CGTTAGAAGTAACCGG-1,untreated,bulk,0.12387758429088291,0.020787366704617814,0.4196986290519381
GSM7791000_CGTTAGACACAGCATT-1,untreated,bulk,0.19318078358968097,0.010036316081732196,-0.08239454405245816
GSM7791000_CGTTAGACAGAAGCTG-1,untreated,bulk,-0.061281866383931,0.014979644912894432,-0.03284565026140008
GSM7791000_CGTTAGAGTGAGACGT-1,untreated,bulk,-0.05170169542706202,0.020205865102541555,0.2174884401722665
GSM7791000_CGTTAGATCAGCTTCC-1,untreated,bulk,0.09326445185948931,0.013483660808080894,0.02690814944901586
GSM7791000_CGTTCTGAGTTCGGTT-1,untreated,bulk,-0.02549523732018849,0.011930724929010117,-0.06155329122320722
GSM7791000_CGTTGGGAGCAACTTC-1,untreated,bulk,0.0514476209973532,0.009098380424989012,-0.07076669234251669
GSM7791000_CGTTGGGAGCCTGACC-1,untreated,bulk,-0.06102999005998884,0.016125799169735586,0.3055280425007415
GSM7791000_CGTTGGGAGTTCCAGT-1,untreated,bulk,-0.022159416410658078,0.007197246878410428,-0.21772081728118126
GSM7791000_CGTTGGGCACGCTGCA-1,untreated,bulk,-0.04951620374407087,0.016533004782828736,0.14543722496669703
GSM7791000_CGTTGGGCACTAGGCC-1,untreated,bulk,-0.04805782318115234,0.019829208093308116,0.41231656106471953
GSM7791000_CGTTGGGCATATTCGG-1,untreated,bulk,-0.18253590175083706,0.012606069814080006,0.020230888195375357
GSM7791000_CGTTGGGCATGGTGGA-1,untreated,bulk,0.1402948220570882,0.008466566046810434,-0.22091459896218144
GSM7791000_CGTTGGGGTACCTAAC-1,untreated,bulk,0.06186651759677464,0.0055922459347636936,-0.041895780821300244
GSM7791000_CGTTGGGGTCCGACGT-1,untreated,bulk,-0.09361764483981663,0.007738404116700813,-0.19604401265574428
GSM7791000_CGTTGGGTCGTCGGGT-1,untreated,bulk,-0.1951200212751116,0.012146404826772927,-0.1329407336284891
GSM7791000_CTAACCCAGAACGCGT-1,untreated,bulk,0.03771084543258424,0.010081524749927132,-0.012926033602155926
GSM7791000_CTAACCCAGCTCGAAG-1,untreated,bulk,0.117390784157647,0.010116459760891714,-0.12124330728489764
GSM7791000_CTAACCCCAAATCGGG-1,untreated,bulk,0.10886624427068803,0.010101966043504452,-0.04673670319376744
GSM7791000_CTAACCCCAATAGTAG-1,untreated,bulk,0.001455786644466342,0.016639415382730303,0.252233341502141
GSM7791000_CTAACCCCAGGTCTCG-1,untreated,bulk,-0.2017729039040823,0.008501417070795535,-0.1251499205209135
GSM7791000_CTAACCCGTCTGATAC-1,untreated,bulk,0.005069063580225408,0.006827944746049455,-0.13654288518343408
GSM7791000_CTAACCCGTGCGTGCT-1,untreated,bulk,-0.11426904549674383,0.012107832442861394,0.004365614023613745
GSM7791000_CTAACCCGTTGAGAGC-1,untreated,bulk,-0.16587181257823158,0.012000863072350798,-0.09245309018773804
GSM7791000_CTAACCCTCGCTCTCA-1,untreated,bulk,-0.06354529547312904,0.00825111097295466,-0.1617826586441232
GSM7791000_CTAACCCTCTTTCGAT-1,untreated,bulk,-0.01318487984793526,0.009652202257074374,-0.04763645732265962
GSM7791000_CTAACTTAGAGTCCGA-1,untreated,bulk,-0.02932497236463759,0.014503895116629037,0.03653469500050246
GSM7791000_CTAACTTAGCATCCTA-1,untreated,bulk,-0.15706994045348394,0.008061310864293797,-0.09611488944542428
GSM7791000_CTAACTTAGGGACAGG-1,untreated,bulk,-0.03859631587588597,0.013879771678019194,0.045569983438372715
GSM7791000_CTAACTTCAGTAGTGG-1,untreated,bulk,0.09809655310615661,0.010431775206774118,-0.05317890830107939
GSM7791000_CTAACTTGTCTGTGCG-1,untreated,bulk,-0.05117042496090843,0.005182120172995472,0.06842044886230282
GSM7791000_CTAACTTTCTCTCTAA-1,untreated,bulk,-0.17089077010987297,0.007647337883187953,0.0059309837492874445
GSM7791000_CTAAGTGAGCAGGTCA-1,untreated,bulk,-0.08007881588406035,0.004196674851018777,-0.16899026615593205
GSM7791000_CTAAGTGAGGAGGCAG-1,untreated,bulk,-0.1732384150368827,0.005455422019320395,-0.19898984116303237
GSM7791000_CTAAGTGCACGCTGTG-1,untreated,bulk,-0.11578280096962339,0.012403136888337683,-0.04307445710414481
GSM7791000_CTAAGTGCAGGTGTTT-1,untreated,bulk,0.1694847347622826,0.01245262063490777,0.21969458372011066
GSM7791000_CTAAGTGGTACCTATG-1,untreated,bulk,-0.05696027483258929,0.02217875415698059,0.5126957789577115
GSM7791000_CTAAGTGGTCTAGGTT-1,untreated,bulk,-0.08481149295019726,0.014472853081779815,-0.005685608120333095
GSM7791000_CTAAGTGTCTTAGTTC-1,untreated,bulk,0.14216290428524928,0.011338935481933312,0.061276687763704006
GSM7791000_CTAAGTGTCTTCGTGC-1,untreated,bulk,-0.0670310005687532,0.0111670886213973,-0.01189751672845882
GSM7791000_CTACAGAAGTAATACG-1,untreated,bulk,-0.11077109420110309,0.00490828207233848,-0.08282335871262082
GSM7791000_CTACAGAAGTCCCGAC-1,untreated,bulk,-0.16213781160021587,0.008050613671756614,-0.10427956017499278
GSM7791000_CTACAGAGTAGGAGGG-1,untreated,bulk,-0.1351408318110875,0.004695549818830298,-0.15759293954346343
GSM7791000_CTACAGAGTGCCGAAA-1,untreated,bulk,-0.05492815789722261,0.008386081264634386,-0.10404100003133386
GSM7791000_CTACAGAGTTCAATCG-1,untreated,bulk,0.11405782623896521,0.01489325932695682,0.08269248843904993
GSM7791000_CTACAGATCTTGCAAG-1,untreated,bulk,0.02979862977587988,0.01634078035085383,0.06764665314202774
GSM7791000_CTACATTAGCATGCAG-1,untreated,bulk,-0.05411690848214286,0.019065352670277435,0.3555646678844844
GSM7791000_CTACATTAGCGTACAG-1,untreated,bulk,0.14438798556252128,0.007452973167652985,-0.1153989299466801
GSM7791000_CTACATTCAGGGTTGA-1,untreated,bulk,-0.057281168150523365,0.004798330297404914,0.06271636720927752
GSM7791000_CTACATTTCATCTCTA-1,untreated,bulk,-0.0011391679067460359,0.011263269482070935,-0.004433071848028707
GSM7791000_CTACCCAAGGCGAAGG-1,untreated,bulk,-0.07800470624651228,0.023960524265125883,0.5127502285011767
GSM7791000_CTACCCAGTACTGAGG-1,untreated,bulk,-0.014538398016066795,0.010324910724258328,0.009952725514000536
GSM7791000_CTACCCAGTGGAAGTC-1,untreated,bulk,-0.07756360084291486,0.009604960725216924,-0.187856010721766
GSM7791000_CTACCCAGTTTAAGGA-1,untreated,bulk,-0.0687825896247985,0.0060694469567988945,-0.1431572735224833
GSM7791000_CTACCCATCCAGCTCT-1,untreated,bulk,-0.23937308175223215,0.007003639726375289,-0.07649504417216209
GSM7791000_CTACCTGAGCCAGTAG-1,untreated,bulk,-0.03929952954489088,0.01116314500333853,-0.09621582432158199
GSM7791000_CTACCTGAGGAAGTAG-1,untreated,bulk,-0.0733514404296875,0.023445680174695144,0.47716211654780677
GSM7791000_CTACCTGAGTCAACAA-1,untreated,bulk,-0.019749684485178137,0.006981406716457749,-0.05001177123861589
GSM7791000_CTACCTGCAATTTCCT-1,untreated,bulk,-0.03703869759090364,0.011188961269181173,-0.12576741363091062
GSM7791000_CTACCTGCATGAAGCG-1,untreated,bulk,-0.08266124558827237,0.009962147216197823,-0.14486949351251063
GSM7791000_CTACCTGGTTTGTTGG-1,untreated,bulk,-0.10601275852748326,0.0133380921756949,0.2068951441911291
GSM7791000_CTACCTGTCATTACGG-1,untreated,bulk,0.13779612056792725,0.006497283559816123,-0.03769467425844667
GSM7791000_CTACCTGTCCGCAAAT-1,untreated,bulk,-0.13564113071986608,0.016526723834478712,0.18789614875267216
GSM7791000_CTACGGGAGAAATGGG-1,untreated,bulk,-0.1498963889243111,0.006962443761377067,-0.17830747182922643
GSM7791000_CTACGGGCAGTGGCTC-1,untreated,bulk,-0.06960586547851562,0.01930299907044539,0.32339784502981883
GSM7791000_CTACGGGGTGCCTACG-1,untreated,bulk,-0.0642233753204346,0.011319294800207972,-0.07454866143209629
GSM7791000_CTACGGGTCTTCCAGC-1,untreated,bulk,-0.051427938786763994,0.011815029353794472,-0.06755295694549257
GSM7791000_CTACTATAGATTGACA-1,untreated,bulk,0.016520925400749065,0.00836116166189198,-0.18507330076767173
GSM7791000_CTACTATCAATAGGGC-1,untreated,bulk,-0.14383260874521164,0.01256289770183425,-0.15223233433728853
GSM7791000_CTACTATGTCCGGCAT-1,untreated,bulk,-0.18311155046735492,0.015071012429197216,-0.03518797298717435
GSM7791000_CTACTATGTGTTGCCG-1,untreated,bulk,-0.018905750002179828,0.020287773622608796,0.44661314699823396
GSM7791000_CTACTATTCCAACCAA-1,untreated,bulk,-0.03225987396542987,0.013142059353606274,-0.08665025102593134
GSM7791000_CTACTATTCGATGCTA-1,untreated,bulk,-0.13840232932378374,0.010393712567155322,0.025015540000893153
GSM7791000_CTACTATTCTGGGCAC-1,untreated,bulk,-0.10755514674716526,0.010673171236041184,-0.057469970486420205
GSM7791000_CTAGACAAGATGTTAG-1,untreated,bulk,-0.18830384685879664,0.007281414909879331,-0.20756951471955024
GSM7791000_CTAGACAAGCGTTCAT-1,untreated,bulk,0.060752368654523575,0.01573901333081808,0.06715363738324967
GSM7791000_CTAGACAAGTCCCGGT-1,untreated,bulk,0.09390410324883841,0.020082315701465847,0.30011908397092735
GSM7791000_CTAGACACAAGGTTGG-1,untreated,bulk,-0.08134751509106347,0.008370935088052117,-0.191956676714945
GSM7791000_CTAGACACAAGTCCAT-1,untreated,bulk,-0.028221591313680017,0.007942485513902434,-0.02553558374611078
GSM7791000_CTAGACACACACACGC-1,untreated,bulk,0.0003945456610785769,0.008607031476933962,-0.1223378092883179
GSM7791000_CTAGACACACCGCTAG-1,untreated,bulk,-0.0158635405888633,0.013325686710494833,-0.1318380204910111
GSM7791000_CTAGACACAGTATTCG-1,untreated,bulk,-0.07288317286779011,0.008658922360733796,-0.22661755626171515
GSM7791000_CTAGACAGTGAACGGT-1,untreated,bulk,0.014191452359396284,0.009034166848024692,-0.18092043148972078
GSM7791000_CTAGACAGTTGACTGT-1,untreated,bulk,0.012497232225206156,0.008117383602511373,-0.12543719333124484
GSM7791000_CTAGACAGTTTCGCTC-1,untreated,bulk,-0.006189872802249974,0.01529620204675992,-0.061464974916314044
GSM7791000_CTAGACATCCGACGGT-1,untreated,bulk,9.261063167026462e-05,0.012472369161375963,-0.04184240799998346
GSM7791000_CTAGACATCCTGTACC-1,untreated,bulk,0.01962523869105748,0.009346077000008814,-0.038453637824356665
GSM7791000_CTAGACATCGCCGAAC-1,untreated,bulk,0.12473312907748751,0.00874629212061613,-0.13971618472448302
GSM7791000_CTAGGTAAGAATCTAG-1,untreated,bulk,-0.11179994193334428,0.011768332575999421,-0.11345770938752137
GSM7791000_CTAGGTAAGCGTCAAG-1,untreated,bulk,-0.06989930069635786,0.012440971116020213,0.03394601582879496
GSM7791000_CTAGGTAAGTAACCTC-1,untreated,bulk,-0.028762923649379185,0.0191680418095661,0.5558680897852496
GSM7791000_CTAGGTAGTCACTTCC-1,untreated,bulk,0.003723818006969637,0.009110407742622027,0.11431357205679564
GSM7791000_CTAGGTAGTTTCGCTC-1,untreated,bulk,-0.05168020876627119,0.0070442821505618865,-0.05842988863086825
GSM7791000_CTATAGGAGCCTCACG-1,untreated,bulk,0.10200713081965368,0.006831219322103127,-0.13771902286375476
GSM7791000_CTATAGGAGCTCCCTT-1,untreated,bulk,-0.07406721996882605,0.014436865350460097,-0.028630684157925714
GSM7791000_CTATAGGAGGGTCACA-1,untreated,bulk,-0.15764050642649335,0.015118292375878634,-0.06929096276431009
GSM7791000_CTATAGGAGTCTTGGT-1,untreated,bulk,-0.060244697086394766,0.005744732276757017,-0.12849439454477293
GSM7791000_CTATAGGGTTGCCGAC-1,untreated,bulk,-0.0377867067427862,0.006447984562433222,-0.10015163494101548
GSM7791000_CTATAGGTCGTGGACC-1,untreated,bulk,0.019089253743489604,0.011535772397205206,-0.08398256622442876
GSM7791000_CTATCCGAGCCTGGAA-1,untreated,bulk,-0.11313642346669756,0.013166846455654012,-0.1075023006048904
GSM7791000_CTATCCGAGTTCACTG-1,untreated,bulk,0.046078515431237616,0.01242471208569261,-0.03551039082969006
GSM7791000_CTATCCGCACTAGGCC-1,untreated,bulk,0.05275074035402327,0.007081334368655317,-0.10613861968901586
GSM7791000_CTATCCGGTCTCGCGA-1,untreated,bulk,-0.13811331612723216,0.01559260311215884,-0.029278017465243427
GSM7791000_CTATCCGTCATAGACC-1,untreated,bulk,-0.19977733067103795,0.013656852382400322,0.09147727777483716
GSM7791000_CTATCTAAGACATCAA-1,untreated,bulk,-0.1489105853580293,0.008704164652115083,-0.13099423279849517
GSM7791000_CTATCTAAGATAACAC-1,untreated,bulk,0.056303167040385904,0.011425787104152815,0.030991746085890906
GSM7791000_CTATCTAAGGCTCAAG-1,untreated,bulk,0.08147421988229903,0.014619907507315736,0.04715659048001751
GSM7791000_CTATCTACAACTACGT-1,untreated,bulk,-0.027088905743190228,0.00959565745859538,-0.07198692858991577
GSM7791000_CTATCTACATACTTTC-1,untreated,bulk,-0.16973197149851965,0.008028351205982269,-0.05154552547257825
GSM7791000_CTATCTAGTAGCCCTG-1,untreated,bulk,-0.0024276211905100986,0.011916260997775102,-0.018767204376511526
GSM7791000_CTATCTAGTGGCCACT-1,untreated,bulk,-0.22621793474469867,0.013486732986043599,-0.006627267661842626
GSM7791000_CTATCTATCCTGTAAG-1,untreated,bulk,-0.09387115599617127,0.00855583942609371,-0.021347311207105864
GSM7791000_CTATCTATCTCGCTTG-1,untreated,bulk,0.03759179402911472,0.005911762684002704,-0.14487518162153745
GSM7791000_CTCAACCAGCTGGCTC-1,untreated,bulk,0.15256027070302813,0.013750296577370634,0.06329697152834998
GSM7791000_CTCAACCAGTGTTGAA-1,untreated,bulk,-0.08780150368100118,0.00435289642364324,-0.0861171634086604
GSM7791000_CTCAACCCATCGTGCG-1,untreated,bulk,0.1487689593481639,0.00746942666730933,-0.21620743683238075
GSM7791000_CTCAACCCATGATAGA-1,untreated,bulk,-0.03858856814248221,0.0075926932234384285,-0.09118685439190245
GSM7791000_CTCAACCTCTAGCAAC-1,untreated,bulk,0.011370248037671282,0.005031759982202745,-0.19446648511986458
GSM7791000_CTCAAGAAGATGATTG-1,untreated,bulk,-0.21852565110675873,0.004746017781280242,-0.17760696765343598
GSM7791000_CTCAAGAAGTTCCGTA-1,untreated,bulk,-0.16678776661554973,0.008475545599272993,0.006675030687987204
GSM7791000_CTCAAGACAATTGAAG-1,untreated,bulk,-0.10396859305245536,0.014441612654779414,0.07111112800823281
GSM7791000_CTCAAGACAGAGAAAG-1,untreated,bulk,-0.13086708996031018,0.014912037975343958,-0.17202786846695048
GSM7791000_CTCAAGACAGCTATTG-1,untreated,bulk,-0.07489256548503087,0.005518372287283949,-0.1384104617724497
GSM7791000_CTCAAGACAGGGTCTC-1,untreated,bulk,-0.1648953138078962,0.014692131004654042,0.12337970219350118
GSM7791000_CTCAAGATCTGTTCAT-1,untreated,bulk,-0.04156510262262256,0.008911414991296409,-0.13269347537388532
GSM7791000_CTCAATTAGCCTGCCA-1,untreated,bulk,0.041818087744334376,0.005129656219453134,-0.06382716850514335
GSM7791000_CTCAATTAGGATACAT-1,untreated,bulk,0.036765842286367284,0.0034832306708480624,-0.20453144288411587
GSM7791000_CTCAATTCAAGAGGTC-1,untreated,bulk,-0.18839481910069783,0.013437528956961849,-0.14422983615996396
GSM7791000_CTCAATTCACGATAGG-1,untreated,bulk,-0.20173477172851562,0.0130424460639719,0.04263621287285284
GSM7791000_CTCAATTCATAACTCG-1,untreated,bulk,-0.079126683984484,0.014324850392363968,0.11007708864067467
GSM7791000_CTCAATTGTCCCGCAA-1,untreated,bulk,-0.02754779792967299,0.00863658341958555,-0.10781266592605795
GSM7791000_CTCAATTGTTAGAAGT-1,untreated,bulk,-0.07464403477926104,0.014599444973049566,0.05061675573845052
GSM7791000_CTCAATTTCAAAGCCT-1,untreated,bulk,-0.048462360018775574,0.010093633886686798,-0.08968264071777743
GSM7791000_CTCAATTTCAAGCGTT-1,untreated,bulk,-0.14572343198079912,0.007143630972548186,-0.1003292760947883
GSM7791000_CTCACTGAGACTAAGT-1,untreated,bulk,0.0232329689510285,0.008429465477169567,-0.22011962592493906
GSM7791000_CTCACTGCAAACTCTG-1,untreated,bulk,-0.11605468946789937,0.008883732067198854,-0.06860452953609103
GSM7791000_CTCACTGCAGTTGGTT-1,untreated,bulk,-4.4430626763292125e-06,0.01880975676588034,0.18121808863454034
GSM7791000_CTCACTGGTCTGTGCG-1,untreated,bulk,-0.016503016305348256,0.009277474768239303,-0.09531983695254449
GSM7791000_CTCACTGTCAGATGCT-1,untreated,bulk,0.09064435201977925,0.01129815548751856,-0.1709116478876188
GSM7791000_CTCACTGTCCGTAGTA-1,untreated,bulk,0.013713762646629712,0.00672134154443573,0.028192560330735535
GSM7791000_CTCACTGTCGCTGACG-1,untreated,bulk,-0.12094206794859874,0.010471639040954207,-0.1672195491570638
GSM7791000_CTCACTGTCGGTCTAA-1,untreated,bulk,0.034828304638938296,0.01130305691905788,0.035159475050933434
GSM7791000_CTCAGAACAACGGGTA-1,untreated,bulk,-0.21609372820172992,0.0143042395917447,-0.008760651405663638
GSM7791000_CTCAGAACAAGAGTAT-1,untreated,bulk,-0.1090533503275069,0.013436571524074169,0.03688203126316788
GSM7791000_CTCAGAACAAGTTGGG-1,untreated,bulk,0.06326435649205767,0.00782928950650329,-0.11986343320899191
GSM7791000_CTCAGAACAGCGCGTT-1,untreated,bulk,-0.008138850151546417,0.007719676913020094,-0.11877482740474071
GSM7791000_CTCAGAACAGTAGGAC-1,untreated,bulk,-0.0354157322172135,0.010318933792866806,-0.23812732278814908
GSM7791000_CTCAGAACATGTTCGA-1,untreated,bulk,0.09956936033945235,0.014017178789334632,-0.04041674805335464
GSM7791000_CTCAGAAGTCTTGGTA-1,untreated,bulk,-0.10185879298618862,0.019271137097408696,0.24401699989471265
GSM7791000_CTCAGAATCGCCTTTG-1,untreated,bulk,-0.072868585094573,0.012721481422184891,-0.08692049417005863
GSM7791000_CTCAGGGAGCCTGCCA-1,untreated,bulk,-0.03478651864188058,0.020504087060690693,0.42420254390011275
GSM7791000_CTCAGGGCATGAATAG-1,untreated,bulk,0.06047009089636424,0.006673450718597353,-0.15797972116131
GSM7791000_CTCAGGGGTCTTAGTG-1,untreated,bulk,-0.026695839866759302,0.008571381474259161,-0.0644168053614843
GSM7791000_CTCAGGGTCGTTCTAT-1,untreated,bulk,-0.09664902970904395,0.009697029224530212,-0.2083354739457421
GSM7791000_CTCAGGGTCTGAGAGG-1,untreated,bulk,-0.11181062880016508,0.006170904112475809,-0.10200411209799119
GSM7791000_CTCAGTCAGCGAACTG-1,untreated,bulk,-0.061062792596362894,0.013412674301590441,0.06700317152671367
GSM7791000_CTCAGTCAGTATTCCG-1,untreated,bulk,0.09729233136252755,0.007818045271634983,-0.10560121828408128
GSM7791000_CTCAGTCCAAGGACAC-1,untreated,bulk,0.04111690188211109,0.0181726265826799,-0.10415861236266152
GSM7791000_CTCAGTCGTCATCAGT-1,untreated,bulk,-0.11302180929789468,0.01099257930023011,-0.12051050503198206
GSM7791000_CTCAGTCGTGGGCTCT-1,untreated,bulk,-0.07786227445753793,0.011200311261998256,-0.1613663077514054
GSM7791000_CTCAGTCTCACCTCGT-1,untreated,bulk,-0.07354819645957342,0.012182784408670825,0.018157873767279047
GSM7791000_CTCAGTCTCACGTCCT-1,untreated,bulk,0.05695419841342503,0.009631128886668932,-0.06029186989463341
GSM7791000_CTCAGTCTCAGTGTGT-1,untreated,bulk,-0.08582105666872054,0.008726598256162885,0.03594242639631334
GSM7791000_CTCAGTCTCGAGTCCG-1,untreated,bulk,0.16328960267324297,0.02241266315526522,0.45471987690416427
GSM7791000_CTCATCGAGAACAAGG-1,untreated,bulk,-0.025288484512813514,0.01547348329727493,0.04893252397387538
GSM7791000_CTCATCGAGGTACTGG-1,untreated,bulk,-0.04559981262873089,0.012723483274389484,-0.1582498717653769
GSM7791000_CTCATCGTCATGGGAG-1,untreated,bulk,0.028063848813374842,0.008881286035697824,-0.013022959136388162
GSM7791000_CTCATCGTCCATAAGC-1,untreated,bulk,-0.04440287075345478,0.0054271580534246185,0.00446914332508996
GSM7791000_CTCATCGTCGAGAAAT-1,untreated,bulk,0.009828918699234274,0.01731483421217379,-0.1676293790891939
GSM7791000_CTCATCGTCGTTATCT-1,untreated,bulk,-0.11920450566306945,0.00487525180466455,-0.17402851229132235
GSM7791000_CTCATGCAGCGTGCTC-1,untreated,bulk,0.05611611896091037,0.009597754064248891,-0.064144738222129
GSM7791000_CTCATGCAGCTGACTT-1,untreated,bulk,-0.03372752681611077,0.01565130137215688,0.020105348985890895
GSM7791000_CTCATGCAGGGTCAAC-1,untreated,bulk,0.024625370691693016,0.0034235891849697486,0.07171928518395633
GSM7791000_CTCATGCCACAGCTTA-1,untreated,bulk,0.09343844020177447,0.010344353027941216,-0.13352627015145796
GSM7791000_CTCATGCGTACGCTTA-1,untreated,bulk,-0.052417847769601005,0.018709558902952422,0.4681635381231934
GSM7791000_CTCATGCGTCAGGAGT-1,untreated,bulk,-0.20316785539899554,0.008031074152017573,-0.08337954965777046
GSM7791000_CTCATGCGTCGGTACC-1,untreated,bulk,-0.0359288986145504,0.015237010044127492,-0.04164181583509158
GSM7791000_CTCATTAAGGACTGGT-1,untreated,bulk,-0.07257758148132809,0.012976334430845986,-0.15210053576924115
GSM7791000_CTCATTACATCCTATT-1,untreated,bulk,-0.12930532220810176,0.027809357586814385,0.053802576807644144
GSM7791000_CTCATTAGTAGTATAG-1,untreated,bulk,-0.160316401890346,0.010542747394135943,-0.011601168248912835
GSM7791000_CTCATTATCAGCTGTA-1,untreated,bulk,-0.15216955726108855,0.004374789334213828,-0.12510277303079786
GSM7791000_CTCATTATCCGGCAAC-1,untreated,bulk,-0.04374063279893664,0.009734506458489061,-0.11981977803520735
GSM7791000_CTCATTATCGCCGATG-1,untreated,bulk,-0.11411284446716308,0.004970353907538387,0.028583992934981123
GSM7791000_CTCCAACAGCGAATGC-1,untreated,bulk,-0.07081322314247254,0.009298578724820986,-0.0388062263438558
GSM7791000_CTCCAACAGCGGTATG-1,untreated,bulk,0.0071954265473380685,0.005861703436476668,-0.18733159107841416
GSM7791000_CTCCAACAGTCCGTCG-1,untreated,bulk,-0.07209945678710937,0.02341238874060616,0.3117953594979135
GSM7791000_CTCCAACAGTCTGCAT-1,untreated,bulk,-0.11401920197502013,0.007864478983115621,-0.13403115432771073
GSM7791000_CTCCAACCACTCACTC-1,untreated,bulk,-0.13288521902901787,0.014421038328178402,0.06354820987937877
GSM7791000_CTCCAACCATGAAGGC-1,untreated,bulk,-0.1224846503469679,0.0110211446548304,-0.08354347447448615
GSM7791000_CTCCAACCATGATCTG-1,untreated,bulk,-0.02851437458916317,0.015772468062238053,0.11432605574233336
GSM7791000_CTCCAACGTTCCATTT-1,untreated,bulk,-0.14680496215820313,0.02467066749989518,0.3710829021733845
GSM7791000_CTCCAACTCCTCACGT-1,untreated,bulk,0.023382134513249497,0.0052478051725378,-0.13272164311855156
GSM7791000_CTCCAACTCGTGGAAG-1,untreated,bulk,-0.09663629804338728,0.016188595891291627,0.12427816560976103
GSM7791000_CTCCAACTCTTCGCTG-1,untreated,bulk,-0.08067510517816695,0.011050200827459052,-0.026271021812961436
GSM7791000_CTCCACAAGATGCAGC-1,untreated,bulk,0.01931397014194064,0.008424089954930969,-0.1194933189864936
GSM7791000_CTCCACAAGTGGTGGT-1,untreated,bulk,0.048208472539508135,0.006197225673510503,-0.2180601018641137
GSM7791000_CTCCACACAATTCTTC-1,untreated,bulk,0.10027407525077697,0.006275452935017797,-0.02885299635395781
GSM7791000_CTCCACACAGCTATTG-1,untreated,bulk,0.0,0.017428242030062515,0.5810776649218012
GSM7791000_CTCCACAGTATCTCTT-1,untreated,bulk,-0.010867552832951655,0.006575662753302789,-0.20802813433330633
GSM7791000_CTCCACATCAACTACG-1,untreated,bulk,-0.1399928952020312,0.01715743914017413,-0.03966246164410226
GSM7791000_CTCCACATCGTTTACT-1,untreated,bulk,-0.018726606823149194,0.004231111056497128,-0.23268629525870935
GSM7791000_CTCCATGAGATGAATC-1,untreated,bulk,-0.031438528393942206,0.010305518257517493,-0.0627662996865251
GSM7791000_CTCCATGCAAGCGATG-1,untreated,bulk,-0.22792395860429793,0.00921795729217565,-0.24328552639871703
GSM7791000_CTCCATGCAAGGTACG-1,untreated,bulk,-0.07662353273421996,0.008726045901641014,-0.07960674629342515
GSM7791000_CTCCATGTCATGCTAG-1,untreated,bulk,0.02757448105585006,0.008998542546757946,-0.16611352237311733
GSM7791000_CTCCATGTCTCTCCGA-1,untreated,bulk,-0.08942254096742658,0.0054090952677916665,-0.15773065538225137
GSM7791000_CTCCCAAAGGACTTCT-1,untreated,bulk,-0.13522274796924894,0.007978185694996606,-0.09490437426870373
GSM7791000_CTCCCAAAGTCACACT-1,untreated,bulk,-0.16887972150530134,0.009534483177206132,-0.0733841632874867
GSM7791000_CTCCCAAGTCCCACGA-1,untreated,bulk,0.02808538951571027,0.006892303413208562,-0.12065321118092144
GSM7791000_CTCCCAAGTTAAGGAT-1,untreated,bulk,-0.04579058828808011,0.009349274480314003,-0.08681502694988275
GSM7791000_CTCCCAAGTTACGATC-1,untreated,bulk,0.04268819173177085,0.01024703774474932,-0.10749340930088061
GSM7791000_CTCCCAAGTTTGGGAG-1,untreated,bulk,-0.0060897130814809575,0.008846629096534202,-0.1516404091317612
GSM7791000_CTCCCAATCAGACTGT-1,untreated,bulk,-0.043535927363804405,0.012792189505732382,0.2250866248797262
GSM7791000_CTCCCTCGTCGCCTAG-1,untreated,bulk,-0.22062853131975446,0.013685765265355873,0.051995815063692295
GSM7791000_CTCCCTCGTCTGCATA-1,untreated,bulk,0.0029777106784638907,0.00957802342830232,-0.0954048321346356
GSM7791000_CTCCCTCTCATGAGTC-1,untreated,bulk,-0.07088879237099299,0.0070004715102592865,-0.12142116546203634
GSM7791000_CTCCCTCTCCCGTGTT-1,untreated,bulk,-0.012910635433499767,0.015116344746194131,-0.06686938641885304
GSM7791000_CTCCCTCTCGTTAGTG-1,untreated,bulk,0.04043513782440669,0.011624157754740806,-0.12519027359728238
GSM7791000_CTCCGATAGTAGAATC-1,untreated,bulk,0.038394049992637014,0.017509839571732622,0.0108370699382643
GSM7791000_CTCCGATCAATGAAAC-1,untreated,bulk,0.05432149342128209,0.009671063946490843,-0.12332845052605017
GSM7791000_CTCCGATCACGAGGTA-1,untreated,bulk,-0.06441519926464745,0.00537370505640638,-0.10980368543876332
GSM7791000_CTCCGATGTCACATTG-1,untreated,bulk,0.012795419011797232,0.010454561209215481,0.09465155264505402
GSM7791000_CTCCGATGTCAGATTC-1,untreated,bulk,-0.040204460734412806,0.00536980516166299,-0.08612375063150958
GSM7791000_CTCCGATTCATGCCGG-1,untreated,bulk,-0.03892992292131697,0.008275287823530526,-0.12586014092805495
GSM7791000_CTCCTCCAGTTGGCTT-1,untreated,bulk,-0.23837332589285715,0.014010808711230895,-0.03138536129547515
GSM7791000_CTCCTCCCAACACGAG-1,untreated,bulk,-0.003007283740573463,0.005172261321441257,-0.12717264707141168
GSM7791000_CTCCTCCCAACTTGGT-1,untreated,bulk,-0.05060190291631789,0.010449780511753172,-0.25387650739639794
GSM7791000_CTCCTCCCAAGCTGTT-1,untreated,bulk,-0.045066223598661886,0.012798558614375274,-0.16045892311075496
GSM7791000_CTCCTTTAGATACTGA-1,untreated,bulk,0.1046347619616796,0.0108901615081853,-0.026025012481228522
GSM7791000_CTCCTTTAGGAACGAA-1,untreated,bulk,-0.10927759030508617,0.012513735529058923,-0.06970141063559313
GSM7791000_CTCCTTTAGGACATCG-1,untreated,bulk,-0.10304126179407513,0.007863700204217406,-0.015612415502934476
GSM7791000_CTCCTTTAGTCATACC-1,untreated,bulk,0.08616653291005938,0.010183760689114257,-0.07497223881902802
GSM7791000_CTCCTTTGTAGAGACC-1,untreated,bulk,-0.16096370731081283,0.005927078917675085,-0.15569845884602676
GSM7791000_CTCCTTTGTGGTCCGT-1,untreated,bulk,-0.010668500642927861,0.020618802187257222,0.2372987847012603
GSM7791000_CTCCTTTTCGTACACA-1,untreated,bulk,-0.024030192201099698,0.012871317846997287,0.11449530820840305
GSM7791000_CTCGAGGAGACATCAA-1,untreated,bulk,-0.010312611110626702,0.007658884558596271,-0.09865630385838993
GSM7791000_CTCGAGGCACAATTCG-1,untreated,bulk,-0.02926341011410666,0.007770764734583544,-0.15937253532939774
GSM7791000_CTCGAGGCACAGCTTA-1,untreated,bulk,-0.13204448586418516,0.010956464906348457,-0.06634893231925193
GSM7791000_CTCGAGGCAGAGGGTT-1,untreated,bulk,-0.01147414752415249,0.011670882834283238,-0.130572982561785
GSM7791000_CTCGAGGCATCACCAA-1,untreated,bulk,0.012869371838039823,0.012934385679391973,-0.03656316165001427
GSM7791000_CTCGAGGCATGACGAG-1,untreated,bulk,-0.04700048794822087,0.00908528627176587,-0.11071345136652944
GSM7791000_CTCGAGGGTTTGATCG-1,untreated,bulk,0.015663253390599804,0.01882518999098657,0.34256462869047105
GSM7791000_CTCGAGGTCCGCGATG-1,untreated,bulk,-0.06549919302501378,0.007042952754979644,-0.01882898942416142
GSM7791000_CTCTCAGAGTCTGCGC-1,untreated,bulk,-0.10918826754131015,0.00838036455478528,-0.1142170853339645
GSM7791000_CTCTCAGCAACTTGCA-1,untreated,bulk,0.002749285016741071,0.01684844551740625,0.09807950797517045
GSM7791000_CTCTCAGCACTTGAGT-1,untreated,bulk,-0.11296634129115514,0.026793204830459518,0.43603978082287903
GSM7791000_CTCTCAGGTAGCACAG-1,untreated,bulk,-0.06182171957833427,0.021131414827168116,0.27566008517283347
GSM7791000_CTCTCAGTCAGTCAGT-1,untreated,bulk,0.057302250180925635,0.013827921451902345,-0.06085818311175708
GSM7791000_CTCTCAGTCGAGTACT-1,untreated,bulk,-0.25526718139648436,0.006777259854168715,-0.1645799258710556
GSM7791000_CTCTCAGTCTAGACAC-1,untreated,bulk,0.1858358498225136,0.009378364120473532,0.06724688819064
GSM7791000_CTCTCGAAGGATATAC-1,untreated,bulk,-0.12437164567765736,0.009813288240413711,-0.11616167620910038
GSM7791000_CTCTCGAAGTACAGCG-1,untreated,bulk,-0.16084224155970983,0.011755583569430591,-0.03239391164180836
GSM7791000_CTCTCGACATGACACT-1,untreated,bulk,-0.19514944893973216,0.014738675590379668,-0.008390420888229845
GSM7791000_CTCTCGATCAGTGCGC-1,untreated,bulk,-0.0047456949476211985,0.009371217634401014,-0.14780286786249458
GSM7791000_CTCTGGTAGTATGACA-1,untreated,bulk,-0.03351091112409319,0.022815546133634054,0.580645351417733
GSM7791000_CTCTGGTCAAAGACGC-1,untreated,bulk,-0.13489641462053573,0.016576694197085025,-0.012040697344018948
GSM7791000_CTCTGGTCACCGGCTA-1,untreated,bulk,-0.16016118598362755,0.009321352075162532,-0.18594067432238348
GSM7791000_CTCTGGTCATAACCCA-1,untreated,bulk,-0.05663230835445346,0.013071540108083358,-0.2002189019946981
GSM7791000_CTCTGGTCATGTGGTT-1,untreated,bulk,-0.02913854114593023,0.010955246693995817,-0.11518048870843851
GSM7791000_CTCTGGTGTACCGTGC-1,untreated,bulk,0.03322868135240342,0.01136720391887938,-0.05470740517825587
GSM7791000_CTCTGGTGTCCACTCT-1,untreated,bulk,-0.009793605917976012,0.013951085616048778,-0.010032734088105394
GSM7791000_CTCTGGTGTTATAGAG-1,untreated,bulk,0.12398625404115707,0.011191428876619657,-0.018117110614153227
GSM7791000_CTCTGGTTCCCACAGG-1,untreated,bulk,-0.017795697318183062,0.010092676536846949,-0.12673592576398446
GSM7791000_CTGAATGTCTGGCCTT-1,untreated,bulk,-0.10357866521865604,0.012106648637777313,0.10053421581265139
GSM7791000_CTGAATGTCTGTACAG-1,untreated,bulk,-0.04877952030726841,0.018880127502038525,0.38226967631893705
GSM7791000_CTGAGCGAGGATAATC-1,untreated,bulk,0.2365407674274747,0.017013335994642866,0.07911218399554597
GSM7791000_CTGAGCGCAAACCGGA-1,untreated,bulk,-0.05148470912660871,0.010146606906156567,-0.12923992509102633
GSM7791000_CTGAGCGCACACAGAG-1,untreated,bulk,-0.01557101090749105,0.007539043859351849,-0.14807717873524162
GSM7791000_CTGAGCGGTACGCTAT-1,untreated,bulk,-0.17593211605435324,0.005533732475146393,-0.07124557898818906
GSM7791000_CTGAGCGGTAGGTAGC-1,untreated,bulk,-0.05178112601477003,0.01298630248649365,-0.08914336033025691
GSM7791000_CTGAGGCAGCGCCTTG-1,untreated,bulk,-0.09060969560865371,0.012014895100117566,-0.12906583545774847
GSM7791000_CTGAGGCCAAGCCTGC-1,untreated,bulk,-0.0771805191040039,0.018450785169196307,0.36997040631169553
GSM7791000_CTGAGGCCACAAGTGG-1,untreated,bulk,-0.043633447223239474,0.011216189948551402,-0.04121466176268322
GSM7791000_CTGAGGCCACGGCTAC-1,untreated,bulk,-0.13118825674057008,0.011889484015404544,-0.007186536768523088
GSM7791000_CTGAGGCCATAACGGG-1,untreated,bulk,-0.09577052525111607,0.01596169809080149,0.19066496995467846
GSM7791000_CTGAGGCTCATTCTTG-1,untreated,bulk,-0.10666745772437444,0.015374031935886032,0.06906396423024354
GSM7791000_CTGATCCAGAATACAC-1,untreated,bulk,0.009270826672750754,0.011353018494118565,-0.1675897675686883
GSM7791000_CTGATCCAGCACTCCG-1,untreated,bulk,-0.02113959630330406,0.009509359594425643,-0.21149790767594284
GSM7791000_CTGATCCGTACGAGCA-1,untreated,bulk,-0.15149527489192902,0.0117521115031981,0.047549471168847175
GSM7791000_CTGATCCGTCGAGTGA-1,untreated,bulk,-0.1323577548208691,0.011199899110838284,-0.08103831125790893
GSM7791000_CTGATCCTCGAACCTA-1,untreated,bulk,-0.09144831074608695,0.00892561433908379,-0.1106768758238888
GSM7791000_CTGCAGGAGAAATGGG-1,untreated,bulk,-0.021331063679286413,0.01916783391585183,0.5720832900734878
GSM7791000_CTGCAGGAGCCTCTTC-1,untreated,bulk,-0.0909828808194115,0.008618603655729811,-0.1479541710878006
GSM7791000_CTGCAGGAGGATATAC-1,untreated,bulk,0.007262225226750435,0.012624181035776469,-0.19717131554854714
GSM7791000_CTGCAGGAGTTGCGCC-1,untreated,bulk,-0.0714232853480748,0.00824112242416188,-0.137524045815382
GSM7791000_CTGCAGGAGTTGGACG-1,untreated,bulk,-0.08630806453644282,0.013949974661485945,0.1471835733833429
GSM7791000_CTGCAGGGTCACCCTT-1,untreated,bulk,0.0038034054589650007,0.019229692495185923,0.00669177869791298
GSM7791000_CTGCAGGGTCCTCATC-1,untreated,bulk,-0.04313726341913618,0.01109155888219587,0.025215435355579945
GSM7791000_CTGCAGGGTGCCAAGA-1,untreated,bulk,0.04861045292445593,0.012967133191360763,-0.039459054324472664
GSM7791000_CTGCAGGGTGGACTAG-1,untreated,bulk,-0.17816037859235492,0.013017166314675433,-0.021762722959995113
GSM7791000_CTGCAGGTCAGCTGTA-1,untreated,bulk,-0.04315660037691632,0.006649499268454192,-0.06307616316150147
GSM7791000_CTGCATCAGAGGTATT-1,untreated,bulk,-0.1958912876674107,0.009436855103900155,-0.165560668752324
GSM7791000_CTGCATCAGCAGCCCT-1,untreated,bulk,-0.14576461625477627,0.004838053782130526,-0.14106750755708256
GSM7791000_CTGCATCAGTCAACAA-1,untreated,bulk,-0.024667012123834542,0.014175784764686259,0.02005570945528029
GSM7791000_CTGCATCCAGTTACCA-1,untreated,bulk,0.06164199087354877,0.006028462948638493,-0.2987306055616372
GSM7791000_CTGCATCCATCAGTCA-1,untreated,bulk,0.21999311220078238,0.0069674286548834,-0.05349033849343011
GSM7791000_CTGCATCTCACCTCTG-1,untreated,bulk,0.05190924190339588,0.009355246431454328,-0.06116215823869357
GSM7791000_CTGCATCTCGAGAACG-1,untreated,bulk,0.06715366045633953,0.004444376305652907,-0.2148668086793652
GSM7791000_CTGCATCTCTCCAATT-1,untreated,bulk,-0.13484461103166853,0.01639268802410704,0.11397993431405562
GSM7791000_CTGCCATAGTGTTCCA-1,untreated,bulk,-0.05902654458606052,0.006330468494133011,-0.2479982731648438
GSM7791000_CTGCCATAGTTCCGTA-1,untreated,bulk,-0.06033763340541295,0.02338499868701232,0.5655456880493077
GSM7791000_CTGCCATCAGCTCTGG-1,untreated,bulk,0.1172583498273577,0.0065472057056157355,-0.17506347418819618
GSM7791000_CTGCCATCAGGAACCA-1,untreated,bulk,0.0014432384854271563,0.003859608983148829,-0.2203467228274962
GSM7791000_CTGCCATGTACGATGG-1,untreated,bulk,-0.22820630342241316,0.004566684509929181,-0.19539140288008766
GSM7791000_CTGCCATTCACGGACC-1,untreated,bulk,-0.07546690445097665,0.010226172888635079,-0.023159374173129958
GSM7791000_CTGCCATTCGAGTGGA-1,untreated,bulk,-0.0891148290936909,0.01284447383002849,-0.04450348987980342
GSM7791000_CTGCCTAAGCGTACAG-1,untreated,bulk,-0.09758011227562315,0.009988297040171273,-0.004775389380068539
GSM7791000_CTGCCTAAGGGTCACA-1,untreated,bulk,0.22927246759808254,0.016853164615000752,0.24255335082445212
GSM7791000_CTGCCTAAGTCTGCAT-1,untreated,bulk,-0.1473994971835424,0.014399349415899076,-0.03565175490895528
GSM7791000_CTGCCTAGTTCGAAGG-1,untreated,bulk,0.008192668188185925,0.01017894912744306,-0.2174232411664121
GSM7791000_CTGCCTAGTTGCCTAA-1,untreated,bulk,0.054256140012589715,0.014645587965975995,-0.03841893434896248
GSM7791000_CTGCGAGAGCGTCTCG-1,untreated,bulk,0.16074281722780256,0.00944578139822819,-0.22613299273022405
GSM7791000_CTGCGAGAGTTCTCTT-1,untreated,bulk,-0.08453090853161283,0.03611689399420491,-0.161343189168908
GSM7791000_CTGCGAGGTCATCCCT-1,untreated,bulk,-0.16357814243861607,0.022455444558128767,0.2356482153478399
GSM7791000_CTGCGAGGTCCAGAAG-1,untreated,bulk,0.07750618874080598,0.021207031442955868,0.4485958194686357
GSM7791000_CTGCGAGTCTTCCACG-1,untreated,bulk,0.047381020500546434,0.007453594308010327,-0.13227350431608295
GSM7791000_CTGCTCAAGTGGGAAA-1,untreated,bulk,-0.11875875806051589,0.00863481818335283,-0.19890862810529714
GSM7791000_CTGCTCACAATAAGGT-1,untreated,bulk,0.06592829477219356,0.009752107572876279,-0.20612793263284193
GSM7791000_CTGCTCAGTATGAAAC-1,untreated,bulk,0.047814887364705405,0.009389849213124041,-0.10683469694050698
GSM7791000_CTGGACGCATGTTCAG-1,untreated,bulk,0.08500633133782279,0.006224276941052097,-0.14581724648362568
GSM7791000_CTGGACGGTGGTGATG-1,untreated,bulk,-0.01004657245817639,0.007377022740680096,-0.1579187384220555
GSM7791000_CTGGACGGTGTGAGCA-1,untreated,bulk,-0.06722455070132302,0.005968660706071067,-0.0490842527685818
GSM7791000_CTGGACGTCATTCTTG-1,untreated,bulk,0.015860993521554123,0.008141908420029863,-0.06333786204266881
GSM7791000_CTGGACGTCTTAAGGC-1,untreated,bulk,-0.0004920774792867566,0.007614474039400261,-0.12025066102983611
GSM7791000_CTGGCAGAGAAGCTGC-1,untreated,bulk,-0.07620357661020187,0.008182941094658221,-0.09707412350274242
GSM7791000_CTGGCAGAGAGGCGTT-1,untreated,bulk,-0.05273222840021527,0.007862074706594587,-0.08500717007986043
GSM7791000_CTGGCAGAGCGAAACC-1,untreated,bulk,0.0606144602336581,0.013467152862740498,-0.01504501941348219
GSM7791000_CTGGCAGAGGCGTCCT-1,untreated,bulk,-0.07246596154712495,0.007424576998202588,-0.130311345839139
GSM7791000_CTGGCAGCAATAAGGT-1,untreated,bulk,-0.2820386396135603,0.006576363275171993,-0.2044048088677468
GSM7791000_CTGGCAGCAGCAGTAG-1,untreated,bulk,-0.01323208097427614,0.004367103874608701,-0.1342772846800496
GSM7791000_CTGGCAGCAGCTACTA-1,untreated,bulk,-0.06582167360517713,0.006974755592766275,-0.19728028017652224
GSM7791000_CTGGCAGCATGAGAAT-1,untreated,bulk,0.054054206363738505,0.011190116656365975,-0.12151886050204287
GSM7791000_CTGGCAGGTACGTACT-1,untreated,bulk,-0.12489983539732674,0.012751516801454785,-0.021483096789276714
GSM7791000_CTGGCAGGTATGAGGC-1,untreated,bulk,-0.07839978354317802,0.02173877673184813,0.5761497216080952
GSM7791000_CTGGTCTAGTAGATCA-1,untreated,bulk,-0.06810416630336216,0.020556570854321058,0.39707210331662013
GSM7791000_CTGGTCTCAAACAGGC-1,untreated,bulk,-0.09781053815569196,0.020717923494646198,0.2831748646340521
GSM7791000_CTGGTCTCAGTAGAAT-1,untreated,bulk,0.009285439082554414,0.003369340615589294,-0.20426698097487253
GSM7791000_CTGGTCTTCATACAGC-1,untreated,bulk,-0.004034114262414373,0.01879533049165132,-0.03778756430025602
GSM7791000_CTGGTCTTCGGTCGGT-1,untreated,bulk,-0.05484187746804858,0.008466352302606615,-0.16189497975711242
GSM7791000_CTGGTCTTCTAGATCG-1,untreated,bulk,-0.048283796007671076,0.006152199855607136,0.0547342451138084
GSM7791000_CTGTACCCAGAGATTA-1,untreated,bulk,-0.007288908125862248,0.009497709461523783,-0.051540232196309085
GSM7791000_CTGTACCCAGCGTTTA-1,untreated,bulk,-0.10061257453191846,0.007074779131884233,-0.07213823525640305
GSM7791000_CTGTACCGTGACTAAA-1,untreated,bulk,0.05101884660266698,0.0036539672708752265,-0.13018446600183056
GSM7791000_CTGTACCTCCAAGGGA-1,untreated,bulk,-0.2249956839425223,0.010985032544079029,-0.05115823094709069
GSM7791000_CTGTACCTCCGAGCTG-1,untreated,bulk,0.18544374647594633,0.011660050912226506,-0.1383619202264389
GSM7791000_CTGTAGAAGCGTTCAT-1,untreated,bulk,-0.09765351749601818,0.013610230583514635,-0.053454265850581544
GSM7791000_CTGTAGAAGTCATGCT-1,untreated,bulk,-0.11555362156459263,0.017195519480388024,0.3099954860097379
GSM7791000_CTGTAGACACCGTGGT-1,untreated,bulk,-0.03984859466552734,0.023893587005159537,0.5902206285131022
GSM7791000_CTGTAGAGTTCAAGGG-1,untreated,bulk,-0.02285231196691119,0.016474099891782827,0.04149105328500942
GSM7791000_CTGTAGAGTTGCAACT-1,untreated,bulk,-0.009990205083574566,0.019058889566971344,0.09460233589127029
GSM7791000_CTGTAGATCAAACGAA-1,untreated,bulk,-0.04958907808576313,0.007442228843399546,-0.08932441014297242
GSM7791000_CTGTAGATCACGGTCG-1,untreated,bulk,-0.02860388892037528,0.018568573278998468,0.43983347317527427
GSM7791000_CTGTAGATCTGGGAGA-1,untreated,bulk,-0.053492562430245534,0.019600543542046753,0.5178571921332783
GSM7791000_CTGTATTCACAGCATT-1,untreated,bulk,-0.06916713548085045,0.019897208375369048,0.08068280092606463
GSM7791000_CTGTATTGTGAGATTA-1,untreated,bulk,-0.03752079206799705,0.009028540126130623,-0.07413510233957894
GSM7791000_CTGTATTGTTTGGCTA-1,untreated,bulk,0.18605375713772243,0.008566247344644473,-0.2398012414852669
GSM7791000_CTGTATTTCACGGGCT-1,untreated,bulk,-0.01697234713841997,0.04252976555985417,-0.0334989272339787
GSM7791000_CTGTATTTCCACGTGG-1,untreated,bulk,-0.060892638933090965,0.003820958919940035,0.06534158578841874
GSM7791000_CTGTATTTCCGTACGG-1,untreated,bulk,-0.10033968304830884,0.007172015339061274,-0.19952637438980175
GSM7791000_CTGTATTTCCTTGAAG-1,untreated,bulk,-0.023578911130390456,0.013793407395666016,-0.004277315570764228
GSM7791000_CTGTCGTAGGCCCAAA-1,untreated,bulk,0.17151728418138293,0.02200804650214715,0.4931167259646207
GSM7791000_CTGTCGTAGGTCCTGC-1,untreated,bulk,0.028851684691413998,0.007044649847368008,-0.05068173078129285
GSM7791000_CTGTCGTCAAGTGACG-1,untreated,bulk,0.23057780008467416,0.014169061012125044,0.17822028265065415
GSM7791000_CTGTCGTCAGCCGGTT-1,untreated,bulk,-0.17169265883309498,0.008465501476512528,-0.11710230823121204
GSM7791000_CTGTCGTGTGACGTCC-1,untreated,bulk,0.05213036998869883,0.011512323265951618,0.08064451882992063
GSM7791000_CTGTCGTTCAACCCGG-1,untreated,bulk,-0.05012223145318412,0.008604658463917236,-0.14336971737528934
GSM7791000_CTGTCGTTCATCTCTA-1,untreated,bulk,-0.08749550675588941,0.008972852296231446,-0.1523877733388367
GSM7791000_CTGTCGTTCGCTTTAT-1,untreated,bulk,-0.14931498750807748,0.010503015582972425,-0.14749467954183712
GSM7791000_CTGTCGTTCTTCGTGC-1,untreated,bulk,-0.06896177564348493,0.008005742437211978,-0.13943231198768072
GSM7791000_CTGTGAAAGGATACAT-1,untreated,bulk,-0.16279523024483333,0.007137363823818403,-0.10382569340207333
GSM7791000_CTGTGAAAGTTGGCGA-1,untreated,bulk,-0.10777690210039655,0.009767098993326482,-0.1039320978619704
GSM7791000_CTGTGAATCAGCAATC-1,untreated,bulk,-0.08807363918849401,0.007051675796145659,-0.153037292295918
GSM7791000_CTGTGGGAGCGGATCA-1,untreated,bulk,-0.013584920186845095,0.007447019125648586,-0.20565410509124693
GSM7791000_CTGTGGGAGCTTAAGA-1,untreated,bulk,-0.02513553437732516,0.006101058906473692,-0.20074076090618165
GSM7791000_CTGTGGGCAATACGCT-1,untreated,bulk,-0.11551808887057835,0.007498415826652729,-0.036130495172332355
GSM7791000_CTGTGGGGTCGGCCTA-1,untreated,bulk,0.1043739576188345,0.0062953163989344935,-0.2645201238527315
GSM7791000_CTTACCGAGAACCGCA-1,untreated,bulk,0.05127012366340275,0.0118045245837932,-0.13569716088397968
GSM7791000_CTTACCGAGCACCCAC-1,untreated,bulk,-0.06008792150588263,0.006252052152731161,-0.10095288970200814
GSM7791000_CTTACCGAGCAGCCTC-1,untreated,bulk,-0.17075453875556823,0.009653172080014913,0.055219166337755574
GSM7791000_CTTACCGAGCCACCGT-1,untreated,bulk,-0.17008465479290674,0.02228551841825789,0.012329011891018413
GSM7791000_CTTACCGAGGATGCGT-1,untreated,bulk,-0.15144515991210938,0.015191589995696073,-0.037446369556775896
GSM7791000_CTTACCGCATGACAGG-1,untreated,bulk,-0.06005067439306351,0.012852320921847658,-0.13440469377999043
GSM7791000_CTTACCGGTAGTCCTA-1,untreated,bulk,0.11665395131186837,0.011579772405332178,-0.037797911994072675
GSM7791000_CTTACCGGTGCAATGG-1,untreated,bulk,-0.010684849875313896,0.021469366244766794,0.6588096274588181
GSM7791000_CTTACCGGTTTGACAC-1,untreated,bulk,-0.21653797694614954,0.014406351617490704,-0.026942573648677196
GSM7791000_CTTACCGTCATCACTT-1,untreated,bulk,-0.039703568049839565,0.019031233859831957,0.56666497699753
GSM7791000_CTTAGGAAGCTAATGA-1,untreated,bulk,-0.06373086558447946,0.009883690766032004,0.02615209865526341
GSM7791000_CTTAGGAAGTGCTACT-1,untreated,bulk,-0.08670642913333954,0.014667210739308238,-0.012018526523649745
GSM7791000_CTTAGGAGTAGTGTGG-1,untreated,bulk,0.028398120062691823,0.013103407247130825,-0.044943313400221216
GSM7791000_CTTAGGATCACAGTGT-1,untreated,bulk,-0.2138366885412307,0.006097652944154703,-0.10277014415412103
GSM7791000_CTTAGGATCTAGCATG-1,untreated,bulk,0.01690075511024111,0.010133361891484772,-0.17516634429267192
GSM7791000_CTTCAATAGGTACAGC-1,untreated,bulk,-0.1541477748325893,0.019236592823603838,0.1534086856365233
GSM7791000_CTTCAATAGGTAGCCA-1,untreated,bulk,-0.11962036318249172,0.018403361946501585,-0.13616873593964687
GSM7791000_CTTCAATGTCAGTCTA-1,untreated,bulk,0.08982946411011711,0.013312255521154207,-0.1486921830865075
GSM7791000_CTTCAATGTCGTGTTA-1,untreated,bulk,0.03551624752226329,0.008261933555471007,-0.15175549652653403
GSM7791000_CTTCAATGTGCGTCGT-1,untreated,bulk,-0.14755293709891182,0.015478374984221152,-0.004734042553136294
GSM7791000_CTTCAATGTGGATCGA-1,untreated,bulk,-0.0068777719376579005,0.009999377191207097,-0.0660736786074922
GSM7791000_CTTCAATTCAGAGCGA-1,untreated,bulk,-0.14090581780388245,0.01610990131085819,-0.04088852856251038
GSM7791000_CTTCCGAAGGTAACTA-1,untreated,bulk,-0.14392475881273786,0.009462227683531976,-0.06545062371024754
GSM7791000_CTTCCGAAGTACAACA-1,untreated,bulk,-0.07753083910260881,0.014813100564627929,0.14890506905868
GSM7791000_CTTCCGAGTAAGAACT-1,untreated,bulk,-0.017662178069826145,0.010484908272487086,-0.15848730424942267
GSM7791000_CTTCCGAGTGCGAGTA-1,untreated,bulk,-0.0520450178782145,0.004021939602834112,-0.03843280577587501
GSM7791000_CTTCCGAGTTTAGTCG-1,untreated,bulk,-0.046469170706612724,0.021270562405897593,0.31530255379208477
GSM7791000_CTTCCGATCAGCATTG-1,untreated,bulk,0.12019617459130666,0.011060477053064757,-0.20920265597184942
GSM7791000_CTTCCGATCGACGCTG-1,untreated,bulk,-0.0873539814116463,0.00895821629954436,-0.10317523125735054
GSM7791000_CTTCCTTAGACGATAT-1,untreated,bulk,0.01856507793305412,0.012157882428477946,-0.06913317686332959
GSM7791000_CTTCCTTAGGAGGCAG-1,untreated,bulk,-0.07571978622012668,0.008434379833092571,-0.14160971913012305
GSM7791000_CTTCCTTCAAGAGGCT-1,untreated,bulk,0.03887014358762711,0.01142747636821024,-0.19082594496271166
GSM7791000_CTTCCTTGTACTAACC-1,untreated,bulk,-0.0995477877344404,0.019233500669257202,-0.014035135797137194
GSM7791000_CTTCCTTGTAGAGCTG-1,untreated,bulk,0.023887178481571236,0.009678596831488364,-0.10490399093852645
GSM7791000_CTTCCTTGTGGAACCA-1,untreated,bulk,-0.11435264996119907,0.014973915790462549,0.07846321397182456
GSM7791000_CTTCCTTTCCCGAGTG-1,untreated,bulk,0.06566892866104371,0.012679985198853577,-0.0019570709044969114
GSM7791000_CTTCCTTTCTAGCAAC-1,untreated,bulk,-0.0018137557922847658,0.009945201731648584,0.08745529635384697
GSM7791000_CTTCGGTAGCTGGCTC-1,untreated,bulk,0.08030656163654629,0.007186393962131701,-0.14472934603582058
GSM7791000_CTTCGGTCAGTCAACT-1,untreated,bulk,-0.034030369501265256,0.008046022702374275,-0.1381418287886347
GSM7791000_CTTCGGTTCACAACCA-1,untreated,bulk,0.10803831191289995,0.014578336103436559,-0.05210959707907282
GSM7791000_CTTCGGTTCACTGCTC-1,untreated,bulk,0.009256149473644448,0.007256840151834736,-0.11273697078715957
GSM7791000_CTTCGGTTCCGTGACG-1,untreated,bulk,0.14598117207723948,0.008768284501951757,-0.04311469152137783
GSM7791000_CTTCGGTTCGATTTCT-1,untreated,bulk,-0.09247087925199478,0.013488760849212966,-0.08516549395985233
GSM7791000_CTTCGGTTCGTAGGGA-1,untreated,bulk,-0.2276741245814732,0.010187207900713383,-0.07934641725156798
GSM7791000_CTTCGGTTCGTGGCGT-1,untreated,bulk,-0.04511085154518249,0.012253765113402558,-0.10219867630010958
GSM7791000_CTTCGGTTCTCACGAA-1,untreated,bulk,0.05890250781225778,0.01174589839481414,0.062085380742687234
GSM7791000_CTTCTAACAACGGGTA-1,untreated,bulk,-0.04935993629788596,0.014078078104612967,0.03348710890181216
GSM7791000_CTTCTAATCCTTCGAC-1,untreated,bulk,-0.14115107173011418,0.00862418430356489,-0.2670750670948623
GSM7791000_CTTCTCTCACTTGACA-1,untreated,bulk,-0.06301797594342913,0.017163381951169836,0.1729237883524602
GSM7791000_CTTCTCTGTATCAGCT-1,untreated,bulk,-0.03443662219577365,0.014053696720768932,-0.13595989929172156
GSM7791000_CTTCTCTGTTTCCATT-1,untreated,bulk,-0.06017971197764077,0.0077981776794606985,-0.12664798794905327
GSM7791000_CTTCTCTTCTCATTAC-1,untreated,bulk,-0.117894947339618,0.009497777053590974,-0.09376979850495827
GSM7791000_CTTCTCTTCTGGCCTT-1,untreated,bulk,-0.12377405446673195,0.010533441378961436,-0.18501564951620783
GSM7791000_CTTGAGAAGTTTGCTG-1,untreated,bulk,-0.08379481633504232,0.007967410966396513,-0.040620670534680166
GSM7791000_CTTGAGACAGCAGGAT-1,untreated,bulk,-0.07893468906009007,0.020042541130939836,-0.015028458567002963
GSM7791000_CTTGAGATCACCTGGG-1,untreated,bulk,-0.06132178715297154,0.019168616130691377,0.42358368346734854
GSM7791000_CTTGAGATCATTGCTT-1,untreated,bulk,0.04910726350451272,0.013117496992274697,-0.10896870491845374
GSM7791000_CTTGAGATCCAAGAGG-1,untreated,bulk,-0.088316242392101,0.013741072752478975,-0.14226964923771576
GSM7791000_CTTGATTAGCGTCAAG-1,untreated,bulk,-0.05115330832345145,0.023294139070545342,0.5389834428762101
GSM7791000_CTTGATTAGCTAGAGC-1,untreated,bulk,0.017944994124155178,0.016019374697699627,0.08910842683180423
GSM7791000_CTTGATTCAAGTTGGG-1,untreated,bulk,-0.1044488617730519,0.009798351061729448,-0.06451448252417637
GSM7791000_CTTGATTCACGTACAT-1,untreated,bulk,-0.05413875424672687,0.01868289182151546,0.0386430306034407
GSM7791000_CTTGATTGTGGGACAT-1,untreated,bulk,-0.09455451178172278,0.007678255853924298,0.07702813445552438
GSM7791000_CTTGATTTCGGCTGAC-1,untreated,bulk,-0.02383094787597656,0.016220203506799317,-0.11008165480180261
GSM7791000_CTTTCAAAGCCAAGTG-1,untreated,bulk,-0.014507845924014134,0.01262045927495405,0.09576727444406122
GSM7791000_CTTTCAACAAACTCTG-1,untreated,bulk,-0.025917275519598076,0.012920668878267993,-0.1470124423355325
GSM7791000_CTTTCAACAGACCTGC-1,untreated,bulk,-0.0825259506891644,0.007914254152820984,-0.07850257131415211
GSM7791000_CTTTCAACATGCCATA-1,untreated,bulk,-0.07691041446867444,0.009933371450045891,-0.043893276204872655
GSM7791000_CTTTCAATCAAGGAGC-1,untreated,bulk,-0.13659216869445073,0.008881438528700634,-0.08704743110236253
GSM7791000_CTTTCGGCAAATCAAG-1,untreated,bulk,0.16507217770531066,0.012490277354022932,-0.1048476149371359
GSM7791000_CTTTCGGCATCCGTGG-1,untreated,bulk,-0.002959615313817554,0.0038479040340493437,-0.13466069259655647
GSM7791000_CTTTCGGTCCATTTGT-1,untreated,bulk,-0.038808037894112725,0.017619040107982948,0.5105068856351773
GSM7791000_GAAACCTAGGGTGAAA-1,untreated,bulk,-0.04579752558753605,0.00822811160545268,-0.09215125845909343
GSM7791000_GAAACCTCACGCTGTG-1,untreated,bulk,-0.07304774064866326,0.005494013967773944,-0.1764366529667334
GSM7791000_GAAACCTCAGATACTC-1,untreated,bulk,-0.1976930454799107,0.013727715448516392,-0.020605646736958895
GSM7791000_GAAACCTGTACCTATG-1,untreated,bulk,0.019959250556098096,0.009525900908409489,-0.1498585808784721
GSM7791000_GAAACCTGTAGGTTTC-1,untreated,bulk,-0.11573573248726982,0.006748747731841367,-0.1573302185926848
GSM7791000_GAAACCTGTGAGCTCC-1,untreated,ciliated,1.585112539624411,0.013402245741479767,0.027433068665134053
GSM7791000_GAAACCTTCTGCAGCG-1,untreated,bulk,-0.09753403799874442,0.015318458722111612,-0.04579458184393193
GSM7791000_GAAATGACAAGAGATT-1,untreated,bulk,-0.04471862248011998,0.018069640877613695,0.2988241278784186
GSM7791000_GAACACTAGCCAACCC-1,untreated,bulk,-0.07648435842423212,0.015004342089700522,-0.014090975331459492
GSM7791000_GAACACTAGGATTTGA-1,untreated,bulk,-0.04719764618646531,0.012536597401670218,0.05363001441578963
GSM7791000_GAACACTCACTCTAGA-1,untreated,bulk,-0.107333493913923,0.022571413704988563,0.3545355152904849
GSM7791000_GAACACTCAGGCTCTG-1,untreated,bulk,0.03692634476555717,0.019863463658088887,0.18175399914545629
GSM7791000_GAACACTCATTCAGCA-1,untreated,bulk,-0.10932227664523655,0.009988293827181029,-0.028510982331565703
GSM7791000_GAACACTGTCAGTCGC-1,untreated,bulk,-0.02306071251157732,0.012818267374355069,-0.07541093597470117
GSM7791000_GAACACTGTCTGTAAC-1,untreated,bulk,-0.02523614346034944,0.012018886021804915,-0.21737636810859465
GSM7791000_GAACGTTAGAAGAGCA-1,untreated,bulk,0.15533124378749302,0.010236273883036202,-0.1397022859174876
GSM7791000_GAACGTTAGACCATGG-1,untreated,bulk,-0.01897914205278669,0.019673960459995667,0.6129756948761098
GSM7791000_GAACGTTAGCCAGTAG-1,untreated,bulk,0.01607540206303676,0.006610650158153157,-0.15996314703570563
GSM7791000_GAACGTTCAGTGAGCA-1,untreated,bulk,-0.07373782808818513,0.009058022169591113,-0.12419352990166714
GSM7791000_GAACGTTCATGTGACT-1,untreated,bulk,-0.21574643823835585,0.013110346725983926,-0.0701950908528233
GSM7791000_GAACGTTGTCTCGCGA-1,untreated,bulk,-0.05583348380194772,0.005772919545174032,-0.20796777555475862
GSM7791000_GAACGTTGTGTCTCCT-1,untreated,bulk,0.0817918293059818,0.01335037281569306,-0.11901612462941914
GSM7791000_GAACGTTTCTGTCAGA-1,untreated,bulk,-0.04447817681327698,0.013233631197535544,-0.1470466073221771
GSM7791000_GAACTGTCAATACGAA-1,untreated,bulk,-0.17734328133719307,0.013558034036704067,0.039247852534362464
GSM7791000_GAACTGTCACTTGGGC-1,untreated,bulk,-0.0779738570016528,0.011427856076461589,-0.08259507662919248
GSM7791000_GAACTGTCAGCTCCTT-1,untreated,bulk,-0.12032285213470459,0.010691433795789363,-0.13832686553754178
GSM7791000_GAACTGTCATGTCTAG-1,untreated,bulk,-0.01122456444634333,0.016158464025728077,0.31797366012364014
GSM7791000_GAACTGTTCAAAGCCT-1,untreated,bulk,-0.012440282995738683,0.01666705024439167,0.0991254156905278
GSM7791000_GAACTGTTCACCTGTC-1,untreated,bulk,-0.01449296542576381,0.006999374639338454,0.09220973154621935
GSM7791000_GAACTGTTCCATCGTC-1,untreated,bulk,0.01071881256406268,0.008533067812086194,0.027185296019911345
GSM7791000_GAACTGTTCCTACACC-1,untreated,bulk,-0.0043809816572401294,0.010886684157360925,-0.08494575089539312
GSM7791000_GAACTGTTCTCTATAC-1,untreated,bulk,-0.13118271963936942,0.02420966048486528,0.4161863679954003
GSM7791000_GAACTGTTCTTCTTCC-1,untreated,bulk,-0.2355039760044643,0.01392474611161819,0.014595672554910311
GSM7791000_GAAGAATAGATTGTGA-1,untreated,bulk,-0.15990676384123542,0.006634667836575709,-0.16592236829313733
GSM7791000_GAAGAATCAGGTTTAC-1,untreated,bulk,-0.12318179024590385,0.015752213444944534,-0.16172608185657245
GSM7791000_GAAGAATGTCCAGCAC-1,untreated,bulk,-0.11223829647851369,0.010531857183217473,-0.15323842143233318
GSM7791000_GAAGAATTCTCAACCC-1,untreated,bulk,-0.14960341317313058,0.014310298952462079,0.1208772113857476
GSM7791000_GAAGCCCAGCTAGTTC-1,untreated,bulk,0.029203622000558038,0.007103656168719799,-0.05154380566501294
GSM7791000_GAAGCCCAGCTGTGCC-1,untreated,bulk,-0.017575436471000544,0.006851476711565136,-0.1982819834240618
GSM7791000_GAAGCCCCAACGCCCA-1,untreated,bulk,-0.006011698435223312,0.010904807044668358,-0.13239723515706625
GSM7791000_GAAGCCCCAAGCAGGT-1,untreated,bulk,-0.01268305960155669,0.00597384856349347,-0.19064818181737683
GSM7791000_GAAGCCCCACACAGAG-1,untreated,bulk,0.014899966224791505,0.008839967785886018,0.029149452451741734
GSM7791000_GAAGCCCTCTCATTTG-1,untreated,bulk,-0.056162676054333865,0.0062423387051800845,-0.15466026053336696
GSM7791000_GAAGCGAAGTCTCTGA-1,untreated,bulk,-0.1180470102930826,0.010295371119334098,-0.14939690000088163
GSM7791000_GAAGCGACATTGAAAG-1,untreated,bulk,0.01855006725069075,0.01717546298230474,0.09791761187075786
GSM7791000_GAAGCGAGTCTTGCGG-1,untreated,bulk,-0.0805726104312473,0.006576074982034585,-0.0778014270727795
GSM7791000_GAAGCGAGTGATAGAT-1,untreated,bulk,-0.12098816795954628,0.006762062058427418,-0.18057084187142955
GSM7791000_GAAGCGAGTGGTGATG-1,untreated,bulk,0.1006477227286687,0.010611847143516585,-0.04861587853295931
GSM7791000_GAAGGACAGACTACGG-1,untreated,bulk,0.0461111498635913,0.008614821565497071,-0.14283994391944854
GSM7791000_GAAGGACAGCAGTACG-1,untreated,bulk,-0.014335604243808336,0.007953003288705112,-0.27065481985525724
GSM7791000_GAAGGACAGGGAGATA-1,untreated,bulk,0.09278174945286341,0.012425789443548255,0.008693878289030564
GSM7791000_GAAGGACCAGTAACCT-1,untreated,bulk,-0.23344349452427454,0.008793579381453875,-0.00045639684070364014
GSM7791000_GAAGGACGTAGATGTA-1,untreated,bulk,-0.07465581046210394,0.009736699752822169,-0.043146021443566815
GSM7791000_GAAGGACGTAGATTGA-1,untreated,bulk,-0.07408824814690482,0.008984609234824728,-0.20254221010743811
GSM7791000_GAAGGACGTGGCTCTG-1,untreated,bulk,-0.17745682568777174,0.008729856584513345,-0.008181586414456791
GSM7791000_GAAGGACGTGTCCCTT-1,untreated,bulk,0.05148046826559399,0.011523410097156298,-0.006017577599097961
GSM7791000_GAAGGACTCAAGATAG-1,untreated,bulk,0.0,0.02422784068721641,0.5921113800742605
GSM7791000_GAAGGACTCACCCATC-1,untreated,bulk,-0.126517333984375,0.022884319012887552,0.3946085628617964
GSM7791000_GAAGGACTCCATTGGA-1,untreated,bulk,-0.11082632276746959,0.012513314175515391,-0.13532362200649334
GSM7791000_GAAGGACTCGACGATT-1,untreated,bulk,-0.19356942313058037,0.013437655444071769,0.024354762393555326
GSM7791000_GAAGGACTCTACCCAC-1,untreated,bulk,-0.04536171322777158,0.01083609094982627,-0.17204183950934213
GSM7791000_GAAGGGTAGACAAGCC-1,untreated,bulk,-0.06772220149872793,0.02744438646975785,-0.05524947884148687
GSM7791000_GAAGGGTAGATTGAGT-1,untreated,bulk,-0.09925495359632705,0.01534996694051174,-0.15935023377849433
GSM7791000_GAAGGGTCACACACGC-1,untreated,bulk,-0.025586841219947448,0.0704177910515783,-0.05479140768134159
GSM7791000_GAAGGGTCACTTGTCC-1,untreated,bulk,0.044703054655165886,0.015336392110455304,0.039220541494603155
GSM7791000_GAAGGGTCAGGCATTT-1,untreated,bulk,-0.0898380246238103,0.0074318461847977186,-0.10597455701921138
GSM7791000_GAAGGGTCATCCTATT-1,untreated,bulk,0.1577133728208996,0.01563344450653425,0.17161580914056385
GSM7791000_GAAGGGTGTGCAAGAC-1,untreated,bulk,-0.08586100101470948,0.01227470082530185,-0.07094302309185656
GSM7791000_GAAGTAAAGAGCCGAT-1,untreated,bulk,-0.07873842224242195,0.010396538268609035,-0.13301897279094277
GSM7791000_GAAGTAAAGGAAAGTG-1,untreated,bulk,-0.13834420340401785,0.019395423725135707,0.16091864259037
GSM7791000_GAAGTAACAGGTGACA-1,untreated,bulk,0.007219553447905064,0.009782749641612663,-0.019757499480038077
GSM7791000_GAAGTAATCAACTGGT-1,untreated,bulk,0.016330450754317022,0.004396766220861006,-0.18138666269054948
GSM7791000_GAAGTAATCGAGCCAC-1,untreated,bulk,0.11560723274473161,0.009877140406285869,-0.18953029962729584
GSM7791000_GAATAGAAGAGCCATG-1,untreated,bulk,-0.13166229528094095,0.016372645485130424,-0.0672475715529502
GSM7791000_GAATAGAAGGGCCTCT-1,untreated,bulk,-0.19166096278599332,0.009836016391284877,0.0604183853232663
GSM7791000_GAATAGACACGGAAGT-1,untreated,bulk,-0.1292105974469866,0.01820731556191709,0.041495071662252254
GSM7791000_GAATAGAGTCATTCCC-1,untreated,bulk,-0.130972829508403,0.004646362334775506,0.019328160149894254
GSM7791000_GAATAGATCTGCTCTG-1,untreated,bulk,-0.06083115441458564,0.00866464942490036,-0.1572684823504568
GSM7791000_GAATAGATCTGGGATT-1,untreated,bulk,-0.026071144134279245,0.007477146137768143,-0.2097646916903196
GSM7791000_GAATCACAGTGCAGCA-1,untreated,bulk,-0.051806275503976006,0.024437305121346977,0.5044650143549628
GSM7791000_GAATCACCAGTCAACT-1,untreated,bulk,-0.010003176795111784,0.01213041989296272,-0.0010864793454894686
GSM7791000_GAATCACGTGTAGGAC-1,untreated,bulk,-0.05244326924520826,0.013767274966493432,-0.043582848436321125
GSM7791000_GAATCACGTGTCTCCT-1,untreated,bulk,-0.05347417445409865,0.014173448686254727,-0.02711900193928802
GSM7791000_GAATCACTCAGTCACA-1,untreated,bulk,-0.12929259595416842,0.005688710224385731,-0.13254158315935802
GSM7791000_GAATCACTCCGCTGTT-1,untreated,bulk,-0.01784886367737301,0.008749434232768284,-0.05810397695158937
GSM7791000_GAATCACTCCTCGATC-1,untreated,bulk,-0.018728470802307134,0.007149133201938,-0.07169526501614291
GSM7791000_GAATCACTCTATGCCC-1,untreated,bulk,-0.1541193587060959,0.010053203827443796,-0.06281451856690684
GSM7791000_GAATCGTAGATGAATC-1,untreated,bulk,-0.20555779593331472,0.008086757529900046,-0.062261999571172615
GSM7791000_GAATCGTGTGCAATGG-1,untreated,bulk,-0.1396834787489876,0.010816424564458067,-0.04870457641577702
GSM7791000_GAATCGTGTTGCCGAC-1,untreated,bulk,0.1224022592817034,0.007223041460672456,0.06960893486119964
GSM7791000_GAATCGTTCCGAAATC-1,untreated,bulk,-0.10129945225185819,0.007241509689544801,-0.10029475711676589
GSM7791000_GACACGCCAGGACAGT-1,untreated,bulk,-0.01719129070403083,0.005395473850352271,-0.17366280505362353
GSM7791000_GACACGCTCCGAACGC-1,untreated,bulk,-0.028009962657141285,0.018728609677875502,0.004727935820514234
GSM7791000_GACACGCTCTAGAGCT-1,untreated,bulk,-0.1044058146552434,0.009831333658663491,0.1450630203519997
GSM7791000_GACAGCCAGACGTCGA-1,untreated,bulk,0.04514329743763759,0.01150222895837361,-0.1614703960986013
GSM7791000_GACAGCCAGATCCCGC-1,untreated,bulk,-0.048134747308398035,0.0038183598058708326,-0.13690129919677274
GSM7791000_GACAGCCCAAGAAATC-1,untreated,bulk,0.02057830280727807,0.0075817871666131855,-0.2411725654695375
GSM7791000_GACAGCCGTACAAAGT-1,untreated,bulk,-0.08777099927266441,0.007681533259898255,-0.09600575027713912
GSM7791000_GACAGCCGTCCACACG-1,untreated,bulk,-0.0202435731130933,0.008601879452330576,-0.12113894899257974
GSM7791000_GACAGCCGTTCACGAT-1,untreated,bulk,-0.12088611413562109,0.00841081560219988,-0.11419638293856668
GSM7791000_GACAGCCTCAGAACCT-1,untreated,bulk,0.028326709989517473,0.009063574980019595,-0.175686612504139
GSM7791000_GACAGCCTCTCCATAT-1,untreated,bulk,0.1156040673028855,0.006594477394012055,-0.1325132513621769
GSM7791000_GACATCAAGCCGAATG-1,untreated,bulk,-0.021886481860327323,0.010776364235668592,-0.04421483907040266
GSM7791000_GACATCAGTAGAGATT-1,untreated,bulk,-0.04019767102741059,0.00740582281625669,-0.025362081373256903
GSM7791000_GACATCAGTGTCTTAG-1,untreated,bulk,-0.1456922327526032,0.01674852142034685,-0.08969030578900732
GSM7791000_GACCAATAGGCACCAA-1,untreated,bulk,-0.21844737442712936,0.014844217930567756,-0.08657643350852948
GSM7791000_GACCAATAGGTAGATT-1,untreated,bulk,0.019879679074363096,0.014154719177925617,0.11190306898769935
GSM7791000_GACCAATAGTAGACCG-1,untreated,bulk,-0.1601423704056513,0.015162889280696795,-0.12241451310444519
GSM7791000_GACCAATCACTTGTCC-1,untreated,bulk,0.021025165678962843,0.006195097248651626,-0.174629215160114
GSM7791000_GACCAATCATCGCTAA-1,untreated,bulk,-0.07134572172921802,0.01214541339233873,0.0042249684929644505
GSM7791000_GACCAATGTCCAAAGG-1,untreated,bulk,0.07874933606102352,0.0046639161839651935,-0.051633170544307785
GSM7791000_GACCAATTCCGGCTTT-1,untreated,bulk,-0.10231463515569295,0.007824169244962344,-0.10925927969310263
GSM7791000_GACCAATTCGTGACTA-1,untreated,bulk,0.004925998581780333,0.015047317077870838,0.17746166411497188
GSM7791000_GACCCAGAGACTACCT-1,untreated,bulk,-0.07178396103874085,0.008983285124053057,-0.04182748970711912
GSM7791000_GACCCAGAGGTAATCA-1,untreated,bulk,-0.04507386866069976,0.01704992693116623,-0.16812581050066516
GSM7791000_GACCCAGGTCAAAGCG-1,untreated,bulk,-0.0011216009230840818,0.009370866875993655,-0.057409367271908186
GSM7791000_GACCCAGGTGAGCTCC-1,untreated,bulk,0.024303166222950756,0.00970300073996274,-0.09656631700260926
GSM7791000_GACCCAGTCGGCCAAC-1,untreated,bulk,0.13492872889079746,0.006632955346428486,-0.11054353252539538
GSM7791000_GACCCTTAGAAGGCTC-1,untreated,bulk,-0.01988789573548333,0.008994006141554642,-0.09539935445805786
GSM7791000_GACCCTTCAACTCCCT-1,untreated,bulk,-0.008821879038734992,0.012836153540884708,-0.0366122341813367
GSM7791000_GACCCTTCAAGTACCT-1,untreated,bulk,-0.10582058497837611,0.015057174035448722,0.08438717238397672
GSM7791000_GACCCTTCACATATGC-1,untreated,bulk,-0.08340899785359704,0.006744881576686776,-0.11745821265234628
GSM7791000_GACCCTTCACCGTACG-1,untreated,bulk,-0.0583438001360212,0.021261207204125922,0.5093544219498071
GSM7791000_GACCCTTCATAAGCAA-1,untreated,bulk,-0.05142965649801587,0.007571063732782268,-0.07783916333550878
GSM7791000_GACCCTTCATCCGATA-1,untreated,bulk,-0.06335707528250559,0.01656858408142026,0.24237991969859055
GSM7791000_GACCCTTGTACAGCGA-1,untreated,bulk,-0.05778922338334341,0.011848433887185088,-0.19598711830975474
GSM7791000_GACCCTTGTAGGACCA-1,untreated,bulk,0.08221024240766253,0.008468191895674796,-0.11275448401467551
GSM7791000_GACCCTTGTTCTCCCA-1,untreated,bulk,-0.014344754446120489,0.009055121618163575,0.043221615943394465
GSM7791000_GACCCTTTCATGAGTC-1,untreated,bulk,-0.11683181974622939,0.012808700256009086,-0.15943338783659103
GSM7791000_GACCGTGAGGAAGTCC-1,untreated,bulk,-0.0422467015281556,0.00951042763889868,-0.044841746636837654
GSM7791000_GACCGTGCAGTCGAGA-1,untreated,bulk,-0.13151961110887073,0.011427191691675252,-0.12844856975388758
GSM7791000_GACCGTGGTGAGAACC-1,untreated,bulk,-0.11759873590772114,0.010916453053211617,-0.06769970126234952
GSM7791000_GACCTTCAGGCCCAAA-1,untreated,bulk,-0.019852337458777056,0.01652495268843695,0.1444909422781149
GSM7791000_GACCTTCAGGTAGTCG-1,untreated,bulk,-0.04518639155796596,0.021974702753027636,0.4739547423645771
GSM7791000_GACCTTCGTACGATCT-1,untreated,bulk,0.04318777629307338,0.010805616262059635,-0.09913516121686419
GSM7791000_GACCTTCTCATCGCAA-1,untreated,bulk,-0.18707462530287483,0.00784933202262716,-0.16777193813931782
GSM7791000_GACCTTCTCCTCTCGA-1,untreated,bulk,-0.10135099933260963,0.007553889518399469,-0.07528244852417955
GSM7791000_GACGCTGTCCATTGTT-1,untreated,bulk,-0.019144712629772367,0.014669627394909193,0.10093929207375357
GSM7791000_GACGCTGTCGTTCAGA-1,untreated,bulk,0.0453632470539638,0.012280030280022333,-0.03357048044117817
GSM7791000_GACGTTAAGCTGTACT-1,untreated,bulk,-0.026238483322991266,0.015655897934841085,0.16490478080957302
GSM7791000_GACGTTAAGGAAGTGA-1,untreated,bulk,-0.045355578831263954,0.019361326602203906,0.3779977303405206
GSM7791000_GACGTTAAGTCATAGA-1,untreated,bulk,0.038097247774638826,0.005352676290551829,-0.19887999319852084
GSM7791000_GACGTTACAGTTCCAA-1,untreated,bulk,0.07281411519126288,0.009143201700141544,-0.07193143079377928
GSM7791000_GACGTTAGTGTATCCA-1,untreated,bulk,0.08895698857685877,0.012946440666265989,-0.02023601804463041
GSM7791000_GACGTTATCACCCTGT-1,untreated,bulk,-0.1115953720940484,0.008023433648963874,-0.15028589911114554
GSM7791000_GACTATGCAACGTATC-1,untreated,bulk,-0.13217354078141472,0.012790724991878649,-0.22092837932169287
GSM7791000_GACTATGCAAGCTACT-1,untreated,bulk,-0.10725054468427386,0.005115834484249381,0.06201427984165058
GSM7791000_GACTATGGTCCAGCAC-1,untreated,bulk,-0.08874989948575457,0.00773658710072137,-0.14264357182363574
GSM7791000_GACTATGGTCGTACAT-1,untreated,bulk,-0.05445268358503069,0.02002127582696587,0.4734017759069365
GSM7791000_GACTATGGTTTAAGGA-1,untreated,bulk,-0.16308361598423549,0.01794626163437558,0.13662469570632552
GSM7791000_GACTATGTCAAGTAAG-1,untreated,bulk,-0.16472518920898438,0.047343792344813854,-0.04011805739195608
GSM7791000_GACTCAAAGAGGGCGA-1,untreated,bulk,-0.08992276309028505,0.010803068160916631,-0.0477573468427801
GSM7791000_GACTCAAAGCCATTCA-1,untreated,bulk,-0.11676958924248101,0.010544793604586697,-0.1119543968993043
GSM7791000_GACTCAACACTAAACC-1,untreated,bulk,0.01226813331482901,0.012626910984050636,0.0379742643861866
GSM7791000_GACTCAACAGAACTAA-1,untreated,bulk,-0.17023293517884752,0.013974661370007004,0.03074148951831119
GSM7791000_GACTCAAGTCATCCGG-1,untreated,bulk,-0.10266146054343572,0.011610446541433518,-0.07743820671228865
GSM7791000_GACTCAAGTCGTACTA-1,untreated,bulk,-0.05254555898999411,0.005922999318574135,-0.15506383983067826
GSM7791000_GACTCAAGTCTCACAA-1,untreated,bulk,-0.18593473203598507,0.009638060557349172,-0.08347587165373861
GSM7791000_GACTCAAGTTGTATGC-1,untreated,bulk,-0.017861419405256013,0.00851176136324062,0.11963247409941807
GSM7791000_GACTCAAGTTTACGAC-1,untreated,bulk,-0.05206221512385778,0.006389934888068615,-0.08338276640312002
GSM7791000_GACTCTCAGCCGAACA-1,untreated,bulk,-0.1832175586715577,0.008124690062008708,-0.1300755531408906
GSM7791000_GACTCTCCAAGCGAGT-1,untreated,bulk,-0.19636688175655542,0.017088993498328004,-0.03224845159012585
GSM7791000_GACTCTCCACACACGC-1,untreated,bulk,-0.10708107108161563,0.01187211264744495,0.004005894596354934
GSM7791000_GACTCTCCAGCGGTCT-1,untreated,bulk,0.039350229520646346,0.015012370797533418,-0.05219155412383108
GSM7791000_GACTCTCCATGTGCCG-1,untreated,bulk,-0.04558132444109236,0.02171557476257205,0.40971601670610713
GSM7791000_GACTCTCGTACTGCCG-1,untreated,bulk,-0.036190159585740844,0.012304920433759019,-0.002054157880090512
GSM7791000_GACTCTCTCAAGAATG-1,untreated,bulk,-0.20272928820716013,0.006893971992727954,-0.1781265299191156
GSM7791000_GACTCTCTCGTTCCTG-1,untreated,bulk,0.0786481817941817,0.013363533022930793,0.0075778846253779985
GSM7791000_GACTGATAGGTCCCGT-1,untreated,bulk,-0.0042986568572029316,0.005274358581034048,-0.21858330676683785
GSM7791000_GACTGATCACGTAACT-1,untreated,bulk,-0.11679844867615473,0.009290892374626736,0.054069734169845556
GSM7791000_GACTGATCACTGTGAT-1,untreated,bulk,-0.1714068167550223,0.01725065466557796,0.07975983819805475
GSM7791000_GACTGATCAGATCATC-1,untreated,bulk,-0.008251991347661095,0.01584710023214318,0.07775512587815275
GSM7791000_GACTGATCATTGACTG-1,untreated,bulk,-0.035171017722477965,0.0064624830883304825,-0.24229370965416341
GSM7791000_GACTGATGTTCGAAGG-1,untreated,bulk,-0.09113487470717657,0.005235535899700825,-0.11430889382144321
GSM7791000_GACTGATTCAAACGTC-1,untreated,bulk,0.09276008303203281,0.007315252141776565,-0.09891676751512614
GSM7791000_GACTGATTCCTACACC-1,untreated,bulk,-0.11293096027677019,0.006508865870510148,-0.10022260392793524
GSM7791000_GACTTCCAGCTCGAAG-1,untreated,bulk,0.009500522764902264,0.00887296841844834,-0.022283546112727898
GSM7791000_GACTTCCCAAACACGG-1,untreated,bulk,-0.0370463216115558,0.014374783911480029,-0.04099124942961961
GSM7791000_GACTTCCCAAGTTGGG-1,untreated,bulk,-0.06593040534428188,0.008830871757038212,-0.04792391801469125
GSM7791000_GACTTCCCACAAATGA-1,untreated,bulk,-0.0075473406201317095,0.004534264679761815,0.0030273326542005364
GSM7791000_GACTTCCCACTCCTTG-1,untreated,bulk,-0.05150176456996373,0.02171552771978271,0.39660198519331075
GSM7791000_GACTTCCCATCTATCT-1,untreated,bulk,0.1315004257928757,0.009744755254091582,-0.12346985785852466
GSM7791000_GACTTCCGTCTCTCAC-1,untreated,bulk,-0.0007907627499292857,0.010061074426539057,-0.08290795148081048
GSM7791000_GACTTCCTCACCTCAC-1,untreated,bulk,0.00813428969610308,0.010514288544079205,0.08639771432197164
GSM7791000_GAGAAATAGGCGACAT-1,untreated,ciliated,1.5941423470633371,0.011190968316788182,-0.011801684613306858
GSM7791000_GAGAAATCAACCAGAG-1,untreated,bulk,-0.20813284737723214,0.019329099912058834,0.11617863884102311
GSM7791000_GAGAAATCAACCGATT-1,untreated,bulk,-0.020106192543393075,0.009675093188913499,-0.140003118770799
GSM7791000_GAGAAATCAAGCACCC-1,untreated,bulk,-0.1833211562368605,0.008484489803818171,0.011971391663345083
GSM7791000_GAGAAATCACTGGCCA-1,untreated,bulk,-0.1911974212858412,0.02008832008671438,0.058041769079973646
GSM7791000_GAGAAATCAGCGTGCT-1,untreated,bulk,0.014734267128838408,0.012891081731360795,-0.10200697481433459
GSM7791000_GAGACCCAGAATTCAG-1,untreated,bulk,0.019752088804093626,0.011292164164610211,0.02433406107380131
GSM7791000_GAGACCCAGCCATGCC-1,untreated,bulk,0.0756380467944675,0.011270605091181838,-0.06030952469638463
GSM7791000_GAGACCCCAGCATTGT-1,untreated,bulk,-0.068944303573124,0.011259315630881067,-0.11226729265877188
GSM7791000_GAGACCCGTACTCAAC-1,untreated,bulk,-0.06534104256402877,0.010755589360691915,0.06279739959795048
GSM7791000_GAGACCCGTGAGAACC-1,untreated,bulk,-0.02198680045112733,0.009199760057129712,-0.1575616931643861
GSM7791000_GAGACCCGTTTCCCAC-1,untreated,bulk,-0.12060838971819196,0.021339186044792,0.2849071268898132
GSM7791000_GAGACCCTCATTTGCT-1,untreated,bulk,0.12307671668037537,0.00902659923895731,-0.025152376415800443
GSM7791000_GAGACTTAGAAGCGAA-1,untreated,bulk,-0.06091604573386056,0.005993563354758096,-0.16968752482423277
GSM7791000_GAGACTTAGATTAGAC-1,untreated,bulk,-0.13393803868974957,0.010477996471331923,-0.17337477297396411
GSM7791000_GAGACTTAGGTCCTGC-1,untreated,bulk,0.0037766369562300395,0.014000801806203628,0.02470674040582416
GSM7791000_GAGACTTGTCAATGGG-1,untreated,bulk,-0.09585950847656009,0.012406599759275256,-0.09226434772559126
GSM7791000_GAGACTTGTCGCAGTC-1,untreated,bulk,-0.09509407066163564,0.007882102728299674,-0.24849728344346103
GSM7791000_GAGACTTTCAAGCCTA-1,untreated,bulk,-0.01844874389587886,0.010533857612457707,-0.05050833406254676
GSM7791000_GAGACTTTCGCTTGCT-1,untreated,bulk,-0.1269948795106676,0.007863454361891628,-0.11554327959958913
GSM7791000_GAGACTTTCGGAGTGA-1,untreated,bulk,0.09611449665493435,0.009653260950551565,-0.13199471295260004
GSM7791000_GAGAGGTAGCGAAACC-1,untreated,bulk,-0.01976322113521517,0.005977273361191539,-0.22897863513762773
GSM7791000_GAGAGGTCACCCTGTT-1,untreated,bulk,-0.0566507413652208,0.012073120258576632,-0.14002029560221033
GSM7791000_GAGAGGTCATCGGCCA-1,untreated,bulk,-0.04458520261068194,0.014587867021751673,-0.06353549743961841
GSM7791000_GAGAGGTGTCTCAAGT-1,untreated,bulk,-0.05256648146916948,0.004491728605454947,-0.05487414295286935
GSM7791000_GAGAGGTGTTCTCAGA-1,untreated,bulk,0.00031030654907227007,0.012016555232507718,-0.1480479991665614
GSM7791000_GAGAGGTTCCGGACTG-1,untreated,bulk,0.09153637310815238,0.009727173752200871,-0.10581347466704083
GSM7791000_GAGAGGTTCGTGTGAT-1,untreated,bulk,-0.00726280863322909,0.008562721755482052,-0.2256075662361263
GSM7791000_GAGATGGAGATACCAA-1,untreated,bulk,-0.0003940382457914837,0.013176192825589158,-0.000508781944853126
GSM7791000_GAGATGGAGCAAGGAA-1,untreated,bulk,0.10024584603688075,0.013503090740792206,-0.12352966748162916
GSM7791000_GAGATGGCATCTAACG-1,untreated,bulk,-0.004617286712404273,0.009828179801531356,-0.06833894030890983
GSM7791000_GAGATGGGTCTCTCAC-1,untreated,bulk,0.09869327007778107,0.022125495158961513,0.43317455304640085
GSM7791000_GAGATGGTCTTCACAT-1,untreated,bulk,0.045557980461726114,0.017862568946414397,0.17277002311311146
GSM7791000_GAGCCTGAGGCCTTGC-1,untreated,bulk,-0.011491484414963504,0.0107735798743146,-0.1604952953370492
GSM7791000_GAGCCTGAGGTGCTAG-1,untreated,bulk,-0.07428750704205225,0.013983777842643676,0.07131322813219151
GSM7791000_GAGCCTGCACTACTTT-1,untreated,bulk,-0.18102827889578682,0.012424205437331075,-0.12304483792838032
GSM7791000_GAGCCTGCATAGAAAC-1,untreated,bulk,0.039142510096232125,0.009261795951926307,-0.3050359554956272
GSM7791000_GAGCCTGCATTGCCGG-1,untreated,bulk,0.00194050289335701,0.005289201128514785,-0.13962177694354086
GSM7791000_GAGCCTGTCTATTGTC-1,untreated,bulk,-0.11103159526037792,0.01174758863995224,-0.16422773965727056
GSM7791000_GAGCTGCGTCCCTGTT-1,untreated,bulk,-0.018460024879092263,0.003645018872711105,-0.1938455691949413
GSM7791000_GAGCTGCGTTTACCTT-1,untreated,bulk,-0.16441837855747768,0.014423958779575835,-0.032087730087371036
GSM7791000_GAGGCAACACTAGTAC-1,untreated,bulk,-0.060301337090749585,0.010939306664889226,0.025528614505340733
GSM7791000_GAGGCAACAGCAGTGA-1,untreated,bulk,0.043698561834910554,0.00889358566860886,0.10257095827808203
GSM7791000_GAGGCAAGTCTTACAG-1,untreated,bulk,-0.13212403002239412,0.007165028375372002,-0.1643104697622709
GSM7791000_GAGGCAATCACTTATC-1,untreated,bulk,0.01829466819763184,0.007662307175015953,-0.019356773462783968
GSM7791000_GAGGCAATCCCTTGTG-1,untreated,bulk,-0.03202808796413362,0.013348869068220227,-0.11187373209973005
GSM7791000_GAGGCCTAGCAACCAG-1,untreated,bulk,0.04915878220209996,0.019172585208293173,-0.06307122086165506
GSM7791000_GAGGCCTAGGTAAACT-1,untreated,bulk,-0.2388456508091518,0.0110919189044488,0.0044803069713363905
GSM7791000_GAGGCCTAGGTCCGAA-1,untreated,bulk,-0.1443163261716328,0.0073691443580418585,-0.014226240919040175
GSM7791000_GAGGCCTAGTCACTCA-1,untreated,bulk,-0.15977174107990566,0.015214509181894847,-0.14230001908569537
GSM7791000_GAGGCCTCAACAAGAT-1,untreated,bulk,-0.04283394995189849,0.01621124516247003,0.048120548702077125
GSM7791000_GAGGCCTCACTAAACC-1,untreated,bulk,-0.08402044023786272,0.024914563263519,0.4269725655458521
GSM7791000_GAGGCCTCACTGCACG-1,untreated,bulk,0.13928497708033002,0.028012691745592205,0.05701038467797775
GSM7791000_GAGGCCTCATTCAGCA-1,untreated,bulk,-0.061144141961657794,0.012002454770939787,-0.1343217036235673
GSM7791000_GAGGCCTGTTACGCCG-1,untreated,bulk,0.015628792293488042,0.008901752177601982,-0.08008924776625789
GSM7791000_GAGGCCTTCTGAGTCA-1,untreated,bulk,-0.12333905901227679,0.010393424874010368,-0.002279841415228049
GSM7791000_GAGGGATCAAGCAATA-1,untreated,bulk,-0.0557089620166355,0.007043496093678141,-0.06943829354679562
GSM7791000_GAGGGATGTCCTATAG-1,untreated,bulk,-0.1519740815389724,0.011055208595877062,-0.08394873373199047
GSM7791000_GAGGGATGTCTGATAC-1,untreated,bulk,-0.04981256212506976,0.022557776241925138,0.3934011140674064
GSM7791000_GAGGGATTCAGACCCG-1,untreated,bulk,-0.07256388058738103,0.007408806508876182,-0.2083973187276235
GSM7791000_GAGGGATTCGGAAGGT-1,untreated,bulk,-0.11449708121163504,0.02779750882634991,0.5498655970328679
GSM7791000_GAGGGTAAGGAGCAAA-1,untreated,bulk,-0.10792653034603786,0.009284326321184625,-0.09660708233889274
GSM7791000_GAGGGTAAGTCAACAA-1,untreated,bulk,0.003088942936488537,0.004004711719946089,-0.05071565252030989
GSM7791000_GAGGGTAGTTTACGTG-1,untreated,bulk,0.07621044121091328,0.012749115050158548,0.03420021609609829
GSM7791000_GAGTCATAGAGTCGAC-1,untreated,bulk,-0.04622924259730748,0.019778849209249612,0.5205987276441385
GSM7791000_GAGTCATAGTCTAGCT-1,untreated,bulk,-0.0926636300768171,0.010626508864099875,-0.25281142504369514
GSM7791000_GAGTCATCACTGGCGT-1,untreated,bulk,0.1477415644933307,0.01463608091335598,-0.07575293947015316
GSM7791000_GAGTCATCATGCCATA-1,untreated,bulk,-0.03793025697980609,0.007931952171608147,-0.16237977390308647
GSM7791000_GAGTCATGTCGATTAC-1,untreated,bulk,-0.09048033755923074,0.012157230900771811,-0.08095658493769331
GSM7791000_GAGTCATGTCGGTAAG-1,untreated,bulk,-0.07487214981563509,0.007875216296220436,-0.17138478871883703
GSM7791000_GAGTCTAAGAATTTGG-1,untreated,bulk,-0.1142771936219836,0.011735145165182306,-0.09793282374047779
GSM7791000_GAGTCTAAGATGACAT-1,untreated,bulk,-0.1988582177389236,0.013380921944706626,-0.17597403873697795
GSM7791000_GAGTCTAAGCACCGTC-1,untreated,bulk,-0.008467524013822031,0.009935573432241926,0.0027509930001915982
GSM7791000_GAGTCTAAGGAATCGC-1,untreated,bulk,-0.02114198957170759,0.02096723926745007,0.6076183933715428
GSM7791000_GAGTCTACAACCAACT-1,untreated,bulk,-0.009658256258283343,0.006487448752849777,-0.07782850334629296
GSM7791000_GAGTCTAGTACGTGTT-1,untreated,bulk,0.21845183750939748,0.00842868696048325,-0.02541753118205742
GSM7791000_GAGTCTATCCTCTAGC-1,untreated,bulk,-0.024897752489362435,0.003751815073657447,-0.1963460489415467
GSM7791000_GAGTCTATCGGAATGG-1,untreated,bulk,-0.04535352585807678,0.02611739043143473,-0.11241664994407034
GSM7791000_GAGTCTATCGTAGGGA-1,untreated,bulk,-0.03396847444867332,0.017479668138678107,0.013553588765436417
GSM7791000_GAGTGAGCAAATCGGG-1,untreated,bulk,0.03235871788055178,0.011081452849211162,0.08468006825978712
GSM7791000_GAGTGAGCAGTTAGGG-1,untreated,bulk,-0.008984542725578193,0.00715213136728342,-0.06854566878139486
GSM7791000_GAGTGAGGTATTCCTT-1,untreated,bulk,-0.11546616698068285,0.010636101322342415,-0.08232803803892245
GSM7791000_GAGTGAGTCATTTCCA-1,untreated,bulk,-0.12060283562493702,0.011297641731028844,-0.05909801532251048
GSM7791000_GAGTGTTAGTTCGGTT-1,untreated,bulk,0.06020462013426281,0.017140665423750225,0.13543420037069986
GSM7791000_GAGTGTTGTCGATGCC-1,untreated,bulk,-0.03895772915037851,0.018030001475579545,0.04000400704985547
GSM7791000_GAGTGTTGTCTAACTG-1,untreated,bulk,-0.0557207441329956,0.008015354605351499,-0.07320191674805504
GSM7791000_GAGTGTTTCCCGAACG-1,untreated,bulk,-0.06411346662612188,0.008779288240337633,-0.06078390213030851
GSM7791000_GAGTGTTTCTCGACGG-1,untreated,bulk,-0.13667066907125805,0.008715222250811684,0.004960230523785913
GSM7791000_GAGTTACAGTACCATC-1,untreated,bulk,-0.0852273941040039,0.019138214783938127,0.2719303166058888
GSM7791000_GAGTTACCAAGACAAT-1,untreated,bulk,-0.14663818211782548,0.00820453827722013,-0.2120636125933902
GSM7791000_GAGTTACCACCAATTG-1,untreated,bulk,-0.09390138005453444,0.00782945191552812,-0.20453570014118497
GSM7791000_GAGTTACTCAGCCTTC-1,untreated,bulk,-0.08145457676478794,0.01496740852812334,0.1901260808913125
GSM7791000_GAGTTACTCCATGCAA-1,untreated,bulk,-0.14408816746303013,0.02048999346804696,0.5060078171467707
GSM7791000_GAGTTGTCAACGATCT-1,untreated,bulk,-0.044030062660338404,0.03508023075276272,-0.1799158513605564
GSM7791000_GAGTTGTCATGTCTAG-1,untreated,bulk,-0.02956525605822366,0.008181149314174251,-0.12792700913486219
GSM7791000_GAGTTGTGTAACGTTC-1,untreated,bulk,-0.08047023425026545,0.007244156786458481,-0.1731537659760933
GSM7791000_GAGTTGTGTACAAAGT-1,untreated,bulk,-0.1457320619764782,0.018231833636379455,-0.043037184984940274
GSM7791000_GAGTTGTGTGTAGTGG-1,untreated,bulk,-0.1238779614463685,0.010066494182715503,0.06267363675274844
GSM7791000_GAGTTTGAGCTGAGTG-1,untreated,bulk,-0.10500431946345737,0.012857288392026073,-0.17753017024274084
GSM7791000_GAGTTTGCAAAGGTTA-1,untreated,bulk,0.031344855475047256,0.0070389032226308695,-0.18741421300416022
GSM7791000_GAGTTTGCACCAAATC-1,untreated,bulk,-0.07533883026668003,0.005543537542244147,-0.05177002065331289
GSM7791000_GAGTTTGCAGATCCAT-1,untreated,bulk,0.1636524218604678,0.009425849823954785,-0.04485186692786751
GSM7791000_GAGTTTGCATCCTTCG-1,untreated,bulk,-0.12408671326107448,0.009743652498351083,-0.14582211511414012
GSM7791000_GAGTTTGGTCTTTCAT-1,untreated,bulk,-0.15043012948263262,0.009834580157993834,-0.1677396110500793
GSM7791000_GAGTTTGGTGATCGTT-1,untreated,bulk,-0.09322086811065675,0.03753510299698578,-0.1157170454183971
GSM7791000_GATAGAAAGGATGCGT-1,untreated,bulk,-0.12380805363730779,0.009582046859494028,-0.15806337263797274
GSM7791000_GATAGAACACGGTGCT-1,untreated,bulk,-0.15838316781180245,0.01233335121797571,0.05643356457369469
GSM7791000_GATAGAACATACAGGG-1,untreated,bulk,-0.19084892522721064,0.014075740333233668,-0.18884071445048223
GSM7791000_GATAGAAGTAACGGTG-1,untreated,bulk,0.10445802476671007,0.016976814625248755,-0.08877861723312229
GSM7791000_GATAGCTAGCTGAAGC-1,untreated,bulk,-0.10198892850724478,0.007500334420305689,-0.13536521680740166
GSM7791000_GATAGCTAGTCGCGAA-1,untreated,bulk,-0.06334956320505292,0.008210562746807546,-0.22718699870954387
GSM7791000_GATAGCTCAATCTAGC-1,untreated,bulk,-0.1477426541040814,0.013094542015921695,0.03892120551513943
GSM7791000_GATAGCTCACAGTCAT-1,untreated,bulk,0.3426479366847447,0.01138948696639788,0.06111278845329069
GSM7791000_GATAGCTGTCCTGTTC-1,untreated,bulk,0.00032706722380623776,0.02163184632867947,0.3190911099714786
GSM7791000_GATAGCTGTGAATATG-1,untreated,bulk,-0.08207017504979694,0.01439261022334322,-0.0025192764631976924
GSM7791000_GATAGCTGTTAGGGAC-1,untreated,bulk,-0.07536769132765514,0.006359811444080767,-0.1825158438928366
GSM7791000_GATAGCTTCCCGAGTG-1,untreated,bulk,0.05317746843610491,0.010308578996360384,0.03684778715765334
GSM7791000_GATAGCTTCGGCATAT-1,untreated,bulk,-0.03431591158821469,0.012723623563479752,0.0709195212637094
GSM7791000_GATAGCTTCTCTTAAC-1,untreated,bulk,-0.18179660365695044,0.009172262249513672,-0.1981754525132302
GSM7791000_GATCACAAGACTAAGT-1,untreated,bulk,-0.01815989115881539,0.013519930146083423,-0.020820065310241873
GSM7791000_GATCACAAGGCACTAG-1,untreated,bulk,-0.07905888966151647,0.008471968894196769,0.03188045766962551
GSM7791000_GATCACAGTAGACGTG-1,untreated,bulk,0.16475935375879683,0.011459062879334634,0.07270410215364952
GSM7791000_GATCACAGTCCTCCTA-1,untreated,bulk,0.16941204457055956,0.022464923273366365,0.6207117731260696
GSM7791000_GATCACAGTTAAGGAT-1,untreated,bulk,-0.08869766303471158,0.008209655228854638,-0.07355725011169957
GSM7791000_GATCACAGTTCGGTTA-1,untreated,bulk,-0.12457954887359861,0.012166320480125123,-0.1710699959508381
GSM7791000_GATCAGTAGCGATGCA-1,untreated,bulk,0.27864438495938737,0.012075482373135668,-0.04697854428339786
GSM7791000_GATCAGTAGCTGAAAT-1,untreated,bulk,-0.0404020254952567,0.022485390223224152,0.3683476812908805
GSM7791000_GATCAGTCAAATACGA-1,untreated,bulk,-0.09451942443847657,0.02470013103511443,0.5451773292260912
GSM7791000_GATCAGTCAAATGCTC-1,untreated,bulk,0.10843661641317698,0.026635417577126435,0.3187039203821601
GSM7791000_GATCAGTCATGTTCGA-1,untreated,bulk,-0.1545853969029018,0.011654322579901684,-0.030705672373682817
GSM7791000_GATCAGTCATTAGGAA-1,untreated,bulk,-0.012319027431427487,0.013077441994973328,-0.14072928219117908
GSM7791000_GATCATGAGAGCACTG-1,untreated,bulk,0.006934808019607802,0.01300826892454738,0.21160724219998917
GSM7791000_GATCATGAGCCATTGT-1,untreated,bulk,0.004888877263144825,0.010174490381384767,-0.10853431771593128
GSM7791000_GATCATGAGCTGAAGC-1,untreated,bulk,-0.0032718177068800924,0.01025461539536011,-0.02006621310251345
GSM7791000_GATCATGCAAACGTGG-1,untreated,bulk,0.015579968634105879,0.011039231621410949,-0.20523015214930904
GSM7791000_GATCATGCAATCGCGC-1,untreated,bulk,-0.05811439881249081,0.01726918332492408,0.1507576806104472
GSM7791000_GATCATGTCACTTGGA-1,untreated,bulk,0.0423133317251054,0.004335244864285688,-0.12879785808907068
GSM7791000_GATCCCTCATTGCTGA-1,untreated,bulk,0.04277121982877216,0.011290985626435199,-0.04271506690740464
GSM7791000_GATCCCTGTGTAACGG-1,untreated,bulk,-0.07693577478802394,0.005736033688896537,-0.15746251740413478
GSM7791000_GATCCCTGTTGTCATG-1,untreated,bulk,0.05985155347793822,0.01196740709339264,-0.23243086525231774
GSM7791000_GATCCCTTCCCTGTTG-1,untreated,bulk,0.049202306081378266,0.005398583560775902,-0.02044626659397697
GSM7791000_GATCCCTTCTTACACT-1,untreated,bulk,-0.09251377650669643,0.01936439521619202,0.12229429845360285
GSM7791000_GATCCCTTCTTACGTT-1,untreated,bulk,-0.10114684619600811,0.012748632558918374,0.002004224685682555
GSM7791000_GATCGTAAGCCTGGAA-1,untreated,bulk,-0.14243080373794315,0.009354863360266134,-0.07023105879803333
GSM7791000_GATCGTACAAGGCGTA-1,untreated,bulk,0.08770326538691442,0.008446298459016913,-0.16437906820769196
GSM7791000_GATCGTACACGTCTCT-1,untreated,bulk,0.0018294226934039148,0.007542219658882201,0.07472562716972479
GSM7791000_GATCGTACAGCCTTCT-1,untreated,bulk,-0.05915953499930245,0.02458392128830379,0.667972862483044
GSM7791000_GATCGTAGTATACAGA-1,untreated,bulk,0.025209720551021553,0.0071096333878195896,-0.14023350370445317
GSM7791000_GATCGTAGTGCAGATG-1,untreated,bulk,-0.04656337628288876,0.013512571422764765,-0.09405942640857688
GSM7791000_GATGACTAGCATTTGC-1,untreated,bulk,0.06938965116228374,0.027429915171874694,-0.18270876254345453
GSM7791000_GATGACTAGCCGATCC-1,untreated,bulk,-0.11349519411722817,0.007280655336142668,-0.22431606700983953
GSM7791000_GATGACTCACCGTCGA-1,untreated,bulk,0.07125021268451023,0.009834002471154919,-0.06935584013223621
GSM7791000_GATGACTCATACTTTC-1,untreated,bulk,0.09877240468585302,0.008184110430223027,-0.14402154722692412
GSM7791000_GATGACTCATAGCACT-1,untreated,bulk,0.19188750403267996,0.010242441731099625,0.07050420717364811
GSM7791000_GATGACTTCGGCTTCT-1,untreated,bulk,-0.1184407107792203,0.007068180227480992,0.013182309246647823
GSM7791000_GATGAGGGTACTGCCG-1,untreated,bulk,0.05733739126296272,0.009837551530283688,-0.09630266344783422
GSM7791000_GATGAGGGTGTGTACT-1,untreated,bulk,-0.0963230242047991,0.0261837208942485,0.48892874819238386
GSM7791000_GATGAGGTCTATCGTT-1,untreated,bulk,0.0769870043557788,0.007826208828671221,-0.10887202948355364
GSM7791000_GATGATCGTCCAAGAG-1,untreated,bulk,0.019056983978029268,0.009024139558705705,0.039466264926494694
GSM7791000_GATGATCGTGTATACC-1,untreated,bulk,-0.08253776005336216,0.030431107235929105,0.2745765522220014
GSM7791000_GATGATCTCCGCAAAT-1,untreated,bulk,-0.04035436357770647,0.019155863583787167,0.34108762623446465
GSM7791000_GATGCTAAGCATCTTG-1,untreated,bulk,-0.010948964830428815,0.01033207034313048,-0.08172429989209012
GSM7791000_GATGCTAAGCGACTGA-1,untreated,bulk,-0.004947850136529847,0.013618001770696816,-0.146545563761379
GSM7791000_GATGCTAAGCGACTTT-1,untreated,bulk,-0.07039439216492666,0.005567600829715821,-0.1601290457077829
GSM7791000_GATGCTAAGTGCACTT-1,untreated,bulk,-0.18116131373814173,0.011940592199361819,0.02183474147427308
GSM7791000_GATGCTACACCAGTTA-1,untreated,bulk,0.04676961111643957,0.011727515212289817,0.0787003446150956
GSM7791000_GATGCTATCAGGAAAT-1,untreated,bulk,-0.23393116542271206,0.008957589710728742,-0.1840918619968066
GSM7791000_GATGCTATCTAGAACC-1,untreated,bulk,-0.04260429397461907,0.008896258149983158,-0.14094152489458026
GSM7791000_GATGGAGCATCATTTC-1,untreated,bulk,-0.10224912370954241,0.026399541631414863,0.4295484970355993
GSM7791000_GATGGAGGTAAGGCCA-1,untreated,bulk,0.16411500325278633,0.008877320408723818,-0.1198756301745852
GSM7791000_GATGGAGGTAGCTGAG-1,untreated,bulk,0.233814175166781,0.01579406587682401,0.275383134407739
GSM7791000_GATGGAGTCATCCTGC-1,untreated,bulk,-0.0285278810773577,0.01642303395322894,0.5087700954998211
GSM7791000_GATGGAGTCCGTCACT-1,untreated,bulk,-0.10195613997323172,0.006601259265366066,-0.04907632243120062
GSM7791000_GATGGAGTCGAGTCCG-1,untreated,bulk,0.02750074356321308,0.006170568770306377,-0.09292463052449385
GSM7791000_GATGTTGGTCCATAGT-1,untreated,bulk,-0.21413116455078124,0.008029845558068998,-0.1694268462979609
GSM7791000_GATGTTGGTGTCCGGT-1,untreated,bulk,0.11446607968163869,0.0104644999034044,0.05672416370715373
GSM7791000_GATGTTGTCACGGGCT-1,untreated,bulk,-0.035993129185267855,0.02043454803319922,0.47101667414755244
GSM7791000_GATGTTGTCGTCACCT-1,untreated,bulk,-0.12461119186310542,0.008616265689003201,-0.16417414479019674
GSM7791000_GATGTTGTCTGAGAGG-1,untreated,bulk,-0.19187570291852193,0.010661558695232618,-0.07551051582109619
GSM7791000_GATTCGAAGCACCGTC-1,untreated,bulk,0.05323110784803117,0.01101838473418915,0.025291805635293207
GSM7791000_GATTCGACACCGTACG-1,untreated,bulk,-0.06720030648367746,0.016669492798477643,0.19036005586169716
GSM7791000_GATTCGACATGTAACC-1,untreated,bulk,0.08128971796187143,0.011677043042403915,0.02181789129139812
GSM7791000_GATTCGAGTGCCTAAT-1,untreated,bulk,-0.12411013062038119,0.007825044959678827,-0.1711476537206205
GSM7791000_GATTCGAGTTGCATAC-1,untreated,bulk,0.029177852963644363,0.011948673493798322,-0.028056115980574482
GSM7791000_GATTCGATCACTCCGT-1,untreated,bulk,-0.10935835369049557,0.009932716566399484,-0.11423356572592962
GSM7791000_GATTCTTAGCAAACAT-1,untreated,bulk,0.05560347102937244,0.012161750217208544,-0.11864096088084483
GSM7791000_GATTCTTAGTGAGTGC-1,untreated,bulk,-0.16800322396414621,0.012337371327663946,0.011281476335382304
GSM7791000_GATTCTTAGTGCAGCA-1,untreated,bulk,-0.04373671736036028,0.013553906399598015,-0.004008071452799465
GSM7791000_GATTCTTCACTTCTCG-1,untreated,bulk,-0.14745242875719827,0.012032468788357713,-0.08504431953608879
GSM7791000_GATTCTTGTCCGAAGA-1,untreated,bulk,-0.08939007895333426,0.01932146563695111,0.274853985714843
GSM7791000_GATTCTTTCCGTGACG-1,untreated,bulk,-0.08739447457449778,0.006818931228650601,-0.14839126654434195
GSM7791000_GATTCTTTCGTAACAC-1,untreated,bulk,0.149087619932871,0.00968413556542828,-0.10693006874471112
GSM7791000_GATTGGTCACCGTCTT-1,untreated,bulk,-0.12545183113643102,0.01010125542453155,-0.14155075807729522
GSM7791000_GATTGGTGTAGCCCTG-1,untreated,bulk,0.06285541489010764,0.01972600225076327,0.3308144843875831
GSM7791000_GATTGGTGTATGGTTC-1,untreated,bulk,0.21298398184397863,0.010256725391960316,-0.0780397505913797
GSM7791000_GATTGGTGTGATGAAT-1,untreated,bulk,-0.00243355047135127,0.01215570648595378,-0.06730341633250983
GSM7791000_GATTGGTGTTTCGTGA-1,untreated,bulk,-0.059876963562435576,0.014390321699542422,0.02966239257295913
GSM7791000_GATTGGTTCATGAAAG-1,untreated,bulk,-0.08317140526241726,0.016754389191182842,-0.1945908516903367
GSM7791000_GATTGGTTCATGCGGC-1,untreated,bulk,-0.12561529976981026,0.01690080186273995,0.1658855190551526
GSM7791000_GATTGGTTCTGCCCTA-1,untreated,bulk,-0.08426036910405235,0.012536555581180494,-0.08459306858623657
GSM7791000_GATTTCTAGACGAGCT-1,untreated,bulk,-0.07566686599973647,0.016039347076060223,-0.01750556480217877
GSM7791000_GATTTCTAGCGTGAAC-1,untreated,bulk,-0.05175083531273736,0.008162065867343336,-0.10758472844781698
GSM7791000_GATTTCTCAACGGCCT-1,untreated,bulk,-0.014945359457106844,0.00522696026040527,-0.06123995911681997
GSM7791000_GATTTCTCAAGTCCCG-1,untreated,bulk,-0.2166276332310268,0.011148380770872868,-0.051670665389383676
GSM7791000_GATTTCTTCCGTAGGC-1,untreated,bulk,0.15481456120808917,0.005763390367832538,-0.14630685801148965
GSM7791000_GCAACATAGTGTCATC-1,untreated,bulk,-0.17663221086774553,0.01291637691156875,-0.08816780072751146
GSM7791000_GCAACATCAAGTACCT-1,untreated,bulk,0.030953480554005458,0.013429416546771234,-0.16547140579489344
GSM7791000_GCAACATGTACCACGC-1,untreated,bulk,-0.22913306100027903,0.007962861324323656,-0.05884412576691383
GSM7791000_GCAACATGTCCTGTTC-1,untreated,bulk,-0.07597484770275298,0.006358470938344002,-0.10477598365558155
GSM7791000_GCAACATTCATGCATG-1,untreated,bulk,-0.035542961983453664,0.013879290111452046,-0.1053973679230062
GSM7791000_GCAACATTCGGCCTTT-1,untreated,bulk,-0.14898934500558036,0.015331587171112908,0.15558772387869033
GSM7791000_GCAACATTCGTGCGAC-1,untreated,bulk,0.06543999687073723,0.010606797548691052,-0.07646344301630162
GSM7791000_GCAACCGAGACGGTTG-1,untreated,bulk,0.07560986897302052,0.006055080253066665,-0.04706957594363793
GSM7791000_GCAACCGAGATCGCTT-1,untreated,bulk,-0.10184392656598772,0.020688800284624595,0.43841913825696427
GSM7791000_GCAACCGCAAGGCGTA-1,untreated,bulk,0.010420040403093606,0.007032310405576444,-0.09246472869616862
GSM7791000_GCAACCGCAATGTGGG-1,untreated,bulk,-0.032722308900621194,0.009367437015530129,-0.21802356539320855
GSM7791000_GCAACCGGTACGCTTA-1,untreated,bulk,0.08436863551064142,0.012625609951688002,-0.17307480842346473
GSM7791000_GCAACCGTCGACCCAG-1,untreated,bulk,-0.1191790809328594,0.007010641090711636,-0.10434434933272373
GSM7791000_GCAACCGTCTTAGCCC-1,untreated,bulk,-0.050910844575791134,0.01804158129047678,0.049554063357523076
GSM7791000_GCACATAAGACCATAA-1,untreated,bulk,-0.1451563529362754,0.010429748580383386,-0.12145096346473325
GSM7791000_GCACATAGTGAACTAA-1,untreated,bulk,0.12310391759115549,0.011607609941208876,-0.16225059861169544
GSM7791000_GCACATAGTGGAACAC-1,untreated,bulk,-0.11427363804408482,0.018139225820729826,0.3745194714171799
GSM7791000_GCACATATCATTCATC-1,untreated,bulk,-0.10585395812988281,0.01084943883725356,0.07995144340594394
GSM7791000_GCACGGTAGACTTAAG-1,untreated,bulk,-0.06475376674107143,0.025322911863711405,0.4886542579000728
GSM7791000_GCACGGTGTTCTCCCA-1,untreated,bulk,-0.04744239549788218,0.007452465032142528,-0.12918337351388545
GSM7791000_GCACGGTTCATGCCGG-1,untreated,bulk,-0.21553763253348215,0.010947318164951574,-0.08735045543287807
GSM7791000_GCACGTGAGCGATGGT-1,untreated,bulk,-0.065965576171875,0.021187380409694877,0.4583627795495185
GSM7791000_GCACGTGAGGAGGCAG-1,untreated,bulk,-0.029805687495640346,0.021143648602362345,0.5548556927370981
GSM7791000_GCACGTGAGGTCGTAG-1,untreated,bulk,-0.0086755751049708,0.007604310991919996,-0.1714202780463068
GSM7791000_GCACGTGGTCCATAGT-1,untreated,bulk,0.02577451902722555,0.009005673022224787,-0.07634346120611149
GSM7791000_GCACGTGGTGACCGTC-1,untreated,bulk,0.016189452125912634,0.004522562761376959,-0.1277034643773271
GSM7791000_GCACGTGGTTGCAACT-1,untreated,bulk,-0.14173908407725982,0.012001530412467284,-0.09067122629142849
GSM7791000_GCACGTGTCAGACATC-1,untreated,bulk,-0.10425175432174925,0.011886321258665723,-0.1049187461568752
GSM7791000_GCACTAAAGCGATGCA-1,untreated,bulk,-0.0938328798990401,0.010078921846398345,0.09535546984673923
GSM7791000_GCACTAACAGAGGGTT-1,untreated,bulk,0.0989831833612351,0.005994651831569075,-0.03475389270807347
GSM7791000_GCACTAATCATACAGC-1,untreated,bulk,0.008035465270753883,0.0035294780329936247,-0.10282182266261389
GSM7791000_GCACTAATCCGTGTGG-1,untreated,bulk,0.0007199428195044932,0.009485208536944201,-0.06566739803238361
GSM7791000_GCAGCCAAGTGGTCAG-1,untreated,bulk,-0.058059183453756685,0.0055044217765815254,-0.0958794102657799
GSM7791000_GCAGCCAAGTTGCCTA-1,untreated,bulk,-0.12133183369560849,0.013969263272570292,0.02308697885155332
GSM7791000_GCAGCCACAATTCTTC-1,untreated,bulk,-0.0590972515893361,0.012963059526471895,0.08285598467113799
GSM7791000_GCAGCCAGTAGACAGC-1,untreated,bulk,-0.04863493964785623,0.009168429116446329,-0.0327521184108315
GSM7791000_GCAGCCAGTCATCCCT-1,untreated,bulk,-0.08225334553491503,0.007621053710106541,-0.040588742019342997
GSM7791000_GCAGCCAGTTCTCGTC-1,untreated,bulk,-0.24451241629464285,0.012546915982420595,-0.020419400056075225
GSM7791000_GCAGCCAGTTGGACCC-1,untreated,bulk,-0.18121004377092634,0.009929539681714198,0.02756008721904595
GSM7791000_GCAGCCATCGAGAGCA-1,untreated,bulk,-0.1297014146002512,0.00880387803178856,-0.1166500032352703
GSM7791000_GCAGCCATCTGGACTA-1,untreated,bulk,-0.2620244707380022,0.010253323603696306,-0.13242943369653418
GSM7791000_GCAGCCATCTTCTGGC-1,untreated,bulk,-0.09468477809239945,0.01535270155085518,-0.06985169628136913
GSM7791000_GCAGCTGAGTTGCATC-1,untreated,bulk,-0.060247831798735135,0.008420357606007133,0.05707790668165939
GSM7791000_GCAGCTGCAGACTGCC-1,untreated,bulk,0.13522485733032227,0.004334990545352677,-0.18734980753338565
GSM7791000_GCAGCTGGTGAACCGA-1,untreated,bulk,0.07303735649774945,0.013447764832631217,0.03582766689453514
GSM7791000_GCAGCTGGTGGCCTCA-1,untreated,bulk,0.06197159873114694,0.013783301282849374,-0.16979375202546432
GSM7791000_GCAGCTGGTGTGAATA-1,untreated,bulk,0.10377001853216264,0.010357288289180495,-0.20589426621640383
GSM7791000_GCAGCTGTCGCTGACG-1,untreated,bulk,0.02634162917969718,0.011435375238467141,-0.10565425328804383
GSM7791000_GCAGGCTCAAGACCTT-1,untreated,bulk,-0.03395733651660737,0.010437684179651907,0.00792181476592134
GSM7791000_GCAGGCTGTAACAGGC-1,untreated,bulk,-0.11246843985148838,0.043810819504573904,0.08492069942598719
GSM7791000_GCAGGCTTCAGTCTTT-1,untreated,bulk,0.12358296182420514,0.007411278812426816,-0.11766118719175117
GSM7791000_GCAGGCTTCCGTTGGG-1,untreated,bulk,0.012625778440445212,0.00836203708833952,0.02015344581438698
GSM7791000_GCAGTTAGTTTGAAAG-1,untreated,bulk,-0.02991186883714464,0.010143728469097347,0.026899449203424707
GSM7791000_GCAGTTATCATGGTAC-1,untreated,bulk,-0.024823008794633172,0.008271531977449136,-0.149904385273951
GSM7791000_GCAGTTATCCGTGGCA-1,untreated,bulk,-0.010660225323268345,0.02020883691120759,0.5236735188017965
GSM7791000_GCAGTTATCTTTGCGC-1,untreated,bulk,-0.12067789350237165,0.011990907847354371,-0.04726069629612945
GSM7791000_GCATCGGAGCGCTGCT-1,untreated,bulk,0.010792274512941874,0.018328293432803507,0.1498784760924679
GSM7791000_GCATCGGAGGTCGTCC-1,untreated,bulk,-0.008030449095226488,0.008950864164518053,-0.0067350837644429284
GSM7791000_GCATCGGCAGAACTAA-1,untreated,bulk,-0.09084688459123884,0.018390091065566435,0.4448399409057287
GSM7791000_GCATCGGGTAGTACGG-1,untreated,bulk,-0.03949882507324218,0.011585108491724734,0.004215202634294619
GSM7791000_GCATCGGTCAACCGAT-1,untreated,bulk,0.003157150329105435,0.010062066734033696,0.019093083089474217
GSM7791000_GCATCGGTCACTGTCC-1,untreated,bulk,-0.1421680680532304,0.0121641215509577,-0.2566614926041979
GSM7791000_GCATCGGTCCGGCAAC-1,untreated,bulk,-0.07613265582493373,0.006131799528919776,-0.06325525410946253
GSM7791000_GCATCGGTCTGCGGCA-1,untreated,bulk,-0.013064955605400913,0.011445758129893511,-0.12145075020574696
GSM7791000_GCATCTCCATCATCTT-1,untreated,bulk,0.03284809672643267,0.016238476978082773,0.17870822408973297
GSM7791000_GCATCTCGTTTCGGCG-1,untreated,bulk,-0.1725369724394783,0.013870434318830404,-0.025664435855170965
GSM7791000_GCATGATAGATGCAGC-1,untreated,bulk,0.2003815836376614,0.018856871904501846,0.5566148854636787
GSM7791000_GCATGATAGCGCATCC-1,untreated,bulk,-0.10339747065589541,0.00657323995120154,-0.15201170613661444
GSM7791000_GCATGATCAGCGTATT-1,untreated,bulk,-0.028108959122309624,0.010618901296546844,-0.12187154957556501
GSM7791000_GCATGATGTGAGACCA-1,untreated,bulk,0.0027128467862568006,0.00738290272975315,0.08605563714261569
GSM7791000_GCATGATGTGCACATT-1,untreated,bulk,-0.0604136221749442,0.0219097232839515,0.5672274058325257
GSM7791000_GCATGATGTTTGCCGG-1,untreated,bulk,-0.1612471880231585,0.014029449042115632,0.022326997929177837
GSM7791000_GCATGATTCAGGCGAA-1,untreated,bulk,-0.07978398905860054,0.011440143065902316,-0.1412963873960052
GSM7791000_GCATTAGGTCTGTCAA-1,untreated,bulk,-0.04363984183659628,0.00869360389415502,-0.09304103699050242
GSM7791000_GCATTAGGTGATTGGG-1,untreated,bulk,0.15391699351961652,0.01280474584992427,-0.02573650972540165
GSM7791000_GCATTAGTCATTCGGA-1,untreated,bulk,-0.12516803037552607,0.008195898972200044,-0.20242749822835093
GSM7791000_GCATTAGTCCCGTGTT-1,untreated,bulk,-0.03414072839040605,0.00861799311571893,-0.15657745406138102
GSM7791000_GCCAACGCAACATACC-1,untreated,bulk,-0.15135405585879372,0.009424942665880277,0.09292783737430833
GSM7791000_GCCAACGCACCGTCGA-1,untreated,bulk,-0.17130875939414617,0.010632617476803888,0.026299473167929056
GSM7791000_GCCAACGTCTCGTTTA-1,untreated,bulk,-0.1186504146030971,0.015862849109758936,0.03269549207259591
GSM7791000_GCCAGCACAAGCTCTA-1,untreated,bulk,-0.05121414668976315,0.012360142667676407,0.019568435062488985
GSM7791000_GCCAGCACAGCATTGT-1,untreated,bulk,-0.07000832118685285,0.007928464011593245,-0.1511397352209872
GSM7791000_GCCAGCAGTAGCTAAA-1,untreated,bulk,-0.0830550954455421,0.0065506393797121155,-0.21576143625799854
GSM7791000_GCCAGCAGTGAGACGT-1,untreated,bulk,0.0040112798176114295,0.007566129136160595,-0.03877948832661237
GSM7791000_GCCAGCAGTGATTCTG-1,untreated,bulk,-0.040588836669921885,0.015466596065108381,0.008189743701028191
GSM7791000_GCCAGCAGTGGTAACG-1,untreated,bulk,-0.01444437420557415,0.006557364643058068,-0.2039356782370597
GSM7791000_GCCAGCAGTGTATACC-1,untreated,bulk,0.025925294633895618,0.007815690335312184,-0.18754919655724087
GSM7791000_GCCAGCAGTGTTTCTT-1,untreated,bulk,-0.1364725416425675,0.011437262912970963,-0.16218124144292168
GSM7791000_GCCAGCATCCATAAGC-1,untreated,bulk,-0.2255049787248884,0.013776800901488924,-0.04184527884814439
GSM7791000_GCCAGCATCTCAACCC-1,untreated,bulk,0.25162270773024786,0.009240209260619194,0.04369107054190046
GSM7791000_GCCAGGTAGATGTTAG-1,untreated,bulk,0.005366429222954605,0.006691416982030747,-0.04637574192448553
GSM7791000_GCCAGGTAGATTGCGG-1,untreated,bulk,-0.12222968018244185,0.010094592289344569,-0.1634792119319374
GSM7791000_GCCAGGTAGCACTAGG-1,untreated,bulk,0.014975485423254553,0.009851595529606535,-0.1261415999633555
GSM7791000_GCCAGGTAGCCGATTT-1,untreated,bulk,-0.13400860623707847,0.010680713756760917,-0.010008856885092761
GSM7791000_GCCAGGTCAAGGTCAG-1,untreated,bulk,0.04154256956917898,0.024087790625833022,0.25665350063501935
GSM7791000_GCCAGGTCACGCCACA-1,untreated,bulk,-0.16018126351492745,0.012450947536215243,-0.008389483391303056
GSM7791000_GCCAGGTGTCAGACGA-1,untreated,bulk,0.009372445666600782,0.009409715828782878,-0.10808307093738896
GSM7791000_GCCAGGTTCCAAACCA-1,untreated,bulk,0.08906022949824255,0.008401697081682251,-0.0824283124715307
GSM7791000_GCCAGGTTCCAACCGG-1,untreated,bulk,0.08127591239081489,0.006147388495411591,-0.0828993703191218
GSM7791000_GCCAGGTTCCCGGTAG-1,untreated,bulk,0.04541346368335544,0.007117211351378913,-0.134339548038893
GSM7791000_GCCAGGTTCCGTCACT-1,untreated,bulk,-0.06354598999023438,0.019488542315581323,0.3465788526755274
GSM7791000_GCCAGGTTCTGCATGA-1,untreated,bulk,-0.16707504353826008,0.006917421602052071,-0.2130020175587945
GSM7791000_GCCAGTGAGCACGGAT-1,untreated,bulk,-0.12434036254882813,0.017821604362902095,0.35848507978917227
GSM7791000_GCCAGTGCAGCGTTTA-1,untreated,bulk,-0.15373960551761445,0.01263485283199795,-0.019995168221075856
GSM7791000_GCCAGTGGTGTTCAGT-1,untreated,bulk,-0.02750914982386998,0.026501319467874034,0.4787019162504888
GSM7791000_GCCAGTGGTGTTGACT-1,untreated,bulk,-0.05418331259772893,0.013616607761123858,-0.09103111175564996
GSM7791000_GCCAGTGTCATTGTGG-1,untreated,bulk,-0.013535618100847524,0.008654599066496321,-0.04434557942413229
GSM7791000_GCCAGTGTCTCTATAC-1,untreated,bulk,-0.016296188717796672,0.004700944055053817,-0.1544539982202499
GSM7791000_GCCATGGAGTCAAGCG-1,untreated,bulk,-0.028384776418171234,0.013607361269617192,0.04266181752500124
GSM7791000_GCCATGGCACGCTGAC-1,untreated,bulk,-0.14601332225496805,0.00752490144204345,-0.14467509170213658
GSM7791000_GCCATGGGTAGTCACT-1,untreated,bulk,-0.23027108328683035,0.010340559701908801,0.0039454974242173375
GSM7791000_GCCATGGGTAGTGTGG-1,untreated,bulk,-0.04865948268345424,0.021187469564052975,0.5644683410536768
GSM7791000_GCCATGGTCAAAGCCT-1,untreated,bulk,-0.14307005238911463,0.012115216231855394,0.09286111430375012
GSM7791000_GCCATGGTCCTACCAC-1,untreated,bulk,0.0973963016933865,0.008021606693610019,-0.03736499825674798
GSM7791000_GCCATTCAGGAGTCTG-1,untreated,bulk,-0.05163720267159598,0.015079915752335346,0.2781516720294575
GSM7791000_GCCATTCAGTGATGGC-1,untreated,bulk,-0.20315957205636162,0.008249573796629018,0.018194653125564106
GSM7791000_GCCATTCCACGACAAG-1,untreated,bulk,-0.11154605320521764,0.014617958145400001,0.10746628708265483
GSM7791000_GCCATTCCATGTTCAG-1,untreated,bulk,-0.058997394016810825,0.02685578335257412,0.4450816829928807
GSM7791000_GCCATTCCATTCAGCA-1,untreated,bulk,-0.0246868222100394,0.013196294953549362,0.09560768800049936
GSM7791000_GCCATTCGTGTCCATA-1,untreated,bulk,-0.02260238897232783,0.008337007027130111,-0.08775708518219168
GSM7791000_GCCATTCTCGAGGCAA-1,untreated,bulk,-0.22902965000697545,0.020974704406163835,0.1355510816922208
GSM7791000_GCCATTCTCTAGTCAG-1,untreated,bulk,0.046710125302511535,0.010159431600232222,-0.05988723720387291
GSM7791000_GCCCAGAAGCTTCTAG-1,untreated,bulk,-0.06739583200878566,0.010807910102961022,-0.07039223441996219
GSM7791000_GCCCAGAAGTCTTCGA-1,untreated,bulk,-0.19295193165067642,0.005605088578230714,-0.16312518522612912
GSM7791000_GCCCAGAGTCCACACG-1,untreated,bulk,0.013345228452531138,0.009288599930704718,-0.0765115925803835
GSM7791000_GCCCAGAGTCCGAAAG-1,untreated,bulk,-0.1342242213657924,0.01255783925618392,-0.03894036769838767
GSM7791000_GCCCAGAGTGGCAACA-1,untreated,bulk,-0.1125132097516741,0.026727167788659526,0.39322520303765457
GSM7791000_GCCCAGAGTGTCTTGA-1,untreated,bulk,0.06214619182405018,0.010469799522954555,-0.017110712647804522
GSM7791000_GCCCAGATCTGTCAGA-1,untreated,bulk,0.017817652111961735,0.005663867509449941,-0.15642976883403456
GSM7791000_GCCCGAAAGACCATGG-1,untreated,bulk,-0.025756314217098175,0.016635362893664216,0.019160191113072184
GSM7791000_GCCCGAAAGCTAATGA-1,untreated,bulk,-0.03902941090720041,0.011843662588937683,-0.017957653010561188
GSM7791000_GCCCGAAAGTGCGTCC-1,untreated,bulk,0.04557631946745372,0.01046769175732111,0.05578423978484134
GSM7791000_GCCCGAACACAAGCTT-1,untreated,bulk,-0.011890543680342397,0.00690731985136873,-0.07926368964180645
GSM7791000_GCCCGAATCACGGTCG-1,untreated,bulk,-0.07984679630824498,0.017378373563991776,0.17028140880314238
GSM7791000_GCCCGAATCCTACCAC-1,untreated,bulk,-0.05197354271298363,0.015007844412408116,-0.05863454652913138
GSM7791000_GCCGATGAGATGGCGT-1,untreated,bulk,-0.01398336228870209,0.008423674601983715,-0.2296501659658803
GSM7791000_GCCGATGCAGCGCTTG-1,untreated,bulk,-0.027253341069297193,0.011211858763995358,-0.1350715088097812
GSM7791000_GCCGATGCAGCTATTG-1,untreated,bulk,0.025797457467941987,0.010357524310639672,-0.08980442911691351
GSM7791000_GCCGATGCATGCACTA-1,untreated,bulk,-0.18645280491738092,0.010102149146239704,-0.13587410557181331
GSM7791000_GCCGATGGTGACTAAA-1,untreated,bulk,0.03508119552854508,0.012144419122561872,-0.1343614558746906
GSM7791000_GCCGATGGTGCCTACG-1,untreated,bulk,0.07923346595158656,0.00778939288787086,-0.03035841645118342
GSM7791000_GCCGATGTCACTGAAC-1,untreated,bulk,-0.08388830457414899,0.017654596468595875,0.3080224573903371
GSM7791000_GCCGATGTCTAGATCG-1,untreated,bulk,-0.22032189200794888,0.01275882053503954,-0.05263717112179753
GSM7791000_GCCGATGTCTAGGCAT-1,untreated,bulk,-0.056167261259896406,0.014687816429805448,-0.08868951002009604
GSM7791000_GCCGATGTCTCTGGTC-1,untreated,bulk,-0.012857880138215566,0.012911708186420838,-0.14538033497657338
GSM7791000_GCCGTGACATAATCCG-1,untreated,bulk,0.08989587874639601,0.009717127026796361,-0.09025109077691944
GSM7791000_GCCGTGACATCTCCCA-1,untreated,bulk,0.08175678465101455,0.013802567464612385,-0.019383097758619263
GSM7791000_GCCGTGAGTTAGAGAT-1,untreated,bulk,-0.10604657684053692,0.012595996952425907,-0.06668053584681076
GSM7791000_GCCGTGATCATTACTC-1,untreated,bulk,-0.11969919023059664,0.008334114018940065,-0.11505623517411025
GSM7791000_GCCTGTTCAGAACGCA-1,untreated,bulk,-0.13300326180836514,0.011998453968876579,-0.09279359321131582
GSM7791000_GCCTGTTTCTATCACT-1,untreated,bulk,0.04781453420245457,0.009913930657105231,-0.0282190451856081
GSM7791000_GCGAGAAAGACAGCGT-1,untreated,bulk,0.1714587577940926,0.014827422146434425,0.22701493688847588
GSM7791000_GCGAGAAAGACCAAGC-1,untreated,bulk,-0.020643417418949178,0.007665500180768761,-0.1746459141754182
GSM7791000_GCGAGAAAGCGCCTTG-1,untreated,bulk,-0.06909671662345765,0.010159632147688754,-0.11148683381906745
GSM7791000_GCGAGAAAGGACTAAT-1,untreated,bulk,-0.05746468680245536,0.02171409233895694,0.5529422307343937
GSM7791000_GCGAGAAAGGATATAC-1,untreated,bulk,-0.15457458507447014,0.00943574270756017,-0.18676128294504188
GSM7791000_GCGAGAAAGTGGACTG-1,untreated,bulk,0.12977906605554007,0.01295562559659353,0.03929971666981124
GSM7791000_GCGAGAACAATTGAGA-1,untreated,bulk,-0.01001488632626002,0.01073734949436611,-0.06068275224663243
GSM7791000_GCGAGAACACAAGTGG-1,untreated,bulk,-0.16684147312527614,0.00663155596227565,0.0672118006635608
GSM7791000_GCGAGAACACCTCGTT-1,untreated,bulk,-0.004027142600407679,0.016170048760981943,0.2041562742473666
GSM7791000_GCGAGAAGTATCCTTT-1,untreated,bulk,-0.01850093054392979,0.008335143093501427,-0.07312986752239152
GSM7791000_GCGAGAAGTCATTGCA-1,untreated,bulk,0.016856417353191072,0.01333142984435432,-0.04114665612872518
GSM7791000_GCGAGAAGTTGATGTC-1,untreated,bulk,-0.056848503445822124,0.010958170659583924,0.049046044198991307
GSM7791000_GCGAGAATCAGAGCGA-1,untreated,bulk,-0.12967871529715402,0.013829262538427005,0.0428855135216227
GSM7791000_GCGAGAATCCACACCT-1,untreated,bulk,-0.042633014330788255,0.009038546440704575,-0.15614505697265454
GSM7791000_GCGAGAATCCCGTTGT-1,untreated,bulk,0.03731282900250149,0.023661913276588353,0.0520380186523932
GSM7791000_GCGAGAATCGGCAGTC-1,untreated,bulk,0.026694299001542354,0.0031910046283010625,-0.19106495021682868
GSM7791000_GCGATCGAGAAGATCT-1,untreated,bulk,-0.06779616424015592,0.01143012487239865,-0.11296323403067769
GSM7791000_GCGATCGCATCCGAGC-1,untreated,bulk,-0.16099547249930246,0.01592849292525239,-0.09571550846906378
GSM7791000_GCGATCGGTACTGAGG-1,untreated,bulk,-0.03555535074264282,0.009481630780210035,0.031831751852362776
GSM7791000_GCGATCGGTAGCACGA-1,untreated,bulk,-0.051155414354233514,0.00949009229504381,-0.11550515943142489
GSM7791000_GCGATCGGTGCAACGA-1,untreated,bulk,-0.12968085152762276,0.014849915168622501,-0.0006945584164430144
GSM7791000_GCGATCGGTTCACCGG-1,untreated,bulk,-0.1079319327218192,0.017280351689730283,0.21794371059927542
GSM7791000_GCGATCGTCATGAGTC-1,untreated,bulk,-0.034921596466548854,0.010124777792676391,-0.04442927186601574
GSM7791000_GCGGAAAAGTTGCCTA-1,untreated,bulk,-0.08132067195952886,0.011255541189272272,-0.17867790854558382
GSM7791000_GCGGAAACATCAGTGT-1,untreated,bulk,-0.05892543747311546,0.009426465180451496,-0.049869737526941293
GSM7791000_GCGGAAAGTAATTAGG-1,untreated,bulk,0.03214133777315656,0.009818417871933398,-0.11031865807839254
GSM7791000_GCGGAAAGTGAGGATC-1,untreated,bulk,0.014561510086059576,0.013055421450136813,-0.06462128716654934
GSM7791000_GCGGAAATCCCGGTAG-1,untreated,bulk,0.04638279733203707,0.011133276339994834,-0.046081458281324934
GSM7791000_GCGGATCAGGCATCTT-1,untreated,bulk,-0.12635074940938798,0.015317471698897219,-0.1840897129637199
GSM7791000_GCGGATCAGGTACAGC-1,untreated,bulk,-0.00938728090316529,0.009306637283433136,-0.08817523865526378
GSM7791000_GCGGATCGTGTGACCC-1,untreated,bulk,-0.16132300373107666,0.007337643112236485,0.005424096459616898
GSM7791000_GCGGATCGTTACCTGA-1,untreated,bulk,-0.12795689174107142,0.013981175548204466,0.0015849661830344643
GSM7791000_GCGGATCTCCGTGCGA-1,untreated,bulk,0.05662400586264474,0.00705246270081225,-0.07540556392933145
GSM7791000_GCGTGCATCTATCCAT-1,untreated,bulk,-0.06341024126325334,0.021371764171169608,0.276409148079153
GSM7791000_GCGTGCATCTTACGTT-1,untreated,bulk,-0.17787315523813643,0.008770392171258001,-0.1482926854876901
GSM7791000_GCGTTTCAGGGCCTCT-1,untreated,bulk,-0.042358678030589264,0.010426328547378115,-0.18345009437246262
GSM7791000_GCGTTTCCACCCTCTA-1,untreated,bulk,0.03471452107505196,0.015241368079014774,-0.2141226866029158
GSM7791000_GCGTTTCCAGGAGGTT-1,untreated,bulk,-0.016400849781339127,0.0036466127172987387,-0.005642115671792492
GSM7791000_GCGTTTCGTCACTGAT-1,untreated,bulk,0.15012669820634145,0.007514688580878266,-0.07551358963011016
GSM7791000_GCGTTTCGTTTGGGAG-1,untreated,bulk,0.12025967340620736,0.010631155921380211,-0.2797201559770824
GSM7791000_GCGTTTCTCAGACCGC-1,untreated,bulk,-0.20164714268275669,0.012491336436853925,-0.1027445481986069
GSM7791000_GCGTTTCTCAGCGCAC-1,untreated,bulk,0.12636804406605068,0.02358983251001336,0.5547742996511213
GSM7791000_GCGTTTCTCCCGTTCA-1,untreated,bulk,0.1013739914364285,0.020950899701385386,-0.01952003671656336
GSM7791000_GCGTTTCTCTTACCAT-1,untreated,bulk,-0.0678143410455613,0.012803782582628025,-0.03641175125551438
GSM7791000_GCTACAACACCTGCGA-1,untreated,bulk,-0.2019134303501674,0.010578501298158705,-0.0030265709203169166
GSM7791000_GCTACAACACGAGGTA-1,untreated,bulk,0.028272498297312904,0.011049609003383363,-0.08051473293026483
GSM7791000_GCTACAACAGAAGCGT-1,untreated,bulk,-0.05441199094530137,0.015549594315180507,0.0578607228337504
GSM7791000_GCTACAACATCGCCTT-1,untreated,bulk,-0.03486467512827071,0.007444895249507872,-0.15669537416228785
GSM7791000_GCTACAAGTCGCATCG-1,untreated,bulk,-0.10644943070790124,0.011492112070511455,-0.11624333417147743
GSM7791000_GCTACAAGTTGCCATA-1,untreated,bulk,-0.08815289296801128,0.015430678300289841,0.05648277604962752
GSM7791000_GCTACAATCAACTTTC-1,untreated,bulk,0.022930803450327053,0.013862288321946652,-0.039590551897416226
GSM7791000_GCTACAATCCGATGTA-1,untreated,bulk,-0.09618744115980843,0.010979690503724791,-0.13437806906743696
GSM7791000_GCTACAATCTATACTC-1,untreated,bulk,0.013007077262515099,0.01176729363436105,-0.14513235477955727
GSM7791000_GCTACCTAGGTCCAGA-1,untreated,bulk,-0.16766697474888392,0.01593294937544061,0.07859379613288064
GSM7791000_GCTACCTGTCATGGCC-1,untreated,bulk,-0.08814389410473053,0.005756095440886496,-0.18805143156019627
GSM7791000_GCTACCTTCATTTACC-1,untreated,bulk,-0.047966401539151604,0.006175238577955483,-0.13620021275522398
GSM7791000_GCTCAAAAGAGCAGTC-1,untreated,bulk,-0.08762678918384367,0.00979435089189805,-0.19118544337716878
GSM7791000_GCTCAAAAGTAAATGC-1,untreated,bulk,-0.11973336238709709,0.009886113954200927,-0.20745786726338092
GSM7791000_GCTCAAAAGTTAGTGA-1,untreated,bulk,-0.13369275138491676,0.011397996156630338,-0.10006749325490062
GSM7791000_GCTCAAACACAAAGTA-1,untreated,bulk,0.13202448935735794,0.012151784409143211,0.023897382261728908
GSM7791000_GCTCAAAGTGAGTAAT-1,untreated,bulk,0.008576047836788114,0.004125034025329891,-0.1330001254160701
GSM7791000_GCTCAAAGTGCAAGAC-1,untreated,bulk,-0.051145869890848794,0.010256423636473127,-0.17282954473788378
GSM7791000_GCTCAAATCTCCGAGG-1,untreated,bulk,-0.11268584213559588,0.013612580773085097,-0.17341775835739587
GSM7791000_GCTGAATAGCGAGTAC-1,untreated,bulk,-0.09424995551033627,0.01535260140361267,0.0010046198481348152
GSM7791000_GCTGAATAGCGCTGAA-1,untreated,bulk,-0.008846096765427358,0.009503774375403047,-0.16870843111690745
GSM7791000_GCTGAATAGGTCGTGA-1,untreated,bulk,-0.09906702874198792,0.011613603132146674,-0.19965043438782795
GSM7791000_GCTGAATCAATTGCGT-1,untreated,bulk,0.06214076027037607,0.0078868691633268,0.01554742964800664
GSM7791000_GCTGAATGTAGTATAG-1,untreated,bulk,-0.16967379172643027,0.010160280465266902,-0.004309736008294766
GSM7791000_GCTGAATGTGAGATAT-1,untreated,bulk,-0.15523087637765068,0.0156983925431826,0.08029156870113466
GSM7791000_GCTGAATTCGAGAGCA-1,untreated,bulk,-0.1337413239479065,0.005788820643610995,-0.15235345330899444
GSM7791000_GCTGCAGAGCACTAGG-1,untreated,bulk,0.11708300181797573,0.01219229741761991,-0.05401658873381998
GSM7791000_GCTGCAGCACTTGAAC-1,untreated,bulk,-0.2019443260298835,0.007514822187269944,-0.05384939596878912
GSM7791000_GCTGCAGCAGACACAG-1,untreated,bulk,-0.07449185901217992,0.006687598052045776,-0.05648967880814435
GSM7791000_GCTGCAGCAGCATCTA-1,untreated,bulk,-0.062324191275097085,0.00915071626318891,0.10754369294634704
GSM7791000_GCTGCAGCAGTGGGTA-1,untreated,bulk,-0.14872044290815079,0.006749648127361034,-0.13678073809015473
GSM7791000_GCTGCAGGTGCCGGTT-1,untreated,bulk,-0.1818036184992109,0.007804791011740946,-0.20403020021570084
GSM7791000_GCTGCAGTCAAACCTG-1,untreated,bulk,0.06513213649628653,0.021665050364068728,0.46247319871107745
GSM7791000_GCTGCAGTCTCGCGTT-1,untreated,bulk,-0.16884138133790758,0.014572447290420853,-0.07353479759007342
GSM7791000_GCTGCAGTCTGAGATC-1,untreated,bulk,-0.09489715803237189,0.010202983049802048,-0.05412150908392074
GSM7791000_GCTGGGTCAATGGCAG-1,untreated,bulk,-0.15196635583090407,0.009035667758650397,-0.1460934134223044
GSM7791000_GCTGGGTTCGATTGGT-1,untreated,bulk,-0.17693461085122728,0.008294301188492404,-0.07170584767249905
GSM7791000_GCTTCACAGGCTTCCG-1,untreated,bulk,-0.12091672624860492,0.022078126117616823,0.3683142873753427
GSM7791000_GCTTCACAGTACAGCG-1,untreated,bulk,-0.05980139800480433,0.013516933815532583,-0.07670941232423678
GSM7791000_GCTTCACAGTTGTCGT-1,untreated,bulk,-0.18450016566685268,0.013073596719476376,-0.03260044609890305
GSM7791000_GCTTCACCATGGCACC-1,untreated,bulk,-0.019541679109845844,0.02217212382228989,0.5342187528118858
GSM7791000_GCTTCACGTGGGTTGA-1,untreated,bulk,-0.1052905853967818,0.009642000096958968,-0.12983219130003587
GSM7791000_GCTTCACTCCTTCGAC-1,untreated,bulk,0.04019910244714646,0.01948107581986167,0.2539385676023313
GSM7791000_GCTTGGGAGCGCATCC-1,untreated,bulk,0.01363223015315948,0.013513744063244633,-0.025788371727139752
GSM7791000_GCTTGGGGTATCTCTT-1,untreated,bulk,-0.19231269938605172,0.005220949564364497,-0.227574585783797
GSM7791000_GCTTGGGGTTTGAACC-1,untreated,bulk,-0.043772160212198874,0.011619419927437796,-0.05905031282411264
GSM7791000_GCTTGGGTCAGGACGA-1,untreated,bulk,-0.049656044415065215,0.011130785057152799,0.0026769309367233366
GSM7791000_GCTTGGGTCATACAGC-1,untreated,bulk,-0.030826290978325732,0.014157098448989923,-0.18563180586593822
GSM7791000_GCTTGGGTCCCGATCT-1,untreated,bulk,-0.20020146245048162,0.00951008466181533,0.0415530584347073
GSM7791000_GCTTTCGAGGATGCGT-1,untreated,bulk,0.10505685897100539,0.014788800211597283,0.07423012919299278
GSM7791000_GCTTTCGCATGGCTGC-1,untreated,bulk,-0.07358677152603392,0.015963346455165076,0.0435831139026673
GSM7791000_GCTTTCGGTCGCGGTT-1,untreated,bulk,0.13993112427847726,0.013047278049717267,-0.13975536399328886
GSM7791000_GCTTTCGTCGTCGACG-1,untreated,bulk,-0.00018080060444178314,0.004852369104778144,-0.181921684044093
GSM7791000_GGAACCCAGACTCATC-1,untreated,bulk,0.059140353127131395,0.0073587758520359675,-0.054717935274743286
GSM7791000_GGAACCCAGGCCATAG-1,untreated,bulk,-0.019518666948590974,0.00861190450836232,-0.17462933136675923
GSM7791000_GGAACCCAGGTGCTGA-1,untreated,bulk,-0.014094147682189945,0.014072280981107837,-0.018509750666204007
GSM7791000_GGAACCCCATGCCGGT-1,untreated,bulk,-0.11459130423409598,0.0157490907128485,0.10315376574016859
GSM7791000_GGAAGTGAGACAGCGT-1,untreated,bulk,-0.1331624898834834,0.007841401350203803,-0.11272318578995316
GSM7791000_GGAAGTGAGATCGGTG-1,untreated,bulk,0.051702594757080084,0.018100607286749996,0.20005294162652
GSM7791000_GGAAGTGAGGGTGAGG-1,untreated,bulk,-0.0050426517970978135,0.013712955307141493,-0.1746147015576928
GSM7791000_GGAAGTGAGTAACCTC-1,untreated,bulk,-0.1874827139718192,0.019708196944643198,0.10447440848600169
GSM7791000_GGAAGTGAGTTTCAGC-1,untreated,bulk,-0.24124805995396206,0.015226768510050358,0.04592635902469161
GSM7791000_GGAAGTGCAGTAGGAC-1,untreated,bulk,0.03924377607920812,0.00777334076927166,-0.2029365504790259
GSM7791000_GGAAGTGGTATCCTCC-1,untreated,bulk,0.006524637010362405,0.00916808205282855,-0.15083515740743342
GSM7791000_GGAAGTGGTCACTCAA-1,untreated,bulk,-0.06533996453360905,0.010107015183529853,-0.11153498362034936
GSM7791000_GGAAGTGGTCAGTCGC-1,untreated,bulk,-0.0025034996819874866,0.004608202646245047,-0.19037634054528907
GSM7791000_GGAAGTGGTTGCGTAT-1,untreated,bulk,-0.07718194265214223,0.008039173704158246,-0.06160614020958407
GSM7791000_GGAAGTGTCTGCAGCG-1,untreated,bulk,0.05384437235574874,0.011497972563719611,-0.10868917837211606
GSM7791000_GGAATCTAGGTGTGAC-1,untreated,bulk,-0.1103055424917312,0.007683235448665945,-0.11822235440367006
GSM7791000_GGAATCTCACCAGCTG-1,untreated,bulk,0.1254209834810287,0.010389450064032095,0.0009290763577320903
GSM7791000_GGAATCTCATAATGAG-1,untreated,bulk,0.009965322131202325,0.016930296097414043,0.16027861305115415
GSM7791000_GGAATCTTCCGAGATT-1,untreated,bulk,0.09024373826526463,0.009682616291724911,-0.01536474690970414
GSM7791000_GGAATGGAGAATACAC-1,untreated,bulk,0.19788350786481584,0.009455517624120282,-0.12054389946290306
GSM7791000_GGAATGGAGATGCTTC-1,untreated,bulk,-0.08717554364885603,0.021509351255923046,0.32942471308180793
GSM7791000_GGAATGGCACTTGTGA-1,untreated,bulk,-0.10983306135450088,0.005459157933594214,-0.09607042810267784
GSM7791000_GGAATGGCAGCCGGTT-1,untreated,bulk,0.11890269506545295,0.011036446432279965,-0.1342771596166786
GSM7791000_GGAATGGGTATTTCGG-1,untreated,bulk,0.11522365343003044,0.010303901071291768,-0.039144757898030624
GSM7791000_GGAATGGGTCATACCA-1,untreated,bulk,-0.11028038024902344,0.01892175664739064,0.12781601502212492
GSM7791000_GGAATGGGTGGAACAC-1,untreated,bulk,0.045740360532488145,0.015087626011184983,-0.16460825843486215
GSM7791000_GGAATGGTCTCCACTG-1,untreated,bulk,0.05638474419003439,0.009934001302965324,-0.04589293774889133
GSM7791000_GGACGTCAGAATCGTA-1,untreated,bulk,0.0048353045327322874,0.009351066158648409,0.004963689038808721
GSM7791000_GGACGTCAGACATCCT-1,untreated,bulk,-0.0016533777448866083,0.010549160408497807,-0.11813588997741702
GSM7791000_GGACGTCAGGGTCACA-1,untreated,bulk,-0.1689622061593192,0.014058958892054803,0.09912399066548713
GSM7791000_GGACGTCAGGTCATCT-1,untreated,bulk,0.01741620896354551,0.007245380292937765,-0.1943614112925481
GSM7791000_GGACGTCAGTAGACAT-1,untreated,bulk,0.012856245873466371,0.009480894834718452,-0.1357430290444572
GSM7791000_GGACGTCCAAGAGGTC-1,untreated,bulk,-0.06894657233404733,0.009498079192799902,-0.08395260818834897
GSM7791000_GGACGTCCAAGCGCAA-1,untreated,bulk,0.10321467081705732,0.012814598426687729,-0.061033359924172755
GSM7791000_GGACGTCCAATGTTGC-1,untreated,bulk,9.371787782697094e-05,0.010295480929478077,-0.09867482048483811
GSM7791000_GGAGAACAGAGGCTGT-1,untreated,bulk,-0.021594162290058422,0.012823626824249784,-0.06857301629592165
GSM7791000_GGAGAACCAATGAAAC-1,untreated,bulk,-0.12477912921754142,0.00907283827078561,-0.16890977154466413
GSM7791000_GGAGAACTCATCAGTG-1,untreated,bulk,-0.1773634122666859,0.007998292103655616,-0.0905303551632205
GSM7791000_GGAGAACTCTAGTTCT-1,untreated,bulk,-0.13614153642503043,0.007835858225178004,-0.16699935975506952
GSM7791000_GGAGATGAGAGAGGTA-1,untreated,bulk,-0.06783073311760311,0.013222332171666493,-0.03296788884263501
GSM7791000_GGAGATGAGCCTATCA-1,untreated,bulk,0.015667376442561054,0.00979038023811409,-0.0836132172559813
GSM7791000_GGAGATGCAGGAAGTC-1,untreated,bulk,-0.02850514321100145,0.0076316810814239956,-0.09999156924913212
GSM7791000_GGAGATGCATCTCCCA-1,untreated,bulk,-0.06747941861076961,0.01600365618286207,0.09795057918450714
GSM7791000_GGAGATGGTCCACTCT-1,untreated,bulk,0.04043867202032178,0.01626124434784362,0.051383779745935186
GSM7791000_GGAGATGGTGAGCGAT-1,untreated,bulk,0.008638406708126961,0.01050108640229082,-0.06595093237997067
GSM7791000_GGAGCAAAGAATAGTC-1,untreated,bulk,0.0910987527029855,0.018516793014034905,0.32905100373743634
GSM7791000_GGAGCAACAACAAGAT-1,untreated,bulk,-0.12073878696986608,0.019102847132530756,0.2472354665700392
GSM7791000_GGAGCAATCCTAAACG-1,untreated,bulk,-0.09614670950268941,0.008909269134481425,-0.06938979203345567
GSM7791000_GGAGCAATCTAATTCC-1,untreated,bulk,-0.13042298453194753,0.01608335689118106,-0.057777014626649484
GSM7791000_GGAGCAATCTGTTCAT-1,untreated,bulk,-0.153389333316258,0.007221302517358803,-0.06057082862777932
GSM7791000_GGAGGATCATCCGGTG-1,untreated,bulk,-0.05342142604646227,0.010145406609931115,-0.06833748011210551
GSM7791000_GGAGGATCATCTCCCA-1,untreated,bulk,-0.1157615007672991,0.01311610550283472,0.15573211091937342
GSM7791000_GGAGGATGTCATCCGG-1,untreated,bulk,-0.06722479002816337,0.006331809001792993,-0.15810038012907593
GSM7791000_GGAGGATGTCGTACAT-1,untreated,bulk,-0.023127140241955946,0.008896896617592243,-0.1736375920430858
GSM7791000_GGAGGATGTCTTCAAG-1,untreated,bulk,0.011427202830238958,0.0078081995266445076,0.0034124635324223464
GSM7791000_GGAGGATTCAAACCCA-1,untreated,bulk,-0.1011303120189243,0.0100689282057196,-0.06802436093473893
GSM7791000_GGAGGATTCGCACTCT-1,untreated,bulk,-0.1734168416734726,0.010007728242715492,-0.06358090175334447
GSM7791000_GGAGGTAAGTCAGCCC-1,untreated,bulk,-0.04917006515321276,0.009967710771190914,-0.18691801749591666
GSM7791000_GGAGGTATCACCTCGT-1,untreated,bulk,0.035560871457296694,0.010143039596881804,-0.08992915251050602
GSM7791000_GGAGGTATCTCTATGT-1,untreated,bulk,-0.030613970075334822,0.02083062189198696,0.5376660251195183
GSM7791000_GGATCTAAGGTAAGGA-1,untreated,bulk,-0.12228747000769963,0.007783994953613944,-0.08880394625376999
GSM7791000_GGATCTAAGTCATGCT-1,untreated,bulk,0.08179606437683105,0.021893609411276816,0.4492461023621217
GSM7791000_GGATCTAAGTTGCGCC-1,untreated,bulk,-0.04370932287640042,0.015105222684116555,-0.030659333314640408
GSM7791000_GGATCTACAATTGTGC-1,untreated,bulk,0.047841308835953,0.008007450149326622,-0.24988053816960928
GSM7791000_GGATCTACATGACAAA-1,untreated,bulk,-0.08069507386949329,0.006846810090254204,-0.09771865068440452
GSM7791000_GGATCTATCAAGCGTT-1,untreated,bulk,0.084184269678025,0.00399470235161539,-0.16445714766502267
GSM7791000_GGATCTATCTCCTGAC-1,untreated,bulk,-0.056544430369422555,0.011541085543056549,-0.16829841965068978
GSM7791000_GGATCTATCTTGATTC-1,untreated,bulk,-0.08671541486467634,0.02164344817769083,0.41227053544051867
GSM7791000_GGATGTTAGACGGAAA-1,untreated,bulk,-0.1237578364780971,0.020980119406973804,0.012184778704860157
GSM7791000_GGATGTTCAAATGGAT-1,untreated,bulk,-0.1016030011858259,0.017253487072925115,0.16159854803199572
GSM7791000_GGATGTTCACAGCATT-1,untreated,bulk,-0.30091097150530133,0.010608087510469674,-0.14073585876597913
GSM7791000_GGATGTTCACATGAAA-1,untreated,bulk,-0.09319767755175393,0.00881703062604139,-0.1693945223373991
GSM7791000_GGATGTTCATGCCGAC-1,untreated,bulk,0.000791755252414289,0.008666094258866816,-0.05818446922035952
GSM7791000_GGATGTTGTAGCTTTG-1,untreated,bulk,-0.0881898087546939,0.008901818192877992,-0.0924823814138794
GSM7791000_GGATGTTGTGAGATCG-1,untreated,bulk,0.08159630306183349,0.010541471580491698,-0.12702747151523902
GSM7791000_GGATGTTGTTGCATGT-1,untreated,bulk,-0.08777473578377373,0.012649824310305875,-0.03602138341262064
GSM7791000_GGCACGTAGCACCTGC-1,untreated,bulk,-0.05067601022266208,0.004438795195073124,-0.08030662665577808
GSM7791000_GGCACGTAGTGATTCC-1,untreated,bulk,-0.0789629146030971,0.015126497627401132,0.20817219759756564
GSM7791000_GGCACGTCAAGAGAGA-1,untreated,bulk,-0.07101148317730616,0.013092277330592044,-0.17467312705940288
GSM7791000_GGCACGTCACCGTGCA-1,untreated,bulk,-0.05354818306271991,0.01272031690188517,0.05297968667906262
GSM7791000_GGCACGTTCCGCAACG-1,untreated,bulk,-0.11758388333850436,0.010848708012878724,0.03550339562828575
GSM7791000_GGCAGTCAGAAGCTCG-1,untreated,bulk,-0.09350345066615513,0.024253975503644432,0.4766202166163797
GSM7791000_GGCAGTCAGAGGTGCT-1,untreated,bulk,-0.1664421232541402,0.023352519603965262,-0.04878472805091588
GSM7791000_GGCAGTCCAACGATCT-1,untreated,bulk,-0.07366062709263393,0.021266024563776804,0.3297862777691458
GSM7791000_GGCAGTCCACATAACC-1,untreated,bulk,-0.07493191227080331,0.009275612438219156,0.042525892433286326
GSM7791000_GGCAGTCGTCTCCTGT-1,untreated,bulk,-0.10655874070667086,0.009782365848823287,-0.13591240494042534
GSM7791000_GGCAGTCGTTCACGAT-1,untreated,bulk,0.07182500294276647,0.013157925297374869,-0.022010760459154833
GSM7791000_GGCAGTCTCATTCTTG-1,untreated,bulk,-0.20616529192243305,0.011092125235963379,-0.04247578769950367
GSM7791000_GGCAGTCTCTGCGGCA-1,untreated,bulk,0.0035174663483150403,0.0058578646195105175,-0.1432655469182055
GSM7791000_GGCGTCAAGCCTATTG-1,untreated,bulk,-0.09105784401061043,0.007703232234992013,0.04181415613094404
GSM7791000_GGCGTCAAGGCCTGCT-1,untreated,bulk,0.05700201761154902,0.01224405604189714,-0.08534675756606638
GSM7791000_GGCGTCACACCGGAAA-1,untreated,bulk,-0.1361319078717913,0.013376032209410122,0.011481434287531086
GSM7791000_GGCGTCACATAGAAAC-1,untreated,bulk,-0.046328800746372766,0.016998636096189138,0.3870512441395871
GSM7791000_GGCGTCAGTGTGTTTG-1,untreated,bulk,-0.10870166241176543,0.008568506182951172,-0.26615520677530546
GSM7791000_GGCGTCATCGATACGT-1,untreated,bulk,0.036248159711323086,0.006198690770316404,-0.23389858369220035
GSM7791000_GGCGTCATCTGGAAGG-1,untreated,bulk,-0.08232577270931668,0.011664338851733666,0.0370407441565042
GSM7791000_GGCGTCATCTGGGTCG-1,untreated,bulk,-0.060828356061662946,0.0186093795896335,0.3763854003880027
GSM7791000_GGCTGTGCAACCGTGC-1,untreated,bulk,0.01416860565306649,0.00557690959776006,-0.04912580997002277
GSM7791000_GGCTGTGCAACTTGGT-1,untreated,bulk,-0.13562934928470188,0.00603958778171995,-0.06770028859633884
GSM7791000_GGCTTGGAGACTTGTC-1,untreated,bulk,-0.04026558664109972,0.013169639437390964,-0.18139743360959848
GSM7791000_GGCTTGGAGCATGTTC-1,untreated,bulk,-0.1649247305733817,0.00899375116774028,0.015913930813024117
GSM7791000_GGCTTGGAGCGGACAT-1,untreated,bulk,0.08450985378689235,0.004757899700324511,-0.24092939792761142
GSM7791000_GGCTTGGAGCTTCTAG-1,untreated,bulk,-0.10177636328197662,0.011230234371628872,-0.0158126276363309
GSM7791000_GGCTTGGAGGACAGCT-1,untreated,bulk,-0.10221838814871652,0.02295161728250688,0.41777310532602224
GSM7791000_GGCTTGGCAATAACGA-1,untreated,bulk,0.007876349100990915,0.014264732663944691,-0.09375597488932995
GSM7791000_GGCTTGGCACAGAGAC-1,untreated,bulk,0.004756853315565357,0.0068264816436893585,-0.24699460424902714
GSM7791000_GGCTTGGGTCGGTAAG-1,untreated,bulk,-0.2441766793387277,0.012731965951140487,-0.019331486579833
GSM7791000_GGCTTGGGTGTCTTAG-1,untreated,bulk,-0.17502635410853795,0.011458582053698423,-0.1426994993209155
GSM7791000_GGCTTGGTCACGGTCG-1,untreated,bulk,0.09363816049363877,0.009561736587089824,-0.008822346460393234
GSM7791000_GGCTTGGTCTCTAGGA-1,untreated,bulk,0.11344819447350882,0.010939614592131391,-0.015879787594007298
GSM7791000_GGCTTGGTCTGAGTCA-1,untreated,bulk,-0.003218367818802123,0.01792214707142507,0.12210216097601984
GSM7791000_GGCTTTCGTCAGCGTC-1,untreated,bulk,0.020525324987986718,0.017712361454142737,0.17189167376463613
GSM7791000_GGCTTTCTCCGCCTAT-1,untreated,bulk,-0.05262123107910156,0.026105325919282392,0.4598191903955336
GSM7791000_GGCTTTCTCTACTATC-1,untreated,bulk,-0.09016138296278695,0.02741106491122462,-0.1021847435015562
GSM7791000_GGGAAGTAGAAGGCTC-1,untreated,bulk,-0.13139227329738556,0.007532959795710194,-0.1735997242975087
GSM7791000_GGGAAGTAGTGTAGTA-1,untreated,bulk,0.02198679000612286,0.007530093121388518,-0.16645328002253312
GSM7791000_GGGACAAAGATCACTC-1,untreated,bulk,-0.09963427180335635,0.016282318468316063,-0.1454042217468339
GSM7791000_GGGACAAAGCATCGAG-1,untreated,bulk,-0.16678018842424666,0.01365286887172466,-0.00987267570697653
GSM7791000_GGGACAACAGCAGTGA-1,untreated,bulk,-0.010563306505717934,0.0097104089625243,-0.03443772673152482
GSM7791000_GGGACAAGTACCCGAC-1,untreated,bulk,0.04061819265759181,0.01043421283843294,0.031457181356670944
GSM7791000_GGGACAAGTGCCTATA-1,untreated,bulk,-0.010151987681313174,0.00912001080439104,-0.22294072952936367
GSM7791000_GGGACAATCACGATAC-1,untreated,bulk,0.00644448764740474,0.009835551299989203,-0.12036957698947812
GSM7791000_GGGACAATCGGTGAAG-1,untreated,bulk,0.03608851735554042,0.0117693497765468,-0.09319464335786481
GSM7791000_GGGACCTCACGGGTAA-1,untreated,bulk,0.01836207828824482,0.005592266982851022,-0.04856319962043375
GSM7791000_GGGACCTGTCGTGCCA-1,untreated,bulk,-0.0988256131278144,0.016328015741542395,-0.025228847783160493
GSM7791000_GGGACCTGTCTGTGGC-1,untreated,bulk,-0.010977701459612165,0.017972805147046005,0.5229344913899874
GSM7791000_GGGACCTGTGATTAGA-1,untreated,bulk,0.11137606802440825,0.006179367987940857,-0.15215176488693552
GSM7791000_GGGACCTTCACGAGGA-1,untreated,bulk,-0.08828533717564174,0.024083909004199773,0.36030997021790084
GSM7791000_GGGACCTTCCGCGAGT-1,untreated,bulk,-0.1417650700372363,0.012157839824173372,-0.20180428531072925
GSM7791000_GGGACTCAGCAATTAG-1,untreated,bulk,0.01478369304112026,0.0057707556042566705,-0.06049260981457416
GSM7791000_GGGACTCAGCGGTAGT-1,untreated,bulk,-0.04381315594627741,0.01023649762492449,-0.14266487407756442
GSM7791000_GGGACTCAGGACGCAT-1,untreated,bulk,-0.0869077481920757,0.012504687211203461,-0.28070977134121883
GSM7791000_GGGACTCCAGTCGGTC-1,untreated,bulk,-0.05984128225417362,0.006967352035624716,-0.140901651617241
GSM7791000_GGGACTCCATAGATCC-1,untreated,bulk,0.010151996763925697,0.011117205096266685,0.015297601964386188
GSM7791000_GGGACTCTCCCTTGGT-1,untreated,bulk,-0.0565202876499721,0.01982277836769594,0.4460492970243306
GSM7791000_GGGACTCTCGAATGCT-1,untreated,bulk,-0.12004367139604358,0.008903906112040975,-0.13892890128925434
GSM7791000_GGGACTCTCGGACTTA-1,untreated,bulk,-0.14458161789273458,0.005535401296913417,0.020793687624965203
GSM7791000_GGGAGATCAGACGATG-1,untreated,bulk,-0.03923131219924442,0.013762016971501914,0.13135055327362927
GSM7791000_GGGAGATCATCGATCA-1,untreated,bulk,-0.16688585553850446,0.010533224487010589,-0.27240039815845013
GSM7791000_GGGAGATGTATCTCTT-1,untreated,bulk,-0.15598804939360844,0.009247770344760046,-0.0335783191040202
GSM7791000_GGGAGATGTGGTATGG-1,untreated,bulk,0.264889004873851,0.018947336709495964,0.33870115718228666
GSM7791000_GGGAGATGTGGTGATG-1,untreated,bulk,-0.0674218804117233,0.012315367787579209,-0.122305274610065
GSM7791000_GGGAGATTCCGACATA-1,untreated,bulk,-0.16287633237384613,0.009350322135378076,-0.06885735274534789
GSM7791000_GGGAGTAAGCTCTGTA-1,untreated,bulk,-0.17602847833482047,0.0096025465685762,-0.10207637385949583
GSM7791000_GGGAGTATCCACGTCT-1,untreated,bulk,-0.10790456597767178,0.008940107880459205,-0.052435326188060134
GSM7791000_GGGATCCCACACGGTC-1,untreated,bulk,0.017357722388373492,0.006650626121854668,-0.18668051608268937
GSM7791000_GGGATCCCACGTATAC-1,untreated,bulk,-0.03496681425306533,0.006840308573854979,-0.1710936465810746
GSM7791000_GGGATCCGTCACCTTC-1,untreated,bulk,-0.16135197938434662,0.013090699022705475,-0.08105221325851229
GSM7791000_GGGATGAAGAAGGTAG-1,untreated,bulk,-0.051975070408412385,0.021402674512904604,0.4342748728785888
GSM7791000_GGGATGAAGCGATTCT-1,untreated,bulk,0.004847345125107538,0.010883496780429984,0.009860360235228608
GSM7791000_GGGATGAAGGTTCTTG-1,untreated,bulk,-0.028389359731522845,0.010623546259133148,0.018443399053818307
GSM7791000_GGGATGACACCTCTAC-1,untreated,bulk,-0.023264023765685066,0.010027983856321762,-0.10804614841504405
GSM7791000_GGGATGAGTCAAAGTA-1,untreated,bulk,-0.11328149549544805,0.012440624538819429,-0.13172028376308542
GSM7791000_GGGATGAGTCTGTGCG-1,untreated,bulk,0.04232055785164002,0.00786614725878546,-0.11643535508979778
GSM7791000_GGGCCATCACATGACT-1,untreated,bulk,-0.15398028782435827,0.010777436153468432,-0.09719533842765893
GSM7791000_GGGCCATCAGATTTCG-1,untreated,bulk,-0.055653340173146104,0.012144298058157102,-0.1364237131311402
GSM7791000_GGGCCATCAGGCAATG-1,untreated,bulk,-0.07645661444891064,0.007743332661363963,-0.18540776510064075
GSM7791000_GGGCCATGTAATGCGG-1,untreated,bulk,-0.03333543853154258,0.011109782642726756,-0.022186807591884253
GSM7791000_GGGCCATGTAGGTCAG-1,untreated,bulk,-0.19210935289897618,0.009770890682120156,-0.16869782470027128
GSM7791000_GGGCCATTCTGACAGT-1,untreated,bulk,-0.0598209688398573,0.008233036948460734,-0.03037938715485144
GSM7791000_GGGCCATTCTGCCTGT-1,untreated,bulk,-0.049172542435782285,0.00766081385802868,-0.2165140285243456
GSM7791000_GGGCCATTCTGTAAGC-1,untreated,bulk,-0.105210173924764,0.007634630257848196,-0.0749473701380688
GSM7791000_GGGCGTTAGAGAGCGG-1,untreated,bulk,0.07439966565086731,0.00913426190633966,-0.14881593929725623
GSM7791000_GGGCGTTCATGCAGCC-1,untreated,bulk,-0.20664949912873526,0.01094645461692209,-0.11869134486029459
GSM7791000_GGGCGTTGTCTAACGT-1,untreated,bulk,-0.043515774863106864,0.023547599285267746,0.3748526654960605
GSM7791000_GGGCGTTGTCTACATG-1,untreated,bulk,-0.010586728368486677,0.021761281001622668,0.5177896746698152
GSM7791000_GGGCGTTGTGTCTTCC-1,untreated,bulk,0.017692662950546,0.013451734935044674,-0.14621049184889978
GSM7791000_GGGCGTTTCATCCTGC-1,untreated,bulk,-0.24203584943498885,0.01152650966008425,-0.05350851386447702
GSM7791000_GGGCGTTTCGGCTGAC-1,untreated,bulk,0.018266991963462237,0.004866531430455441,-0.04085660775888919
GSM7791000_GGGCTACAGGCATCGA-1,untreated,bulk,0.0013592332506937033,0.0056564072754878006,-0.07346768919844152
GSM7791000_GGGCTACCAACAACAA-1,untreated,bulk,0.17361220541454495,0.008910141678403424,-0.061238992073437665
GSM7791000_GGGCTACCACTCATAG-1,untreated,bulk,-0.07878393718174526,0.008863702908774406,-0.02405310219084763
GSM7791000_GGGCTACCAGAGAGGG-1,untreated,bulk,-0.18222935267857143,0.02130055376050676,-0.0967452783553738
GSM7791000_GGGCTACCAGTCAGAG-1,untreated,bulk,-0.02010528428213937,0.018696942905467147,0.48244072646734826
GSM7791000_GGGCTACCATGACAAA-1,untreated,bulk,-0.16079969069314382,0.011830258490289895,-0.08444166643100472
GSM7791000_GGGCTACGTAACAGTA-1,untreated,bulk,0.01967041787647064,0.012672216570405627,0.09170993670297214
GSM7791000_GGGCTACGTACCTTCC-1,untreated,bulk,0.16155089590284563,0.00966673560325738,-0.13938061265162002
GSM7791000_GGGCTACGTCTCGCGA-1,untreated,bulk,-0.09474199529678103,0.008024301504918592,-0.08276886487240108
GSM7791000_GGGCTACGTGAACGGT-1,untreated,bulk,0.0005075351775638559,0.008752606362141428,-0.17974924122349056
GSM7791000_GGGCTACGTTACCTGA-1,untreated,bulk,-0.09633561421954442,0.0053779767352366455,-0.10806247779194297
GSM7791000_GGGCTACGTTTGACAC-1,untreated,bulk,0.0,0.019497876253800492,0.4355573549165547
GSM7791000_GGGCTACTCGATTCCC-1,untreated,bulk,-0.19345748901367188,0.009579951483390959,-0.03878940026049258
GSM7791000_GGGCTACTCGCACTCT-1,untreated,bulk,-0.026288967435322108,0.007283306161615339,-0.187565203217254
GSM7791000_GGGCTCAAGCATCTTG-1,untreated,bulk,0.03933246673099579,0.018208438937322404,0.24194677187206146
GSM7791000_GGGCTCACAAATGAAC-1,untreated,bulk,-0.11063660352949113,0.010346267794187443,-0.05420054098457528
GSM7791000_GGGCTCACAACGGGTA-1,untreated,bulk,-0.007621822962685237,0.017639729843908703,-0.02823882416632002
GSM7791000_GGGCTCACACCGTGCA-1,untreated,bulk,-0.09859534210628934,0.0152414726098278,-0.029522050423704597
GSM7791000_GGGCTCAGTTCTCACC-1,untreated,bulk,-0.10907650538853236,0.02262792309036073,0.5033600890921318
GSM7791000_GGGCTCATCGTTCTGC-1,untreated,bulk,0.020197321119762607,0.011231649122484757,-0.11478072359088304
GSM7791000_GGGTAGAAGCTGAGTG-1,untreated,bulk,-0.06032708304268973,0.02548943817644244,0.5761820305412605
GSM7791000_GGGTAGAAGTCAGCGA-1,untreated,bulk,-0.04818403516496931,0.01858479223841027,0.25280161616323826
GSM7791000_GGGTAGAGTGCGTCGT-1,untreated,bulk,-0.12307267567468068,0.010227653635328546,-0.01169822547245888
GSM7791000_GGGTAGAGTTAGGGAC-1,untreated,bulk,-0.16979944933028449,0.007273006275057464,-0.11934143135038289
GSM7791000_GGGTAGAGTTGTCATG-1,untreated,bulk,0.02059610926915728,0.009217160083631252,-0.153301131996095
GSM7791000_GGGTAGATCCGCATAA-1,untreated,bulk,0.014002364627898667,0.015920435112125708,-0.03004854432089679
GSM7791000_GGGTAGATCGGTAACT-1,untreated,bulk,0.15705005630614266,0.011294990730134962,-0.046376058461848384
GSM7791000_GGGTAGATCTATCCAT-1,untreated,bulk,-0.13407076116592165,0.007629569057143918,-0.15740815852518233
GSM7791000_GGGTATTCACGGTGCT-1,untreated,bulk,0.06552024508279466,0.01158981604383585,-0.17560078487534478
GSM7791000_GGGTATTCACGTCATA-1,untreated,bulk,-0.15522118371630472,0.009126316231802482,0.004392316636100668
GSM7791000_GGGTATTGTGACCGAA-1,untreated,bulk,0.023747749177236405,0.0072043097043247035,-0.23672661994186422
GSM7791000_GGGTATTGTGAGGAAA-1,untreated,bulk,0.14429264749799456,0.01173963757191756,0.03886063932684169
GSM7791000_GGGTATTGTTTGTTCT-1,untreated,bulk,-0.08829151403336298,0.011312977073217613,-0.08588412564185528
GSM7791000_GGGTATTTCCATCTGC-1,untreated,bulk,0.0035901015145438087,0.008029940678728009,-0.1103925861238168
GSM7791000_GGGTCACAGGTCTGGA-1,untreated,bulk,0.03595368824307879,0.016493234020345984,-0.057535628287369585
GSM7791000_GGGTCACGTCGTATTG-1,untreated,bulk,0.029724060997130375,0.01256313463521311,-0.048103257751157535
GSM7791000_GGGTCACGTTGCACGC-1,untreated,bulk,-0.0363792814527239,0.007498056645031289,0.028294536423013984
GSM7791000_GGGTCACTCGGAACTT-1,untreated,bulk,-0.025480227924528587,0.009125864761330113,-0.05621505102444339
GSM7791000_GGGTCTGAGAGGCTGT-1,untreated,bulk,-0.20219042096819195,0.007640030758414337,-0.11061352599343485
GSM7791000_GGGTCTGAGTAACGAT-1,untreated,bulk,-0.11947465079171317,0.011639182945394731,-0.09345999358076676
GSM7791000_GGGTCTGAGTCCCGAC-1,untreated,bulk,-0.05494742836271013,0.007708359956822259,0.09411052510865985
GSM7791000_GGGTCTGAGTTTAGGA-1,untreated,bulk,-0.10684626632266575,0.00795795803673134,0.011559436454126637
GSM7791000_GGGTCTGCACACCGAC-1,untreated,bulk,-0.027779883505806097,0.015896040240588737,0.013929374930401897
GSM7791000_GGGTCTGCACACGTGC-1,untreated,bulk,0.051558553302098825,0.011214392042633048,-0.018355491548816563
GSM7791000_GGGTCTGGTGTGGTCC-1,untreated,bulk,-0.16337942940848213,0.014530303705326113,-0.008450396776273078
GSM7791000_GGGTCTGTCGCCGAGT-1,untreated,bulk,-0.0768140356881278,0.020667801831962537,0.5250578230214543
GSM7791000_GGGTGAAAGATGCTTC-1,untreated,bulk,0.006644027043902656,0.00477214925032919,-0.1971599102245338
GSM7791000_GGGTGAACAGTGAGCA-1,untreated,bulk,-0.013083811941600992,0.01304232498129397,-0.019606745886528446
GSM7791000_GGGTGAAGTATACAGA-1,untreated,bulk,-0.018790388258676682,0.005824285050121867,-0.18796862553299304
GSM7791000_GGGTGAATCGTTCTGC-1,untreated,bulk,0.34453782762799945,0.00829944851340602,-0.13099259878679168
GSM7791000_GGGTGAATCTTAGCAG-1,untreated,bulk,0.00743698528834752,0.015765321632783096,0.06094697556481252
GSM7791000_GGGTGTCAGGACTTCT-1,untreated,bulk,-0.06328545653630815,0.011448232836006343,-0.1330696291590765
GSM7791000_GGGTGTCGTCAGGTAG-1,untreated,bulk,-0.10540197781154087,0.009625584659424787,-0.0656957286283214
GSM7791000_GGGTGTCTCATCCTAT-1,untreated,bulk,-0.04847859110151018,0.0066386540370334925,-0.02917900668466019
GSM7791000_GGGTGTCTCCGATAAC-1,untreated,bulk,-0.16670078989059206,0.011522109484796903,-0.09697880410408792
GSM7791000_GGGTGTCTCCTGGGAC-1,untreated,bulk,-0.05736963332645478,0.01431169802543391,0.08001524967118723
GSM7791000_GGGTGTCTCTAGGCCG-1,untreated,bulk,-0.037402727263314395,0.013853062638468892,-0.0285967443995854
GSM7791000_GGGTGTCTCTTGGAAC-1,untreated,bulk,0.10359839969211154,0.012562377557519318,-0.19243772395859593
GSM7791000_GGGTTATAGCGCTGCT-1,untreated,bulk,-0.10655043745797776,0.009400783507942755,-0.1345960374196598
GSM7791000_GGGTTATCAGGCATTT-1,untreated,bulk,0.007435512467036165,0.010751318988670698,0.02844020166158722
GSM7791000_GGGTTATGTGAGTGAC-1,untreated,bulk,-0.23600609915597098,0.012299034660495254,-0.10305028594573855
GSM7791000_GGGTTATGTGGCCCAT-1,untreated,bulk,0.019880291923644045,0.014615205014218952,-0.059413251264939904
GSM7791000_GGGTTATTCATGTCAG-1,untreated,bulk,-0.10812999581533764,0.006970357929985547,0.0016857109230987853
GSM7791000_GGGTTATTCTAGCCAA-1,untreated,bulk,0.08379206672547354,0.00776250194984635,-0.10612128405390901
GSM7791000_GGGTTTAAGTGGATTA-1,untreated,bulk,0.06085693147447374,0.0050174474630096215,-0.16593326648795206
GSM7791000_GGGTTTACAAGCGAGT-1,untreated,bulk,-0.09318782094925171,0.008735198750564485,-0.07098456047601147
GSM7791000_GGGTTTACATGGCCCA-1,untreated,bulk,-0.1136965671418205,0.013127038765185495,-0.07643805628519068
GSM7791000_GGGTTTAGTGTCCATA-1,untreated,bulk,-0.09165569085923453,0.004674664813180152,-0.15099729149700844
GSM7791000_GGGTTTATCGTAGCTA-1,untreated,bulk,0.07268416677202497,0.0059866033536764155,-0.12842833255553818
GSM7791000_GGTAACTGTACGGATG-1,untreated,bulk,-0.12652975188361276,0.007892667675608558,-0.1989075328968214
GSM7791000_GGTAACTTCGCTAAAC-1,untreated,bulk,-0.10699917384556362,0.015279146211274054,0.18889778726569328
GSM7791000_GGTAATCAGGGCAGTT-1,untreated,bulk,-0.13778040204729353,0.0120394716805203,-0.1147995853002678
GSM7791000_GGTAATCAGTAACGTA-1,untreated,bulk,0.07655730898418125,0.007350060338318536,0.02550558793275579
GSM7791000_GGTAATCAGTGCGTCC-1,untreated,bulk,-0.010622897072443876,0.004800929518745877,-0.1300060854046688
GSM7791000_GGTAATCCAAATTGGA-1,untreated,bulk,0.11703890331207761,0.029645581349636328,-0.02872586272563551
GSM7791000_GGTAATCCAACCGGAA-1,untreated,bulk,-0.04127568078419519,0.010487120728242701,-0.060331778063649595
GSM7791000_GGTAATCCATAAGATG-1,untreated,bulk,0.0317079009707012,0.011084425830295883,-0.07400417509420015
GSM7791000_GGTAATCGTCACGCTG-1,untreated,bulk,-0.04803150108882359,0.010319205960240479,-0.100586129600626
GSM7791000_GGTAATCGTTATTCCT-1,untreated,bulk,0.000560921563042549,0.00840808511357945,0.0005874791336979616
GSM7791000_GGTAATCTCAAACCCA-1,untreated,bulk,-0.04669864170135016,0.008824703248118923,-0.1294851677698758
GSM7791000_GGTAGAGAGACTCTTG-1,untreated,bulk,0.05695769839816625,0.01054524912092121,-0.10844399313631121
GSM7791000_GGTAGAGAGGTACAAT-1,untreated,bulk,-0.08751772161514038,0.0081392254742379,-0.15353680005178444
GSM7791000_GGTAGAGAGTAACCGG-1,untreated,bulk,-0.007811726766919325,0.01014044942241124,-0.22111312815628162
GSM7791000_GGTAGAGGTACAGTCT-1,untreated,bulk,-0.003712167285737533,0.00831562652495767,-0.09333050028194241
GSM7791000_GGTAGAGGTAGGCTGA-1,untreated,bulk,-0.0981399403299604,0.010191460647285959,-0.1704440401185913
GSM7791000_GGTAGAGTCCGTACGG-1,untreated,bulk,-0.14319814833383712,0.008940710320633864,-0.07314380901802599
GSM7791000_GGTAGAGTCTCCCAAC-1,untreated,bulk,-0.04939291499909901,0.007672062992463329,-0.13750196343977342
GSM7791000_GGTCACGAGCAGGGAG-1,untreated,bulk,-0.23439708164760045,0.011787046701881763,-0.06062538268020436
GSM7791000_GGTCACGCACCTGAAT-1,untreated,bulk,-0.10272074824287779,0.011688892158328653,0.08883018712195911
GSM7791000_GGTCACGCACGTCGGT-1,untreated,bulk,0.08744520997244215,0.010771232940601968,0.03323651077364346
GSM7791000_GGTCACGCAGATTCGT-1,untreated,bulk,0.041065272376650835,0.005885221557964066,-0.059543685939980745
GSM7791000_GGTCACGCATTCGATG-1,untreated,bulk,-0.2078035627092634,0.009201738888698933,-0.12279025972753445
GSM7791000_GGTCACGGTTATGTCG-1,untreated,bulk,-0.1538157371490721,0.009982131359147814,-0.1407191124182378
GSM7791000_GGTCACGTCGCAGAGA-1,untreated,bulk,-0.09413699558803014,0.020187875810079883,0.18475621952651625
GSM7791000_GGTCACGTCGTAGGAG-1,untreated,bulk,-0.043513272489820204,0.01451584628064828,-0.017795896356816023
GSM7791000_GGTCTGGAGAGCATTA-1,untreated,bulk,0.07195481951274571,0.008711230206641133,-0.024699522897460746
GSM7791000_GGTCTGGCAAAGCGTG-1,untreated,bulk,-0.04153709691668314,0.0077132190607238395,-0.13147222423115634
GSM7791000_GGTCTGGGTAGCACAG-1,untreated,bulk,-0.017800501490396164,0.008857203941776902,0.027858839869464212
GSM7791000_GGTCTGGGTCAACCAT-1,untreated,bulk,-0.09382822104862759,0.008623146980236402,-0.05811468647587333
GSM7791000_GGTCTGGGTCCAGAAG-1,untreated,bulk,-0.08237385670344034,0.014977582152969588,0.0014815499159988672
GSM7791000_GGTCTGGGTCTACTGA-1,untreated,bulk,-0.07619703020368304,0.01965882593466726,0.38115517121856335
GSM7791000_GGTCTGGGTTATGTCG-1,untreated,bulk,0.051015086401076576,0.016090374719929305,-0.11571852673491569
GSM7791000_GGTCTGGTCGCCGATG-1,untreated,bulk,0.02242948138524614,0.008516711527106216,-0.22080547973522746
GSM7791000_GGTGAAGAGTGCTACT-1,untreated,bulk,-0.13954556828453427,0.005694540547235309,-0.23544246708329788
GSM7791000_GGTGAAGCAAGTCATC-1,untreated,bulk,-0.023897214011540463,0.005138551306012027,-0.07128092279842169
GSM7791000_GGTGAAGCAGTCAGAG-1,untreated,bulk,-0.08798698425292968,0.029009983810291726,0.5251869783009386
GSM7791000_GGTGAAGCATGTCGTA-1,untreated,bulk,-0.04254243426852755,0.010076132167966375,-0.028140853727330755
GSM7791000_GGTGAAGGTAGGGTAC-1,untreated,bulk,-0.07061122349330357,0.012725801508265515,-0.1583197375471014
GSM7791000_GGTGAAGGTATACAGA-1,untreated,bulk,-0.10039889744349888,0.019964099712510116,0.35991200176817995
GSM7791000_GGTGAAGGTGATACAA-1,untreated,bulk,-0.04826733952476864,0.007675261266063366,-0.1183682383648261
GSM7791000_GGTGAAGGTGGACAGT-1,untreated,bulk,-0.07799209587157718,0.011188400161075515,-0.006821359491763667
GSM7791000_GGTGAAGGTTGTTTGG-1,untreated,bulk,-0.05699520175419158,0.010285295896044202,-0.10877162325983393
GSM7791000_GGTGATTCACCCTGAG-1,untreated,bulk,0.14752438742016988,0.006799881500578278,-0.08620965501685073
GSM7791000_GGTGATTGTACCAGAG-1,untreated,bulk,-0.10003498470972455,0.006146886984047074,0.005728877351818793
GSM7791000_GGTGATTGTCAGTTTG-1,untreated,bulk,-0.10673248896523127,0.010652055266939861,-0.06911952059876665
GSM7791000_GGTGATTGTTCTATCT-1,untreated,bulk,-0.03644010483272492,0.012351614368512351,-0.05200454274388424
GSM7791000_GGTGATTGTTTACCTT-1,untreated,bulk,-0.1263305990279667,0.009298909262579105,-0.10541036593114471
GSM7791000_GGTGGCTCATGAAAGT-1,untreated,bulk,-0.135950927734375,0.014644522287855238,0.10382770219230986
GSM7791000_GGTGGCTGTGGTTTGT-1,untreated,bulk,-0.19284007447106497,0.007138316557149159,-0.1565209945198733
GSM7791000_GGTGGCTGTTAAGTCC-1,untreated,bulk,-0.07263398738134474,0.00820784135392257,-0.08952478287700334
GSM7791000_GGTGTCGAGAGTAACT-1,untreated,bulk,0.03673751664540126,0.01465405505183117,-0.11853855920176072
GSM7791000_GGTGTCGAGGTTAAAC-1,untreated,bulk,-0.16022527422223773,0.013358195378545665,-0.10087387005849482
GSM7791000_GGTGTCGAGTATGACA-1,untreated,bulk,-0.046595066615513395,0.026105933977965304,0.5338207503962515
GSM7791000_GGTGTCGCATGCCGCA-1,untreated,bulk,0.01385998286898174,0.013672561336173982,-0.12108244535271248
GSM7791000_GGTGTCGTCATCACCC-1,untreated,bulk,-0.2079382106236049,0.00989764748198297,-0.028092782430644805
GSM7791000_GGTGTCGTCTGTCCCA-1,untreated,bulk,-0.05338161604745048,0.00917103468421667,-0.05793829985403672
GSM7791000_GGTGTTAAGCGTGTCC-1,untreated,bulk,-0.1663598084071326,0.014475968510388463,-0.04295573937659517
GSM7791000_GGTGTTAAGCTGGCTC-1,untreated,bulk,-0.20622744113679914,0.011871276658906298,-0.1532077741025631
GSM7791000_GGTGTTAAGGTGCCAA-1,untreated,bulk,-0.03394218248034281,0.010378246020251601,-0.1075629509894234
GSM7791000_GGTGTTACACCAGCTG-1,untreated,bulk,-0.171977507084135,0.00893996592787031,-0.07305333615315611
GSM7791000_GGTGTTAGTAGTGATA-1,untreated,bulk,-0.1347555574916658,0.01161857295003194,-0.16515984479932147
GSM7791000_GGTGTTAGTGGACTAG-1,untreated,bulk,-0.0010116852654351027,0.007975441419327323,-0.054579236151983644
GSM7791000_GGTGTTATCACCTACC-1,untreated,bulk,-0.08966421664707244,0.009023384953087217,-0.03489067165228773
GSM7791000_GGTGTTATCGCACGAC-1,untreated,bulk,-0.015140705411396338,0.0057229249823791675,-0.15665408015486124
GSM7791000_GGTGTTATCGCATAGT-1,untreated,bulk,-0.08817194026613992,0.010301905991119248,-0.10936625656370305
GSM7791000_GGTTAACAGCTAAATG-1,untreated,bulk,0.07580177307128907,0.011380193064363199,0.1068169734621575
GSM7791000_GGTTAACAGTGCCGAA-1,untreated,bulk,-0.16137650626046318,0.01301815282916694,-0.029886127613906934
GSM7791000_GGTTAACAGTGCTCGC-1,untreated,bulk,-0.0876221005121867,0.014284068296376951,-0.040530921991818285
GSM7791000_GGTTAACCAACACTAC-1,untreated,bulk,0.06378112656729562,0.020405726100262568,0.29681555806219323
GSM7791000_GGTTAACCAATGTGGG-1,untreated,bulk,-0.08388364852420868,0.013102977342806833,0.00589562556093645
GSM7791000_GGTTAACGTGATAGTA-1,untreated,bulk,0.025002810690138072,0.013934600965273478,-0.014469763687466823
GSM7791000_GGTTAACGTGGCTACC-1,untreated,bulk,0.14166924537174283,0.014426987922517459,0.029490281266395288
GSM7791000_GGTTAACTCGAGATAA-1,untreated,bulk,-0.0626987784249442,0.02562441321201702,0.4992538001311339
GSM7791000_GGTTCTCAGATGACCG-1,untreated,bulk,-0.11463223048618862,0.014454259270176793,0.0023457318194988336
GSM7791000_GGTTCTCTCGGAATTC-1,untreated,bulk,-0.04353907191564166,0.009593535806888232,-0.19048672306202882
GSM7791000_GGTTCTCTCGTTAGTG-1,untreated,bulk,0.0542042673201788,0.006534958315316237,-0.13674386957151144
GSM7791000_GGTTCTCTCTTACCGC-1,untreated,bulk,-0.020836392584301172,0.010356409937812299,-0.16601361877314774
GSM7791000_GGTTGTAAGATGAAGG-1,untreated,bulk,0.025878136649964356,0.005887596565634882,-0.17486880849460992
GSM7791000_GGTTGTAAGCAATAAC-1,untreated,bulk,-0.03997899191720145,0.018372283864051497,0.30406202508003904
GSM7791000_GGTTGTAAGGCGTTAG-1,untreated,bulk,-0.05110205097803994,0.0106605247993851,-0.09912740594545526
GSM7791000_GGTTGTAAGGCTCTCG-1,untreated,bulk,0.009445816827198833,0.0036919709040689904,-0.19421703907887142
GSM7791000_GGTTGTAAGGTGGGTT-1,untreated,bulk,-0.041051129310850115,0.009224657088209869,0.048172448179672395
GSM7791000_GGTTGTACACGTAGTT-1,untreated,bulk,-0.044487128825414765,0.012858841626373785,0.003588857389962711
GSM7791000_GGTTGTACATCTTCGC-1,untreated,bulk,-0.07247506557949004,0.009662096103044974,-0.20924311892083722
GSM7791000_GGTTGTATCATAGGCT-1,untreated,bulk,-0.07201699555866303,0.012329342846986875,-0.05024993885104409
GSM7791000_GGTTGTATCGCTCTCA-1,untreated,bulk,0.045173771267845525,0.008945133089838544,0.011845093345297783
GSM7791000_GGTTGTATCGGCGATC-1,untreated,bulk,-0.14493622329499986,0.010835909345391411,-0.08752176093964482
GSM7791000_GGTTGTATCTGACGCG-1,untreated,bulk,0.10134069942292717,0.009883728857363317,-0.14573526989539182
GSM7791000_GTAACACGTAACTGCT-1,untreated,bulk,0.02059964679536369,0.007843272782268974,-0.21116948201131594
GSM7791000_GTAACACGTTATAGCC-1,untreated,bulk,-0.03648960560087175,0.01219313287123456,-0.008944773711503503
GSM7791000_GTAACACTCCGCACTT-1,untreated,bulk,0.03993368345593651,0.015906462551006622,0.0658788809834136
GSM7791000_GTAACACTCCTGGTCT-1,untreated,bulk,0.017151514386373856,0.013671434274743884,-0.12150231204947723
GSM7791000_GTAACCAAGAATACAC-1,untreated,bulk,-0.06825693327283103,0.009219524792109125,-0.02216628022939049
GSM7791000_GTAACCAAGTAACCTC-1,untreated,bulk,-0.039915090856098,0.0145426808789674,0.04597535772545801
GSM7791000_GTAACCAAGTATGGAT-1,untreated,bulk,0.005837447756812664,0.005153049519127218,-0.07912395335670927
GSM7791000_GTAACCATCACCTGTC-1,untreated,bulk,0.05630706438942559,0.006717087299437237,-0.04539109421274884
GSM7791000_GTAACCATCTGGGCAC-1,untreated,bulk,-0.06938794908069429,0.009140609178609099,-0.04446532864301743
GSM7791000_GTAACCATCTGTCTCG-1,untreated,bulk,0.010903623823135644,0.0042301601782514025,-0.05898651766184188
GSM7791000_GTAAGTCAGCAACAGC-1,untreated,bulk,0.07842357552240765,0.017715620472371667,0.4018074727239848
GSM7791000_GTAAGTCAGCAATAGT-1,untreated,bulk,-0.09115741237761482,0.008153737266309845,-0.026434701655048076
GSM7791000_GTAAGTCCAGACCTAT-1,untreated,bulk,-0.20061247405551727,0.008953148177367403,-0.17666502882496465
GSM7791000_GTAAGTCGTATGATCC-1,untreated,bulk,0.18831694194248744,0.003621055999867845,-0.1279117602451297
GSM7791000_GTAAGTCGTCCTATAG-1,untreated,bulk,0.1364356573801192,0.00487332723683947,-0.2971787695779213
GSM7791000_GTAATCGAGACTACCT-1,untreated,bulk,-0.011105999946594239,0.020235770816778964,0.5491933394230363
GSM7791000_GTAATCGAGCCTGTGC-1,untreated,bulk,0.040781705038888116,0.008000722447881919,-0.0743832613740382
GSM7791000_GTAATCGAGCGTTGTT-1,untreated,bulk,-0.06060267312186105,0.022954440170861606,0.5383089997149243
GSM7791000_GTAATCGCAAGTATCC-1,untreated,bulk,0.03379504128107949,0.010032012440383964,-0.10960303774476633
GSM7791000_GTAATCGCACTCACTC-1,untreated,bulk,-0.05808525191413033,0.008890221299839289,0.011964955813950457
GSM7791000_GTAATCGCATAATCCG-1,untreated,bulk,-0.169372429620652,0.008985290197903069,-0.03413446933264426
GSM7791000_GTAATCGTCATACGAC-1,untreated,bulk,-0.08132202572292752,0.005658263291484596,-0.08581563013865892
GSM7791000_GTAATCGTCCCAGGAC-1,untreated,bulk,-0.05108656482091026,0.008476932412343515,-0.06991127788423729
GSM7791000_GTAATCGTCTATACTC-1,untreated,bulk,-0.13828991783989797,0.007257471785599381,-0.09271865101753787
GSM7791000_GTAATGCCAAGCTGCC-1,untreated,bulk,-0.034939752306256976,0.01497085650744138,0.3880967175154967
GSM7791000_GTAATGCCAGAGAATT-1,untreated,bulk,-0.031037581988743373,0.01363288652639962,-0.1028228482483007
GSM7791000_GTAATGCGTAACGATA-1,untreated,bulk,-0.03379234798370845,0.006121992157492374,-0.08780997091289643
GSM7791000_GTAATGCTCTGCGATA-1,untreated,bulk,0.19765761087811182,0.011068603886649792,-0.2166292726721186
GSM7791000_GTACAACCAGCATTGT-1,untreated,bulk,-0.20953628540039063,0.010577236666410736,0.009054959419587134
GSM7791000_GTACAACCATCGTTCC-1,untreated,bulk,-0.05254622852991497,0.013066037311579555,-0.022833078506223677
GSM7791000_GTACAACGTACTGACT-1,untreated,bulk,-0.03969633753337559,0.0064727225413637275,-0.0941734609986688
GSM7791000_GTACAACGTTTGGAGG-1,untreated,bulk,-0.022481890027485185,0.00992272768071962,0.01452830143166224
GSM7791000_GTACAACTCGGTAGAG-1,untreated,bulk,-0.20744506764033482,0.010331484297621828,-0.20979901179401436
GSM7791000_GTACAGTAGGCACTAG-1,untreated,bulk,0.027746979395548516,0.008557143454627473,-0.19257743389513424
GSM7791000_GTACAGTCATCAGCTA-1,untreated,bulk,-0.03651853637089805,0.010787114175991151,0.01709371079307064
GSM7791000_GTACAGTGTCAAACGG-1,untreated,bulk,-0.007334124625675259,0.018184020033420834,-0.04682067490379257
GSM7791000_GTACAGTTCACGTCCT-1,untreated,bulk,-0.018328779916914673,0.01085755561155513,-0.15669817670822977
GSM7791000_GTACAGTTCCGAAGGA-1,untreated,bulk,0.030580846847049786,0.006809717277079744,-0.08234984964544886
GSM7791000_GTAGAAAAGCTCCATA-1,untreated,bulk,0.05174016347007146,0.010836047417747692,0.06912736209305881
GSM7791000_GTAGAAAAGGGTACGT-1,untreated,bulk,-0.13325461039467465,0.006500828754727897,-0.17707096577249132
GSM7791000_GTAGAAACACATACGT-1,untreated,bulk,0.032608939276801224,0.011577544839249491,-0.13727785781966398
GSM7791000_GTAGAAACATGAAGCG-1,untreated,bulk,-0.07315002903105722,0.009173985496745958,-0.005387108172762533
GSM7791000_GTAGAAACATTCCTAT-1,untreated,bulk,-0.043248761722019746,0.008696518563861137,-0.1305493213182948
GSM7791000_GTAGAAACATTGAGCT-1,untreated,bulk,-0.007956014512077197,0.005924870322070953,-0.1683921588838912
GSM7791000_GTAGAAATCACCTACC-1,untreated,bulk,-0.08504570968567379,0.007664950878379406,-0.15688250477372748
GSM7791000_GTAGAAATCGGAATGG-1,untreated,bulk,-0.11985087247121902,0.00830544050754158,-0.138435366709514
GSM7791000_GTAGAAATCGGCATAT-1,untreated,bulk,0.06596348838200647,0.007462639081782112,-0.014325788949363824
GSM7791000_GTAGAAATCTCTGACC-1,untreated,bulk,-0.1665807400430952,0.01088142173325841,-0.015553359945547688
GSM7791000_GTAGAGGAGCTCCCTT-1,untreated,bulk,-0.1054938905201261,0.03460735629942729,-0.02385586882591162
GSM7791000_GTAGAGGAGTCATCCA-1,untreated,bulk,-0.06189497084844678,0.009179105770177888,-0.20718575900117556
GSM7791000_GTAGAGGCATTGAAGA-1,untreated,bulk,-0.10395112173897879,0.016460490113791706,0.23770269123796506
GSM7791000_GTAGAGGGTCCTCCAT-1,untreated,bulk,-0.1581488037109375,0.015047120267838934,0.13096410337719058
GSM7791000_GTAGATCAGCACTCGC-1,untreated,bulk,-0.09948723626515221,0.006546745903040329,-0.10230820595152468
GSM7791000_GTAGATCAGTAAACAC-1,untreated,bulk,-0.16772717354789612,0.007509611359553579,-0.21531962366133064
GSM7791000_GTAGATCCACTTACAG-1,untreated,bulk,-0.10635315232806736,0.010447423303008933,-0.19842685863988538
GSM7791000_GTAGATCGTATCAGGG-1,untreated,bulk,0.0499676846701001,0.009045870970978412,-0.08572339902108576
GSM7791000_GTAGATCTCGTCCTTG-1,untreated,bulk,0.19521492882380406,0.009020861879730483,-0.0581442271242584
GSM7791000_GTAGCTAAGATGCTTC-1,untreated,bulk,0.09020866590832904,0.008379640176281684,-0.15290049339090436
GSM7791000_GTAGCTACAAACAGGC-1,untreated,bulk,-0.13696038227232676,0.01026837974367161,-0.18818867511407986
GSM7791000_GTAGCTACACAAAGTA-1,untreated,bulk,-0.03923045915270609,0.011487693437673639,-0.04528500575321041
GSM7791000_GTAGCTATCATGCCAA-1,untreated,bulk,-0.038159586739918566,0.01063966617502298,-0.04177312950152917
GSM7791000_GTAGGAGCATCCGAAT-1,untreated,bulk,0.04837241505819655,0.06221474891756239,0.043622022034127746
GSM7791000_GTAGGAGGTGCACATT-1,untreated,bulk,-0.07262626647949219,0.021844482890291828,0.5737465781693746
GSM7791000_GTAGGAGGTTCTCGTC-1,untreated,bulk,0.006121531441098171,0.010151533548646549,-0.1703133542974842
GSM7791000_GTAGGAGTCACATTGG-1,untreated,bulk,0.024564235323951356,0.007267409587906003,-0.18074011805252096
GSM7791000_GTAGGAGTCTATGCCC-1,untreated,bulk,0.06675750565907312,0.004863305667525152,0.017218218963150858
GSM7791000_GTAGGTTAGCACCTGC-1,untreated,bulk,-0.09377720885806615,0.011061362096978201,-0.11159056368024244
GSM7791000_GTAGGTTAGCCAAGTG-1,untreated,bulk,-0.049280080189780584,0.007839504857671079,-0.12533314173833648
GSM7791000_GTAGGTTCACCGGCTA-1,untreated,bulk,-0.19724948179154167,0.008161077120953571,-0.19892738724781403
GSM7791000_GTAGGTTGTACCCGCA-1,untreated,bulk,-0.017245529833294096,0.023220901847452853,0.19112462688506177
GSM7791000_GTAGGTTGTGTTGACT-1,untreated,bulk,0.0022948433104015564,0.00772390219414461,-0.14046918292697447
GSM7791000_GTAGGTTTCGTTGCCT-1,untreated,bulk,0.02322830321296815,0.005650648808439936,-0.08417505749822547
GSM7791000_GTAGTACAGCGTTCAT-1,untreated,bulk,0.017087220994253,0.01250408164021769,-0.020884582540147436
GSM7791000_GTAGTACCAGCCGTTG-1,untreated,bulk,-0.026662162523421018,0.009426788076189537,-0.05129165672766445
GSM7791000_GTAGTACCATACCATG-1,untreated,bulk,0.26963305821494454,0.013770750648950194,-0.024910468977588678
GSM7791000_GTAGTACTCCCATACC-1,untreated,bulk,0.06696900110396128,0.012522367076430483,-0.19100541136965707
GSM7791000_GTAGTACTCTGAGGCC-1,untreated,bulk,0.05839059072827532,0.009997949024799448,-0.10970895140190744
GSM7791000_GTATTGGAGGTCATCT-1,untreated,bulk,-0.1533857691855658,0.007433569167993157,-0.17548705603550027
GSM7791000_GTATTGGAGTTGCTCA-1,untreated,bulk,0.002865928089807915,0.017590482987900318,0.24569521735635313
GSM7791000_GTATTGGCAAAGGATT-1,untreated,bulk,-0.045505677972521114,0.011410359481100793,-0.06747045181896803
GSM7791000_GTATTGGCACTACAGT-1,untreated,bulk,-0.15067083086286273,0.017412462007450204,0.10619484447557283
GSM7791000_GTATTGGCATGACACT-1,untreated,bulk,-0.1213099896340143,0.010752384602032148,-0.1505216416873838
GSM7791000_GTATTGGGTCACAATC-1,untreated,bulk,-0.09150519961402531,0.012473710631399435,-0.18059183582550142
GSM7791000_GTATTGGGTGGTCTCG-1,untreated,bulk,-0.12991662161690848,0.011404784658717682,0.045248960762288126
GSM7791000_GTATTGGTCCGACATA-1,untreated,bulk,-0.16616826738630022,0.01540634109735471,-0.12961999643509794
GSM7791000_GTATTTCAGGGACTGT-1,untreated,bulk,-0.028811613567291755,0.00819897073619798,-0.16286686613536097
GSM7791000_GTATTTCCATGTTACG-1,untreated,bulk,0.003582347990974566,0.005026451295316679,-0.1571144617857599
GSM7791000_GTATTTCGTCACGTGC-1,untreated,bulk,-0.11486819267272949,0.010397941795044132,-0.05574869311010804
GSM7791000_GTATTTCGTCCTCCTA-1,untreated,bulk,-0.03189679259345646,0.00869468225888586,-0.07500550920003152
GSM7791000_GTATTTCTCATGGCCG-1,untreated,bulk,0.02392419012766034,0.011513634741968815,-0.02815979846330159
GSM7791000_GTATTTCTCTTACTGT-1,untreated,bulk,-0.14421735491071427,0.01453495855200176,-0.0024603789022681487
GSM7791000_GTCAAACAGACTCGAG-1,untreated,bulk,-0.05688214983258929,0.018304975811264376,0.2713783291619893
GSM7791000_GTCAAACAGCCTTTGA-1,untreated,bulk,-0.03939660076111083,0.01199945874211722,0.07695059003324511
GSM7791000_GTCAAACAGCGAGTAC-1,untreated,bulk,-0.023009558783637155,0.011271268852609434,0.12869998292457452
GSM7791000_GTCAAACAGCGCCGTT-1,untreated,bulk,-0.06312356676374163,0.020617664581597583,0.34636539420490253
GSM7791000_GTCAAACCAAACACGG-1,untreated,bulk,-0.0681897565296718,0.006257532077715697,-0.06233907834208036
GSM7791000_GTCAAACGTTATCCAG-1,untreated,bulk,0.00893620165567549,0.01376438049935753,0.05061909358021765
GSM7791000_GTCAAACTCGTGAGAG-1,untreated,bulk,-0.09474264493064274,0.013499094594286727,-0.16690959777062322
GSM7791000_GTCAAACTCTCAGGCG-1,untreated,bulk,-0.014839012584989014,0.00942608496782161,-0.19417085020265062
GSM7791000_GTCAAGTAGATCACTC-1,untreated,bulk,-0.11810488405681792,0.005597976507863342,-0.24593393667485292
GSM7791000_GTCAAGTAGCACTCTA-1,untreated,bulk,-0.032214312629094216,0.007816930441087635,-0.16249664882033735
GSM7791000_GTCAAGTAGGGATCTG-1,untreated,bulk,-0.15871367836755418,0.020264294027505434,-0.05839015908204099
GSM7791000_GTCAAGTAGTCGCCAC-1,untreated,bulk,-0.09739715576171876,0.021862939644460722,0.3928306108454126
GSM7791000_GTCAAGTCACCAGACC-1,untreated,bulk,0.0011339811294797941,0.008831926864875066,-0.12115175124109143
GSM7791000_GTCAAGTGTCATAAAG-1,untreated,bulk,0.07797844508337595,0.010580465595645802,0.051680776633002176
GSM7791000_GTCAAGTGTCCCTCAT-1,untreated,bulk,-0.03844121107979426,0.011872758888029664,-0.15242620350651812
GSM7791000_GTCAAGTGTGCAAGAC-1,untreated,bulk,-0.07397611322857087,0.006989065717934652,-0.2195518870112105
GSM7791000_GTCAAGTGTTACCGTA-1,untreated,bulk,0.18754144184173097,0.009657672222223348,-0.08953598544138283
GSM7791000_GTCAAGTTCAGCTGTA-1,untreated,bulk,-0.0683545139857701,0.023745960162567192,0.43996311761328777
GSM7791000_GTCACGGAGAAACTCA-1,untreated,bulk,0.06126424373142303,0.012602265920338616,-0.09852172104398049
GSM7791000_GTCACGGAGACCTGGA-1,untreated,bulk,-0.12150728498186383,0.02127719148521056,0.26240056825867575
GSM7791000_GTCACGGAGATTCGCT-1,untreated,bulk,-0.10294491359165736,0.015028777345953646,0.032110510440555975
GSM7791000_GTCACGGAGCACCTGC-1,untreated,bulk,-0.18785738263811383,0.012003600978804633,-0.1774957662532803
GSM7791000_GTCACGGAGTTAGAAC-1,untreated,bulk,-0.028152337755475727,0.01943963771049341,0.43998288844631783
GSM7791000_GTCACGGCACCCTCTA-1,untreated,bulk,-0.13809790475027903,0.01930010147611286,0.27558823762619106
GSM7791000_GTCACGGCAGGTCAGA-1,untreated,bulk,-0.12069431486583891,0.0109051139781595,-0.16268838194012175
GSM7791000_GTCACGGGTATACCTG-1,untreated,bulk,-0.2025042942592076,0.01720812557475254,0.000519023543139485
GSM7791000_GTCACGGTCCTGGGTG-1,untreated,bulk,-0.08272863365354993,0.006868934449939748,-0.14027881461483488
GSM7791000_GTCACGGTCTCATGGA-1,untreated,bulk,0.16796263346596368,0.015350764461783193,0.08772703404462365
GSM7791000_GTCACGGTCTTCCTAA-1,untreated,bulk,-0.0328292533329555,0.007474426627573366,-0.01485976437252942
GSM7791000_GTCACTCAGACTCTTG-1,untreated,bulk,-0.15680403160670447,0.012642241253409013,0.002119976320538807
GSM7791000_GTCACTCAGCGCCATC-1,untreated,bulk,-0.17196400233677456,0.009891402984798686,-0.07987071829699138
GSM7791000_GTCACTCAGTCCTGCG-1,untreated,bulk,-0.07679815852452837,0.02353681586663976,0.1310568767858204
GSM7791000_GTCACTCAGTTCTCTT-1,untreated,bulk,-0.17988787140165058,0.008019764805927103,-0.025507626063426138
GSM7791000_GTCACTCCAATCGCGC-1,untreated,bulk,0.016306353523617728,0.007916997179477043,-0.15637839145051088
GSM7791000_GTCACTCCACTCGATA-1,untreated,bulk,-0.00921324366614934,0.010414071488894252,-0.08337846801801074
GSM7791000_GTCACTCCAGCCTTCT-1,untreated,bulk,-0.02334059700133312,0.008606029011863824,-0.10249405864794815
GSM7791000_GTCACTCCATGGGAAC-1,untreated,bulk,-0.1301850672373696,0.015010852228096455,-0.10173317406385492
GSM7791000_GTCACTCGTCACGTGC-1,untreated,bulk,0.0078783201035999,0.009931726916921554,-0.10051094150045697
GSM7791000_GTCACTCTCCTCGATC-1,untreated,bulk,0.07865048438783676,0.009883813467495341,-0.19795177708348008
GSM7791000_GTCACTCTCGATTCCC-1,untreated,bulk,0.034457353713020444,0.0129709571786884,-0.02623384064180883
GSM7791000_GTCACTCTCGCCTCTA-1,untreated,bulk,-0.06711229680076478,0.01372780585632901,-0.002223629462768144
GSM7791000_GTCAGCGGTGATACTC-1,untreated,bulk,-0.059477877389817024,0.00864800094091318,-0.10510012206833093
GSM7791000_GTCAGCGTCTCCGTGT-1,untreated,bulk,0.0,0.01706030818672005,0.4967560088374151
GSM7791000_GTCATCCCAAACTCTG-1,untreated,bulk,-0.18986167271931967,0.009400896792467325,-0.10452425383035438
GSM7791000_GTCATCCCACTTGGGC-1,untreated,bulk,-0.053144574241032666,0.006401825694112713,-0.12343162559119637
GSM7791000_GTCATCCCATTCGATG-1,untreated,bulk,-0.06191529864356635,0.005329495569905378,-0.16649640223913323
GSM7791000_GTCATCCTCCTGTACC-1,untreated,bulk,-0.09728866327376594,0.01096465741456152,0.008469478792687344
GSM7791000_GTCATCCTCGAGATGG-1,untreated,bulk,0.03644626783946203,0.019648867469444584,0.005213939558940964
GSM7791000_GTCATCCTCGTTGTTT-1,untreated,bulk,0.020142448213365333,0.016633615451699797,0.07468036099368802
GSM7791000_GTCATGACACTTGAGT-1,untreated,bulk,-0.056894032009064205,0.009078792747129001,-0.14943768685884515
GSM7791000_GTCATGATCCTTGGAA-1,untreated,bulk,-0.08868841477802822,0.01056943783936677,-0.060853521606932505
GSM7791000_GTCATGATCGAACCAT-1,untreated,bulk,-0.1632099369594029,0.009162351469557219,-0.11133926844166867
GSM7791000_GTCATTTAGAGAGCAA-1,untreated,bulk,0.08002906587388778,0.008754043527429842,-0.12883516172417445
GSM7791000_GTCATTTAGGTCACAG-1,untreated,bulk,0.12406673915802488,0.01135243424783798,-0.14208519382506987
GSM7791000_GTCATTTAGTCTTCCC-1,untreated,bulk,0.07801742341783308,0.005711448030071473,-0.15503567035188986
GSM7791000_GTCATTTCAATTAGGA-1,untreated,bulk,-0.11465943472726005,0.0188696876293742,0.28835732151425786
GSM7791000_GTCATTTGTAATGCGG-1,untreated,bulk,-0.11146812889311047,0.011554315435757728,-0.1361612586921713
GSM7791000_GTCATTTGTAATGCTC-1,untreated,bulk,-0.12392280124482655,0.00869740194229794,-0.15731345136860686
GSM7791000_GTCATTTTCCCTCATG-1,untreated,bulk,-0.018542529212103975,0.007396944855791679,-0.03434618891398519
GSM7791000_GTCATTTTCCCTGGTT-1,untreated,bulk,0.0694467532445514,0.005491019378345955,-0.18079914848095197
GSM7791000_GTCATTTTCTAAGGAA-1,untreated,bulk,0.06907953065539163,0.015153448284205553,-0.09011736616092918
GSM7791000_GTCATTTTCTCTGAGA-1,untreated,bulk,0.08349503607977007,0.009919925362392999,-0.12831977574191633
GSM7791000_GTCCACTAGCATGTTC-1,untreated,bulk,0.13928589260767377,0.023904118492080264,0.3327339788789969
GSM7791000_GTCCACTCAGAGGCAT-1,untreated,bulk,-0.13968014308384485,0.016508295744154227,0.1566773116469489
GSM7791000_GTCCACTCAGTCGAGA-1,untreated,bulk,0.010173272178286563,0.01067866287862583,-0.20000148519008573
GSM7791000_GTCCACTGTACTAGCT-1,untreated,bulk,-0.002039185024443141,0.004858729855294494,-0.17814047733910898
GSM7791000_GTCCACTGTCCGAAAG-1,untreated,bulk,-0.01129871784694611,0.011568018269997206,0.024217030219633805
GSM7791000_GTCCACTGTTCGGTTA-1,untreated,bulk,0.0922739937948802,0.020216966524049224,0.31670970583326585
GSM7791000_GTCCACTTCCGATGTA-1,untreated,bulk,-0.2184843008858817,0.01020702454806442,0.08708778463487518
GSM7791000_GTCCCATCACTTTAGG-1,untreated,bulk,0.18159396095881386,0.02095914440782882,0.5314612237035761
GSM7791000_GTCCCATCATCGAACT-1,untreated,bulk,-0.11775720868791853,0.021942410889443688,0.43283319922877206
GSM7791000_GTCCCATCATTCGATG-1,untreated,bulk,-0.014262447886996793,0.05045430946441891,-0.11689435612422443
GSM7791000_GTCCCATTCTCTAAGG-1,untreated,bulk,-0.0021713866127861803,0.013992044647013195,-0.09851680244664218
GSM7791000_GTCCTCACAAGATGGC-1,untreated,bulk,-0.08955319658158317,0.012265045250188652,-0.030215510920275277
GSM7791000_GTCCTCAGTCTTCTAT-1,untreated,bulk,0.034204765350099586,0.007799297050263877,-0.08535317756124493
GSM7791000_GTCGAATAGGTCACTT-1,untreated,bulk,-0.010660003329080237,0.015682431004543213,-0.14490265622119095
GSM7791000_GTCGAATTCATAGGCT-1,untreated,bulk,0.03523693296644426,0.010595723542015953,0.004201298874006558
GSM7791000_GTCGCGAAGAGCCCAA-1,untreated,bulk,0.0937531434921991,0.014646655097498245,-0.1592049542363153
GSM7791000_GTCGCGAAGGGAGTGG-1,untreated,bulk,0.013015167751009526,0.009897878568993119,-0.15160448122455977
GSM7791000_GTCGCGAGTAATCAAG-1,untreated,bulk,0.15824925725422206,0.014302875233142468,-0.06381913459628265
GSM7791000_GTCGCGAGTTTAGAGA-1,untreated,bulk,0.11171635763985771,0.011307931066574592,-0.22185750996165424
GSM7791000_GTCGCGATCCCTTTGG-1,untreated,bulk,-0.25026112545104257,0.009925759270663826,-0.10944510853327778
GSM7791000_GTCGCGATCGAGTCTA-1,untreated,bulk,-0.16040277753557478,0.015318123102694516,0.03736324862763043
GSM7791000_GTCGTAAGTCGCAACC-1,untreated,bulk,0.20979406235710021,0.013194245408190603,-0.1557580694589841
GSM7791000_GTCGTAATCCCGAGAC-1,untreated,bulk,0.015576775490291545,0.013728096944230444,0.0034157043985508146
GSM7791000_GTCGTAATCTAGGAAA-1,untreated,bulk,-0.10098632778440203,0.020590581391857207,0.043399358860600375
GSM7791000_GTCGTTCCAGCGCTTG-1,untreated,bulk,0.041131851256839796,0.009476476836124043,-0.025160619930960828
GSM7791000_GTCGTTCGTATACCTG-1,untreated,bulk,0.04142635209219797,0.00794335329128016,-0.12499858312023433
GSM7791000_GTCGTTCGTTTACCTT-1,untreated,bulk,0.17884258164299857,0.014639969961761359,-0.03812521936898802
GSM7791000_GTCGTTCTCTCAAAGC-1,untreated,bulk,0.04652072497776577,0.012536369314681745,-0.019684815207869757
GSM7791000_GTCGTTCTCTGCCTGT-1,untreated,bulk,-0.000746732893444263,0.009346271762322918,-0.0029434006487816617
GSM7791000_GTCGTTCTCTTACCGC-1,untreated,bulk,-0.08626415260254391,0.008087802114921317,-0.06009539574461426
GSM7791000_GTCTACCCACACCGAC-1,untreated,bulk,0.06488879461137076,0.01222447030441497,-0.037847258156132664
GSM7791000_GTCTACCCAGGGAGAG-1,untreated,bulk,-0.0014439530599684725,0.012212428091345222,-0.06538096990946614
GSM7791000_GTCTACCCAGTCGAGA-1,untreated,bulk,-0.04071177134438167,0.008554449011379726,-0.15458966980005756
GSM7791000_GTCTACCCAGTCTGGC-1,untreated,bulk,-0.1690344984947689,0.009010062369573867,-0.07352968149763697
GSM7791000_GTCTAGAAGCCGCTTG-1,untreated,bulk,-0.08678065330263168,0.008000695959041437,-0.11070631587582314
GSM7791000_GTCTAGACATCCGAAT-1,untreated,bulk,0.17652377976311576,0.011006885555313858,-0.0737727195701424
GSM7791000_GTCTAGACATCCGATA-1,untreated,bulk,-0.058158711781577443,0.012004642704908069,-0.0046539414652086355
GSM7791000_GTCTAGAGTCGGAACA-1,untreated,bulk,-0.1286906757808867,0.006642202163143176,-0.10823910532336763
GSM7791000_GTCTAGATCATCGCCT-1,untreated,bulk,-0.015796229725792282,0.012543432488903944,-0.038725729368171515
GSM7791000_GTCTCACAGCGAACTG-1,untreated,bulk,0.04041462262471518,0.026752946917760197,-0.02690546021187891
GSM7791000_GTCTCACAGTAAGAGG-1,untreated,bulk,-0.0632950210571289,0.02304921113857548,0.5149693741929584
GSM7791000_GTCTCACCACGATTCA-1,untreated,bulk,-0.09152566058295114,0.010139200136058919,-0.062427131047416526
GSM7791000_GTCTCACGTATACGGG-1,untreated,bulk,-0.1275604466029576,0.013362649675212035,-0.02523058372206549
GSM7791000_GTCTCACGTCTAGATC-1,untreated,bulk,0.03255367339603485,0.008880283630738199,0.014076025850503906
GSM7791000_GTCTCACTCCGCAAAT-1,untreated,bulk,-0.047938265119280135,0.019060789408694816,0.366855908009024
GSM7791000_GTCTGTCAGAATACAC-1,untreated,bulk,0.0654568372453962,0.008220548352818758,-0.14904930318827517
GSM7791000_GTCTGTCAGGCATGCA-1,untreated,bulk,0.00923217637198312,0.0076883199594728075,0.015428207446188828
GSM7791000_GTCTGTCCAGAATTCC-1,untreated,bulk,-0.1359160302177308,0.008241100549797162,-0.1695348519420136
GSM7791000_GTCTGTCGTACGGATG-1,untreated,bulk,-0.0014497722141326441,0.005924432404626301,-0.07810200377600603
GSM7791000_GTCTGTCGTCAACCAT-1,untreated,bulk,-0.2089788382393973,0.012850753094582617,-0.04304700569934979
GSM7791000_GTCTGTCTCATGAGTC-1,untreated,bulk,0.03926400214906721,0.021849613342800268,0.3599343633657066
GSM7791000_GTCTGTCTCTCGTTTA-1,untreated,bulk,-0.00040012283930701553,0.0050177732506870324,-0.14281855211048444
GSM7791000_GTCTGTCTCTGTCAGA-1,untreated,bulk,-0.07962553296770368,0.01756303998853957,0.3222452371701322
GSM7791000_GTCTTTAAGCCAAGTG-1,untreated,bulk,-0.02863329690600197,0.010561955430868537,-0.02782746963734489
GSM7791000_GTCTTTAAGGATACAT-1,untreated,bulk,-0.07354594866434733,0.008960561677619017,-0.11303762402320762
GSM7791000_GTCTTTAAGTAAACTG-1,untreated,bulk,-0.009743353298732212,0.01886188309216182,0.5038825183508548
GSM7791000_GTCTTTACAGCTCCTT-1,untreated,bulk,-0.04029790870727054,0.007624031731700185,-0.09035856179935528
GSM7791000_GTCTTTACAGGAAGTC-1,untreated,bulk,-0.05997837611607143,0.018165043314809688,0.19306024691989931
GSM7791000_GTCTTTACAGGTGTGA-1,untreated,bulk,0.0059863276708693736,0.008303272375481402,-0.10355597419992098
GSM7791000_GTCTTTATCAAGAGTA-1,untreated,bulk,-0.06708763183109345,0.009505384944988187,-0.1207177137397203
GSM7791000_GTCTTTATCAGACCTA-1,untreated,bulk,-0.1548670870917184,0.010582851293371375,-0.07230160291621782
GSM7791000_GTCTTTATCTCATGCC-1,untreated,bulk,-0.07240706307547433,0.022424357983013902,0.48135306434978337
GSM7791000_GTGACGCAGAGGCGTT-1,untreated,bulk,-0.022934882678682836,0.01176493178837939,0.0036484804171189396
GSM7791000_GTGACGCAGCCTCACG-1,untreated,bulk,-0.0471085500717163,0.00546241993316965,-0.016003545222712526
GSM7791000_GTGACGCAGTCGAATA-1,untreated,bulk,-0.07410726706186929,0.00443152923237345,-0.22129289970204308
GSM7791000_GTGACGCCACAGCGCT-1,untreated,bulk,-0.07694522638169546,0.011514194667119589,-0.21155445247504212
GSM7791000_GTGACGCCAGAAGCGT-1,untreated,bulk,-0.12595849847036697,0.0060538812222020455,-0.1496261180559203
GSM7791000_GTGACGCGTAGGTGCA-1,untreated,bulk,-0.20440098353794642,0.011332638674652623,-0.09298157755090596
GSM7791000_GTGACGCGTCGTCGGT-1,untreated,bulk,0.3098143336886451,0.014404507523008234,-0.024719717635836906
GSM7791000_GTGACGCGTTGGTACT-1,untreated,bulk,-0.014957748897491935,0.010427174859591885,-0.015106818248499791
GSM7791000_GTGACGCTCCGTGTGG-1,untreated,bulk,0.018330291717771507,0.012423543305487715,0.018174999812128733
GSM7791000_GTGACGCTCGAGAGAC-1,untreated,bulk,-0.029237065996442522,0.019928298960962047,0.5822883296831045
GSM7791000_GTGACGCTCTACAGGT-1,untreated,bulk,-0.12239273071289063,0.017996755574121753,0.09818715388473204
GSM7791000_GTGACGCTCTGGCCGA-1,untreated,bulk,-0.10367207156287299,0.012534028274648362,-0.02142775446580713
GSM7791000_GTGAGCCAGTGGCCTC-1,untreated,bulk,-0.07362649047185504,0.008570271914017786,-0.1348337549349279
GSM7791000_GTGAGCCCAGGTAGTG-1,untreated,bulk,-0.12166240737551735,0.008184120826303005,-0.2053100642892306
GSM7791000_GTGAGCCCATTGGCAT-1,untreated,bulk,-0.1295573197849213,0.014411496544557749,-0.08106746401690869
GSM7791000_GTGAGCCTCCAATCTT-1,untreated,bulk,-0.06910432149493503,0.006476608389899147,-0.2306502016392957
GSM7791000_GTGAGCCTCCGTATAG-1,untreated,bulk,-0.024363733397589793,0.006582795847391478,-0.23377939390059035
GSM7791000_GTGAGGAAGACGCAGT-1,untreated,bulk,0.015597799013531394,0.00962863421316377,-0.11214169367080422
GSM7791000_GTGAGGAAGATGACAT-1,untreated,bulk,-0.08799889155796596,0.019643296173036055,0.37460247281769943
GSM7791000_GTGAGGAAGGTAAGAG-1,untreated,bulk,-0.06531843245975558,0.01067702422230517,-0.06310253105269971
GSM7791000_GTGAGGAAGGTTTGAA-1,untreated,bulk,-0.06559151240757534,0.02167076197852184,0.421229553295931
GSM7791000_GTGAGGACATCCAACA-1,untreated,bulk,-0.06842074802943639,0.020719151853345944,0.42100089997895274
GSM7791000_GTGAGGAGTAGTAAGT-1,untreated,bulk,-0.006311858797830222,0.010703850841917285,-0.07462252045167135
GSM7791000_GTGAGGATCACTTGGA-1,untreated,bulk,-0.057631100245884484,0.017731222233886013,0.42318260163707394
GSM7791000_GTGAGGATCCGTCCTA-1,untreated,bulk,0.013517958625914567,0.011053225208532427,-0.09739023636727216
GSM7791000_GTGAGGATCCTACAAG-1,untreated,bulk,-0.04111048357827324,0.003952582439212225,-0.09910699792111484
GSM7791000_GTGAGTTAGACCTGGA-1,untreated,bulk,0.012021830119783916,0.0095548207392879,-0.10845547763468186
GSM7791000_GTGAGTTAGGTGATCG-1,untreated,bulk,0.0529079963290502,0.014057508754214259,0.03023053825268183
GSM7791000_GTGAGTTAGGTTTACC-1,untreated,bulk,0.08873291378929504,0.012667827037421362,-0.17020763987515003
GSM7791000_GTGAGTTAGTGGTTCT-1,untreated,bulk,-0.10169053213936942,0.016748433681228816,0.21091366272045453
GSM7791000_GTGAGTTCAAGGGTCA-1,untreated,bulk,0.11385597319830035,0.012757162331835624,-0.05097773234542222
GSM7791000_GTGATGTAGCGCCGTT-1,untreated,bulk,0.03528445501176139,0.00956909187912232,-0.16697901752529581
GSM7791000_GTGATGTCACAGCGCT-1,untreated,bulk,0.0,0.02289451944821271,0.5574698855932951
GSM7791000_GTGATGTCACCCAACG-1,untreated,bulk,-0.03703160391913521,0.00814993402825798,-0.07815469720283288
GSM7791000_GTGATGTGTCGTGCCA-1,untreated,bulk,-0.060635867043147024,0.005670537792861911,-0.016097700754913964
GSM7791000_GTGATGTGTGTAACGG-1,untreated,bulk,-0.040702281528049056,0.01647625673876974,0.06619043386787334
GSM7791000_GTGATGTGTGTGAATA-1,untreated,bulk,-0.08307395935058594,0.016880404030296146,0.3891534617985626
GSM7791000_GTGATGTTCGGTAAGG-1,untreated,bulk,-0.053053450962853826,0.012032168472883981,-0.12798841481488296
GSM7791000_GTGCACGAGGGTAATT-1,untreated,bulk,-0.06588047663370768,0.009643971973658676,-0.010591738296418733
GSM7791000_GTGCACGCATCGAGCC-1,untreated,bulk,-0.1684287370954241,0.014422965519137208,-0.05304492845566999
GSM7791000_GTGCACGGTATCGTAC-1,untreated,bulk,-0.1461432871364412,0.012486525314839333,-0.11095800574854321
GSM7791000_GTGCACGGTCTCGACG-1,untreated,bulk,-0.0971477190275041,0.02078396666168573,-0.050696691739157446
GSM7791000_GTGCACGGTTTGATCG-1,untreated,bulk,-0.12683284108600917,0.009482686295632974,-0.13791629193475757
GSM7791000_GTGCAGCAGAGGGTGG-1,untreated,bulk,0.012749421861436627,0.008586313403518207,-0.09832056755327263
GSM7791000_GTGCAGCAGCCAGAGT-1,untreated,bulk,-0.23909705025809153,0.012887120969249814,-0.026027406275783593
GSM7791000_GTGCAGCAGCGTCAGA-1,untreated,bulk,0.06288684527079266,0.02086837258622533,-0.1528962892309939
GSM7791000_GTGCAGCAGGACGGAG-1,untreated,bulk,-0.1394756379203191,0.009476527839883656,0.034737071913730266
GSM7791000_GTGCAGCAGGCCCAAA-1,untreated,bulk,0.03875327579558843,0.009404954078183737,-0.05867912884279385
GSM7791000_GTGCAGCAGGGTTAAT-1,untreated,bulk,0.13320287492540145,0.011249293567749582,-0.13874918354579607
GSM7791000_GTGCAGCAGTGGTGAC-1,untreated,bulk,0.08488695946950761,0.013277405853352499,-0.1603250846824622
GSM7791000_GTGCAGCGTACAGTTC-1,untreated,bulk,-0.12838899279397634,0.00764295705190504,-0.042405734275002015
GSM7791000_GTGCAGCGTACTGTTG-1,untreated,bulk,0.10713554957556345,0.005984341875755964,-0.13377589236465165
GSM7791000_GTGCAGCTCATCCTGC-1,untreated,bulk,-0.05205572400774275,0.022058551451075544,0.5264792687378704
GSM7791000_GTGCAGCTCCGATTAG-1,untreated,bulk,-0.024621123359316877,0.01016458623345192,-0.06164279831598853
GSM7791000_GTGCAGCTCGCCATAA-1,untreated,bulk,-0.1121338256957039,0.010391693137763261,-0.10027642605056236
GSM7791000_GTGCGTGAGAGTCACG-1,untreated,bulk,-0.19510303198345122,0.008343967200815127,-0.12535103905876732
GSM7791000_GTGCGTGAGCGTCGAA-1,untreated,bulk,0.05831405533684622,0.01636544270190094,0.02917462107733937
GSM7791000_GTGCGTGGTGCTCTCT-1,untreated,bulk,-0.050730516267201264,0.007180952466981063,-0.19424339462609191
GSM7791000_GTGCGTGGTGGGATTG-1,untreated,bulk,-0.06699878677489265,0.013163315416024972,-0.18742498274472472
GSM7791000_GTGCGTGTCAGGAAAT-1,untreated,bulk,-0.02849855695452009,0.02100398225288423,0.5531252529821271
GSM7791000_GTGCGTGTCTAACGGT-1,untreated,bulk,0.07783725783938454,0.008779063161729857,-0.1058256148113371
GSM7791000_GTGCTGGAGTGGACGT-1,untreated,bulk,-0.05851544467229691,0.014199494575471558,0.007963002237799135
GSM7791000_GTGCTGGCACAACGTT-1,untreated,bulk,0.026203644464886378,0.014671072103089216,-0.03008914133298609
GSM7791000_GTGCTGGCAGAATCGG-1,untreated,bulk,-0.1031488037109375,0.019455525188600567,0.2515880916215601
GSM7791000_GTGCTGGGTGAACCGA-1,untreated,bulk,0.0995034173935179,0.009812272408619226,-0.15683379149475574
GSM7791000_GTGCTGGGTTGGGTTT-1,untreated,bulk,0.02929528508867535,0.010363009192629542,-0.06420792845640598
GSM7791000_GTGCTGGTCGTCCTCA-1,untreated,bulk,-0.013328341529482896,0.0096273338371971,-0.10674451308180453
GSM7791000_GTGCTTCGTCTCACGG-1,untreated,bulk,-0.05780661741892497,0.01115926607129494,-0.059481848215981695
GSM7791000_GTGCTTCGTTAGAGTA-1,untreated,bulk,0.12041245778401694,0.015920481124785228,0.036816350842811325
GSM7791000_GTGCTTCGTTTCCCAC-1,untreated,bulk,0.0973578035263788,0.006986852247303661,-0.09235798690693313
GSM7791000_GTGCTTCTCTCCGAGG-1,untreated,bulk,-0.07501022482675218,0.011447337728449936,-0.05818111870531443
GSM7791000_GTGGAAGCAAACTAGA-1,untreated,bulk,-0.07992164975120909,0.009496751865954056,-0.051942790460009665
GSM7791000_GTGGAAGCACTATCCC-1,untreated,bulk,-0.0687572887965611,0.010872737079098091,-0.11976931158553084
GSM7791000_GTGGAAGCATGACAGG-1,untreated,bulk,-0.13812325348929752,0.01273251693773152,-0.0826252647817243
GSM7791000_GTGGAAGGTAGACAGC-1,untreated,bulk,-0.16188495670046124,0.009180879832187346,-0.13199713178954062
GSM7791000_GTGGAAGGTCGGTACC-1,untreated,bulk,-0.010422292134118466,0.010123748313518633,-0.05122693824940167
GSM7791000_GTGGAAGTCAACGAGG-1,untreated,bulk,-0.13825149505857437,0.004243538552703497,-0.10067008232680864
GSM7791000_GTGGAAGTCACCACAA-1,untreated,bulk,-0.12090141515883188,0.010313101715414266,-0.059922880724255494
GSM7791000_GTGGAAGTCCCTCGTA-1,untreated,bulk,-0.030804805755615235,0.02002747472572535,0.5114004378515674
GSM7791000_GTGGAAGTCCGTGGCA-1,untreated,bulk,-0.10069950701698424,0.012311556833197172,-0.05694698413119545
GSM7791000_GTGGAAGTCGGAATGG-1,untreated,bulk,-0.14820293873075457,0.00709393207508746,-0.26134053383938316
GSM7791000_GTGGAAGTCGTGGGAA-1,untreated,bulk,-0.2259102739606585,0.014044972149374233,0.008460782450206877
GSM7791000_GTGGAGAAGCTCCACG-1,untreated,bulk,-0.1006532941545759,0.02216945948668078,0.44135661770723517
GSM7791000_GTGGAGAAGGCGAAGG-1,untreated,bulk,-0.07068727765764508,0.023816892940860184,0.5683002967078908
GSM7791000_GTGGAGAAGTCCTACA-1,untreated,bulk,0.09007435072036019,0.006012008867505539,-0.067859501401787
GSM7791000_GTGGAGACAGGTGAGT-1,untreated,bulk,-0.08845523796384296,0.010517275675694254,-0.12656420882990876
GSM7791000_GTGGAGACAGTCTGGC-1,untreated,bulk,0.11870405106317428,0.03927701758968217,-0.0503255919238644
GSM7791000_GTGGAGAGTAGTCCTA-1,untreated,bulk,-0.05085776192801339,0.019697179197454867,0.4228338961485007
GSM7791000_GTGGAGATCCATCCGT-1,untreated,bulk,-0.07976244245256696,0.02005756995689953,0.28765064242740107
GSM7791000_GTGGCGTAGTTCCTGA-1,untreated,bulk,-0.0627520832182869,0.01435275754228968,-0.11742463963819963
GSM7791000_GTGGCGTCAAGATTGA-1,untreated,bulk,-0.027344867161342074,0.011776700480176885,-0.23795579408021822
GSM7791000_GTGGCGTCAAGTACCT-1,untreated,bulk,-0.027012229495578355,0.02160214559183837,-0.0018780315590071804
GSM7791000_GTGGCGTCACTTCATT-1,untreated,bulk,0.06370029116433767,0.006639470506062074,-0.1485101130745348
GSM7791000_GTGGCGTCATCTCCCA-1,untreated,bulk,-0.21190455845424108,0.008590713558920882,-0.008897424919940701
GSM7791000_GTGGCGTGTGAGTAGC-1,untreated,bulk,-0.00525567652687195,0.018759075514178623,0.14847378562100313
GSM7791000_GTGGCGTGTTCCCACT-1,untreated,bulk,-0.014971477417718787,0.01336591119179982,0.031851687439933905
GSM7791000_GTGGCGTTCTCCGAAA-1,untreated,bulk,-0.08013580867222377,0.027426591906096604,0.6260606438433363
GSM7791000_GTGGGAAAGACCATGG-1,untreated,bulk,-0.0437836289784265,0.006016239391337823,-0.1732762877622672
GSM7791000_GTGGGAAAGCTACAAA-1,untreated,bulk,-0.027812563578287736,0.0066104944219234595,0.00761510620838735
GSM7791000_GTGGGAAAGGTGCTTT-1,untreated,bulk,-0.12001022512950593,0.010319838532512055,-0.0973205579314896
GSM7791000_GTGGGAAGTACGCGTC-1,untreated,bulk,-0.10763993823339069,0.008761095437025312,-0.05861959671307464
GSM7791000_GTGGGAAGTATGGAGC-1,untreated,bulk,-0.12091806332270304,0.012773267558619196,-0.1100337947546879
GSM7791000_GTGGGAAGTCTTCAAG-1,untreated,bulk,0.005465752283732084,0.006311025241746026,-0.09712136437450075
GSM7791000_GTGGGAAGTGTTCATG-1,untreated,bulk,-0.05353057868896968,0.008561052942068338,-0.20945901983122026
GSM7791000_GTGGGAATCGCTGATA-1,untreated,bulk,-0.19697453090122768,0.014276306289329225,-0.07487382943465712
GSM7791000_GTGGGAATCTATCCAT-1,untreated,bulk,-0.02487284596004183,0.01461974849415411,0.11789012830125152
GSM7791000_GTGGTTAAGCGTTCCG-1,untreated,bulk,0.01498060877360996,0.008606371274623784,-0.1055537697052403
GSM7791000_GTGGTTAAGGAGCTGT-1,untreated,bulk,-0.16483019147600447,0.01618586771386035,0.03918490181730989
GSM7791000_GTGGTTACAAGACGGT-1,untreated,bulk,0.061199769822378014,0.0051764206673451975,-0.16225961589877547
GSM7791000_GTGGTTACAATACAGA-1,untreated,bulk,0.09751334417433968,0.007174848749656633,-0.09395478514312657
GSM7791000_GTGGTTATCCATCCGT-1,untreated,bulk,-0.0901632581438337,0.02327013071423826,0.40106437223759656
GSM7791000_GTGGTTATCGGTGTTA-1,untreated,bulk,-0.08044762974693662,0.008178508295681482,-0.12239494050430186
GSM7791000_GTGGTTATCTCAGAAC-1,untreated,bulk,-0.006061131689283572,0.010864712105409607,-0.012640802378379458
GSM7791000_GTGTAACAGTCACAGG-1,untreated,bulk,0.0570487117767334,0.01517301643174667,0.016731035458064727
GSM7791000_GTGTAACGTGTCCCTT-1,untreated,bulk,0.10149091523791118,0.013402334195087247,-0.049858295996276766
GSM7791000_GTGTAACGTTTCTATC-1,untreated,bulk,0.059112850068107486,0.007760486129053096,-0.11210318882474818
GSM7791000_GTGTAACTCAGTCATG-1,untreated,bulk,-0.11848561373967972,0.010403713245708678,-0.0013701103040315104
GSM7791000_GTGTAACTCCAAGAGG-1,untreated,bulk,-0.233455810546875,0.01034695646161241,-0.08484851949886563
GSM7791000_GTGTAACTCCGCGAGT-1,untreated,bulk,-0.10922620599232023,0.011685991713292645,-0.048297819636510114
GSM7791000_GTGTCCTAGCATAGGC-1,untreated,bulk,0.014602021111382368,0.01636407016197491,0.024987464927019604
GSM7791000_GTGTGATAGGGAGTTC-1,untreated,bulk,-0.13667551918635293,0.008514441050702445,-0.10566247052344092
GSM7791000_GTGTGATAGTACCATC-1,untreated,bulk,0.0221846096099369,0.012641808993278358,0.018137391311795696
GSM7791000_GTGTGATAGTAGTCCT-1,untreated,bulk,-0.15194795275491382,0.0070257032354704135,-0.015436130700499769
GSM7791000_GTGTGATCAGCACCCA-1,untreated,bulk,0.019721480248466372,0.013038029267738843,-0.04592260734307857
GSM7791000_GTGTGATCATAGACTC-1,untreated,bulk,0.014391194146776948,0.0076812562793386295,-0.2297098224319021
GSM7791000_GTGTGATTCTCCGAAA-1,untreated,bulk,-0.020041486195155552,0.019033659047584466,0.5465707487240047
GSM7791000_GTGTGGCAGCACTCGC-1,untreated,bulk,-0.15678021022251673,0.017328890441704856,0.04528517185625918
GSM7791000_GTGTGGCCACACACGC-1,untreated,bulk,0.09755923498244512,0.008307436219801453,-0.18002663255078483
GSM7791000_GTGTGGCGTGCTGTCG-1,untreated,bulk,-0.12399792228426251,0.00746925540920936,-0.06073633463723503
GSM7791000_GTGTGGCTCACAAGGG-1,untreated,bulk,0.06514169859507726,0.011458585036838642,-0.18700898196946308
GSM7791000_GTGTGGCTCAGCTAGT-1,untreated,bulk,-0.2041816929408482,0.013733013761651376,0.11471521582672585
GSM7791000_GTGTGGCTCCGCGGAT-1,untreated,bulk,-0.12763698032924106,0.01279353376680224,0.015970492995483903
GSM7791000_GTGTGGCTCGCTCTCA-1,untreated,bulk,-0.05239154278285921,0.007971855276609653,-0.022969808616214293
GSM7791000_GTGTTAGAGGCATCGA-1,untreated,bulk,-0.016509674768599242,0.008992252479572728,-0.1344351083327399
GSM7791000_GTGTTAGAGGCGCTTC-1,untreated,bulk,-0.05191762500339084,0.010688925984301328,-0.16160677372511525
GSM7791000_GTGTTAGCAAATCAGA-1,untreated,bulk,-0.04467025787111312,0.005510243852751369,-0.026413164649277662
GSM7791000_GTGTTAGCATTAGGCT-1,untreated,bulk,-0.15874985149928503,0.01216862982860687,-0.08012843050924551
GSM7791000_GTGTTAGGTGTCCTAA-1,untreated,bulk,-0.19409002164053535,0.009919594315664602,-0.16486841994116566
GSM7791000_GTGTTAGTCATTGTTC-1,untreated,bulk,0.018936361433967708,0.013447203398524453,-0.1798125386180628
GSM7791000_GTGTTAGTCTAGCCTC-1,untreated,bulk,-0.0575519289289202,0.016741313173422714,0.25051295476494306
GSM7791000_GTGTTCCAGGGTCAAC-1,untreated,bulk,-0.14692916881470452,0.007503504769398438,-0.12904582686791613
GSM7791000_GTGTTCCAGTTCCAGT-1,untreated,bulk,-0.07069793950943723,0.009226993448024403,-0.195454578491723
GSM7791000_GTGTTCCCACTTGTCC-1,untreated,bulk,-0.0811887180237543,0.007279898011233758,-0.2508127671215445
GSM7791000_GTGTTCCGTCTGTGGC-1,untreated,bulk,-0.06141271311139304,0.004928511024723613,-0.0452687292327032
GSM7791000_GTGTTCCGTGATTAGA-1,untreated,bulk,-0.2215478297642299,0.012622371930614116,-0.003278252152117618
GSM7791000_GTGTTCCGTGCTTATG-1,untreated,bulk,-0.049998482446821896,0.013080548788986745,0.01953256584423366
GSM7791000_GTGTTCCTCAAACCTG-1,untreated,bulk,-0.02850458357069227,0.009125523434575435,-0.18506300201615583
GSM7791000_GTGTTCCTCCGTCCTA-1,untreated,bulk,-0.09101893288748605,0.024248084115426498,0.4710990173014129
GSM7791000_GTGTTCCTCGCTGCGA-1,untreated,bulk,0.10585556529817128,0.01144408848665653,-0.18296195570136167
GSM7791000_GTGTTCCTCTGAGAAA-1,untreated,bulk,-0.14617724055335637,0.01083985570668298,-0.16009808205506337
GSM7791000_GTTACAGAGTCACGCC-1,untreated,bulk,-0.025028200717199425,0.018442805191101728,0.03961040332607473
GSM7791000_GTTACAGCAGCACACC-1,untreated,bulk,0.028619699780903146,0.012273126667646149,-0.1483033290797073
GSM7791000_GTTACAGGTGACGCCT-1,untreated,bulk,0.02139604810684448,0.00837892960274878,-0.042813590423529724
GSM7791000_GTTACAGTCAAGGACG-1,untreated,bulk,-0.07361796303400917,0.007411514134233487,-0.12292221483622569
GSM7791000_GTTACAGTCCAAGCAT-1,untreated,bulk,-0.07508327711196172,0.009839248836191394,-0.1121318363079611
GSM7791000_GTTACAGTCGGTATGT-1,untreated,bulk,0.11357701558915397,0.016128469638589136,0.05436636238621554
GSM7791000_GTTACAGTCTGACCCT-1,untreated,bulk,0.0871148890540713,0.007231954249944084,-0.03630138583658275
GSM7791000_GTTACCCAGACTACGG-1,untreated,bulk,0.1508302531166682,0.011846310049686082,0.008054001712121102
GSM7791000_GTTACCCCACACACTA-1,untreated,bulk,-0.15976634434291295,0.011776689899315086,-0.09995527477503102
GSM7791000_GTTACCCCACCGGCTA-1,untreated,bulk,-0.16082661802806553,0.00807902314795805,-0.08588636899019476
GSM7791000_GTTACCCTCTGGGATT-1,untreated,bulk,-0.08082378387451172,0.019463083513004128,0.47894603586480095
GSM7791000_GTTACGAAGGTAAACT-1,untreated,bulk,-0.015201725278581879,0.0042479832317060835,-0.0981987352223622
GSM7791000_GTTACGAAGGTACCTT-1,untreated,bulk,-0.01762052740369524,0.009686539236649838,-0.09328762459670784
GSM7791000_GTTACGAAGTAAGACT-1,untreated,bulk,0.01684522946675615,0.004962977027845436,-0.14946800449857756
GSM7791000_GTTACGACAGACCAGA-1,untreated,bulk,0.01267081782931373,0.014026622397550603,-0.04117179492666472
GSM7791000_GTTACGAGTTCAACGT-1,untreated,bulk,0.04438060472881983,0.01049714072250555,-0.11400953760387811
GSM7791000_GTTACGAGTTCCAAAC-1,untreated,bulk,0.0809223871382456,0.013570835759265302,-0.19001204057144014
GSM7791000_GTTAGACCATGTCTAG-1,untreated,bulk,-0.01998907906668527,0.021260934832387657,0.5434546130157666
GSM7791000_GTTAGACGTTGTAGCT-1,untreated,bulk,-0.17482964856284006,0.01120288158235518,-0.06942972915188583
GSM7791000_GTTAGTGAGAGGGTAA-1,untreated,bulk,-0.02588002401684958,0.011326546535868258,-0.10742734744161585
GSM7791000_GTTAGTGCAACCGATT-1,untreated,bulk,-0.06395962215605236,0.007505079922400107,-0.1708056178605077
GSM7791000_GTTAGTGCAATGTTGC-1,untreated,bulk,0.006520277356344556,0.013062513172297405,0.00783632759077903
GSM7791000_GTTAGTGGTAGGACCA-1,untreated,bulk,0.055364293597993414,0.009570466899402191,0.1258456576500951
GSM7791000_GTTAGTGGTCATAAAG-1,untreated,bulk,-0.19689259120396205,0.00997555356278015,-0.1264349114156695
GSM7791000_GTTAGTGTCGCGCTGA-1,untreated,bulk,-0.1495193061752925,0.009956921231941484,-0.08072774401036849
GSM7791000_GTTATGGAGCTGTTCA-1,untreated,bulk,-0.12491817667370751,0.010007121781646935,-0.029148200710482935
GSM7791000_GTTATGGCAAGAGTGC-1,untreated,bulk,-0.09829059540279328,0.007571404942257883,-0.08723901733610444
GSM7791000_GTTATGGCATAATCGC-1,untreated,bulk,-0.2075355019645085,0.00455331982306882,-0.01447796069819845
GSM7791000_GTTATGGTCCTTATAC-1,untreated,bulk,0.047014793214343875,0.005127046141064931,-0.13574715783257774
GSM7791000_GTTCATTCAGACTGCC-1,untreated,bulk,0.0017790647536989335,0.009232647195196128,0.10053122664294703
GSM7791000_GTTCATTGTATACCCA-1,untreated,bulk,-0.07755337412395173,0.009063091695660438,0.08854428200894313
GSM7791000_GTTCATTGTCATCCGG-1,untreated,bulk,0.0467932257576594,0.010892352798080027,-0.0017360667434427666
GSM7791000_GTTCATTGTCCAGCGT-1,untreated,bulk,0.018189071776374965,0.005041761351645888,-0.11754559495233315
GSM7791000_GTTCATTTCCGCTAGG-1,untreated,bulk,-0.02938494568779354,0.012312345849211625,-0.028211601981112236
GSM7791000_GTTCATTTCGAATCCA-1,untreated,bulk,-0.08540070821368506,0.006061243944266526,-0.05604915749931634
GSM7791000_GTTCATTTCTAGAACC-1,untreated,bulk,-0.10165453229631696,0.0208030234449381,0.1863576387376954
GSM7791000_GTTCCGTCATCGTTCC-1,untreated,bulk,-0.22092197264943803,0.010140792082212323,-0.04612226342492164
GSM7791000_GTTCCGTGTCGCGTTG-1,untreated,bulk,-0.018399231093270435,0.016316946548458,-0.08564892482439482
GSM7791000_GTTCCGTTCCTGATAG-1,untreated,bulk,0.15187351469009644,0.005023468090620016,-0.17541621684553355
GSM7791000_GTTCCGTTCTCGCGTT-1,untreated,bulk,-0.012768731192936977,0.011580543854819396,-0.17457243833038769
GSM7791000_GTTCGCTAGATTGAGT-1,untreated,bulk,-0.030224240091111937,0.011122216442788765,-0.03560326825863285
GSM7791000_GTTCGCTAGCCGTAAG-1,untreated,bulk,-0.009672529886639303,0.011675910204011935,-0.09226859176361867
GSM7791000_GTTCGCTAGTAAAGCT-1,untreated,bulk,-0.10447853856616551,0.011061829563966407,-0.04575497618088749
GSM7791000_GTTCGCTGTATGGGAC-1,untreated,bulk,-0.05843924355885338,0.009528491493922646,-0.06210286759638566
GSM7791000_GTTCGCTGTTTAGACC-1,untreated,bulk,0.025729901298644053,0.007653262879531002,-0.06363185602104604
GSM7791000_GTTCTATAGATCACTC-1,untreated,bulk,-0.13988695280892507,0.010287136741424658,-0.14182757787475161
GSM7791000_GTTCTATAGCGACATG-1,untreated,bulk,-0.04168082078297933,0.009060540559065902,-0.13589714911314457
GSM7791000_GTTCTATAGGAGAGGC-1,untreated,bulk,-0.1085321427148486,0.00642340862526543,-0.19196158606476968
GSM7791000_GTTCTATAGGGCAATC-1,untreated,bulk,-0.027009411160908048,0.009336559811570612,-0.15704532215234224
GSM7791000_GTTCTATAGGGCTAAC-1,untreated,bulk,-0.16640066964285713,0.013853043983708504,-0.08818933049476375
GSM7791000_GTTCTATGTCGCACGT-1,untreated,bulk,-0.034477236989944704,0.014274187504195464,-0.14138268710755691
GSM7791000_GTTCTATGTGGAGAAA-1,untreated,bulk,0.0024466574381268313,0.012172872754416628,-0.0848371797620824
GSM7791000_GTTCTATTCATCGACA-1,untreated,bulk,-0.08746988992842414,0.007543274364498588,-0.15481628176248316
GSM7791000_GTTGAACAGAAAGCGA-1,untreated,bulk,-0.01905904981825088,0.003984478997923391,-0.18136214956313293
GSM7791000_GTTGAACAGCCGGATA-1,untreated,bulk,0.014374540495494054,0.020010538167219254,-0.013532659592576653
GSM7791000_GTTGAACAGTATGAGT-1,untreated,bulk,0.10224465536692784,0.006703437122549966,-0.1856870400328089
GSM7791000_GTTGAACCATAATCGC-1,untreated,bulk,0.00427474248976939,0.005341326233965939,-0.12088832523455827
GSM7791000_GTTGAACTCCGCAGTG-1,untreated,bulk,-0.07255341423882378,0.008120155979963075,-0.07111901931926633
GSM7791000_GTTGCGGAGCCTCTGG-1,untreated,bulk,0.08223732032473127,0.013524349265843099,0.020144619032920176
GSM7791000_GTTGCGGCACGGCCAT-1,untreated,bulk,-0.17249039786202566,0.011350874703407442,0.08305899800452846
GSM7791000_GTTGCGGCAGCTCGGT-1,untreated,bulk,-0.06051043919154576,0.02182406213011274,0.4647666955057559
GSM7791000_GTTGCGGCATTGCCTC-1,untreated,bulk,-0.012929079116336895,0.01244368583986249,-0.06734533212058001
GSM7791000_GTTGCGGGTATCCCTC-1,untreated,bulk,-0.08053518567766461,0.03203065699329938,0.21145478387574354
GSM7791000_GTTGCGGGTTGAGAGC-1,untreated,bulk,-0.050135624143812396,0.012898324409430674,-3.603878608868684e-05
GSM7791000_GTTGCGGTCTGTCGCT-1,untreated,bulk,-0.08931182884034657,0.013652251003300902,-0.037658047786764064
GSM7791000_GTTGCTCCAAAGCACG-1,untreated,bulk,0.017667365149846154,0.01347115062370066,0.010908575839699428
GSM7791000_GTTGCTCCAACTACGT-1,untreated,bulk,-0.22761599822649878,0.011021189352992218,-0.14486767540622772
GSM7791000_GTTGCTCCAGAATTCC-1,untreated,bulk,-0.1799026978962005,0.008840829706200275,-0.12559180547839
GSM7791000_GTTGCTCCAGAGGCAT-1,untreated,bulk,-0.1710682015570383,0.011145397775156614,-0.03621689573249146
GSM7791000_GTTGCTCCAGGCGTTC-1,untreated,bulk,-0.05908647332872663,0.0153232045756345,-0.08908752088157769
GSM7791000_GTTGCTCCAGGTTCGC-1,untreated,bulk,-0.07799398967197962,0.009624494467815192,0.040814156106074105
GSM7791000_GTTGCTCCATCGAACT-1,untreated,bulk,0.007948243655855697,0.015218056303613139,0.04598394649593833
GSM7791000_GTTGCTCGTACTTGTG-1,untreated,bulk,-0.15039186750139508,0.01165853101726136,-0.100397323234051
GSM7791000_GTTGCTCTCGGAGTGA-1,untreated,bulk,-0.1011921027350047,0.008408282115627169,-0.0561198678070834
GSM7791000_GTTGTAGAGCCTGCCA-1,untreated,bulk,0.12332134231688485,0.013313694015545477,-0.050292420905120185
GSM7791000_GTTGTAGCACTACCGG-1,untreated,bulk,0.09273399231925841,0.017400634712642332,-0.0105188374246746
GSM7791000_GTTGTAGGTCCAGCGT-1,untreated,bulk,-0.1308586721571665,0.00731720919592553,-0.04141756358214268
GSM7791000_GTTGTAGGTCGGAAAC-1,untreated,bulk,0.06610137409634059,0.01055821425967627,-0.10959237787001236
GSM7791000_GTTGTAGTCAGATTGC-1,untreated,bulk,-0.06086132670205738,0.016277078953056776,-0.10537518013620864
GSM7791000_GTTGTAGTCGTTCAGA-1,untreated,bulk,-0.12071182515886095,0.023428070379025022,-0.0209612205994897
GSM7791000_GTTGTCCAGATGATTG-1,untreated,bulk,-0.056645323889596116,0.03346214906858576,0.0026152042303694716
GSM7791000_GTTGTCCCAATTTCTC-1,untreated,bulk,-0.07748093219030469,0.005036276334941725,-0.14276112480682837
GSM7791000_GTTGTCCCACTTCATT-1,untreated,bulk,-0.0645827817159986,0.010542083686778498,-0.06688720991463032
GSM7791000_GTTGTCCGTTTGTTGG-1,untreated,bulk,0.1254197580852206,0.014908584586222363,-0.06256350692708547
GSM7791000_GTTGTCCTCGCCGTGA-1,untreated,bulk,0.025371063474624894,0.011100122679471075,-0.01931928403307462
GSM7791000_GTTGTGACACGGTGTC-1,untreated,bulk,-0.05430295917722913,0.01766202420998593,-0.024092637141088107
GSM7791000_GTTGTGACAGAGCCCT-1,untreated,bulk,0.032922317111302946,0.0057011585687168145,-0.02132915193440571
GSM7791000_GTTGTGAGTACGGATG-1,untreated,bulk,-0.06291068629612998,0.008528197015848163,-0.06764953337067714
GSM7791000_GTTGTGAGTTGACTAC-1,untreated,bulk,0.09974035035996211,0.019202875762507884,0.29739456609221127
GSM7791000_GTTTACTCAAATACGA-1,untreated,bulk,0.0911249351501465,0.00881267969031292,-0.17438674158587947
GSM7791000_GTTTACTCAACGGCCT-1,untreated,bulk,0.023831612496148985,0.012849903630590572,-0.06225277535928566
GSM7791000_GTTTACTCAGAGGACT-1,untreated,bulk,-0.0321867512899732,0.012723162302811189,-0.1649876640340373
GSM7791000_GTTTACTGTACACGCC-1,untreated,bulk,-0.13170034889190918,0.008769478255790912,-0.023720134219706826
GSM7791000_GTTTACTGTCACTACA-1,untreated,bulk,-0.09598358301889327,0.01374321841103077,0.02184968091009318
GSM7791000_GTTTACTTCATAGCAC-1,untreated,bulk,-0.08479919441162595,0.01751337242883442,-0.17750869828136168
GSM7791000_GTTTACTTCTGTCTCG-1,untreated,bulk,0.07215300151279994,0.022544915136576756,-0.09056695473097921
GSM7791000_GTTTGGAAGAGCCGAT-1,untreated,bulk,0.07399485527522981,0.008502746773205689,-0.10992023312014078
GSM7791000_GTTTGGAAGATAACAC-1,untreated,bulk,-0.05617300775316028,0.009897014119602688,-0.2011659447483776
GSM7791000_GTTTGGAAGCGAGTAC-1,untreated,bulk,-0.0245691408429827,0.01675666988420983,0.3127621412296293
GSM7791000_GTTTGGAAGGTGATAT-1,untreated,bulk,-0.10166713669186546,0.013416734219677174,0.011855853585731015
GSM7791000_GTTTGGACAGCACGAA-1,untreated,bulk,-0.07695194244384766,0.02407762082250464,0.3208638905791606
GSM7791000_GTTTGGAGTTCGTTCC-1,untreated,bulk,-0.08482352237852792,0.008791279404254285,-0.19728294004203104
GSM7791000_GTTTGGATCCACTGAA-1,untreated,bulk,-0.11904177453782824,0.009246871585179419,-0.16524377126744322
GSM7791000_GTTTGGATCGTAGCCG-1,untreated,bulk,-0.023991993949526863,0.009636025423125544,-0.08786253941463885
GSM7791000_TAACACGAGTGCCCGT-1,untreated,bulk,-0.1433976638884772,0.008166515442631556,-0.17271913670809586
GSM7791000_TAACACGAGTTGTCAC-1,untreated,bulk,0.08289544544522723,0.009401337464227081,-0.04223321198507879
GSM7791000_TAACACGGTCCGGTCA-1,untreated,bulk,-0.10117068642661685,0.018168351588855675,0.05087774893657173
GSM7791000_TAACACGTCATTCTTG-1,untreated,bulk,0.001964310540093328,0.004334439865177193,-0.0897252604126196
GSM7791000_TAACACGTCCCTCTTT-1,untreated,bulk,0.03989503663683694,0.013485553487416781,0.001605605252784371
GSM7791000_TAACCAGAGCACTAGG-1,untreated,bulk,0.17680862971714564,0.011391110340265312,-0.014754422884425392
GSM7791000_TAACCAGAGCGACAGT-1,untreated,bulk,-0.06593313489641463,0.015371118113276041,0.2981439951553971
GSM7791000_TAACCAGCAAACAGGC-1,untreated,bulk,0.030741821016584125,0.012677014871300312,-0.07439005734528543
GSM7791000_TAACCAGGTTCACCGG-1,untreated,bulk,-0.03147323366195434,0.005220638806950603,-0.10659623517218196
GSM7791000_TAACCAGTCCCATAGA-1,untreated,bulk,-0.16964547187562973,0.009737349113254926,-0.20818741640247804
GSM7791000_TAACGACCACGCGTCA-1,untreated,bulk,-0.0459131700273544,0.011557496897116834,-0.14514212569974244
GSM7791000_TAACGACCACTTTAGG-1,untreated,bulk,-0.07218800332811143,0.010831783797701213,-0.010852257057319703
GSM7791000_TAACGACCAGTCACGC-1,untreated,bulk,-0.03011706125168573,0.005202662620301394,-0.17116276214887347
GSM7791000_TAACGACCATCATTTC-1,untreated,bulk,-0.20406962481756058,0.009698346362120214,-0.056383291791303865
GSM7791000_TAACGACGTATTGGCT-1,untreated,bulk,-0.05115858963557651,0.009978325253823958,-0.11395053528723993
GSM7791000_TAACGACGTTAGCGGA-1,untreated,bulk,0.06278663998558406,0.017961864008554592,0.39891597947331847
GSM7791000_TAACGACGTTGGAGGT-1,untreated,bulk,-0.0032395277326069116,0.010719028297797417,-0.13059228634211828
GSM7791000_TAACTTCAGACTAAGT-1,untreated,bulk,-0.172618646432483,0.006738355129892247,-0.11636914055209605
GSM7791000_TAACTTCAGTTGAAAC-1,untreated,bulk,0.252976323687841,0.012561710548361651,0.008426374743264287
GSM7791000_TAACTTCCAGCTGAGA-1,untreated,bulk,-0.11568092792753189,0.009881411050287538,-0.13398087972821124
GSM7791000_TAACTTCCAGGCCCTA-1,untreated,bulk,-0.1416907501220703,0.012219378290351964,0.1587972444179746
GSM7791000_TAACTTCCATACTTTC-1,untreated,bulk,-0.010104643806578634,0.009395126604582207,0.10605347333575452
GSM7791000_TAACTTCCATCTAGAC-1,untreated,bulk,-0.013407017844063895,0.011360849810422905,-0.16150323032138644
GSM7791000_TAACTTCGTAGGTACG-1,untreated,bulk,-0.010878877185639874,0.006535326930793285,0.10073468728655166
GSM7791000_TAACTTCGTGACTCTA-1,untreated,bulk,-0.0997043748885866,0.013276553488772465,-0.06646375952736065
GSM7791000_TAACTTCGTGCGGATA-1,untreated,bulk,0.0011682349916488366,0.005984104277907282,-0.15179121341277094
GSM7791000_TAACTTCGTTGGATCT-1,untreated,bulk,0.11230319780016704,0.008107655131382651,-0.03186814454019986
GSM7791000_TAAGCACAGGGTACAC-1,untreated,bulk,0.015927629924955833,0.012157288682858532,-0.01953007484814925
GSM7791000_TAAGCACCACATGTTG-1,untreated,bulk,0.09085022351098443,0.00803144893269338,-0.05743713784308369
GSM7791000_TAAGCACCAGCTCGGT-1,untreated,bulk,-0.023903330848330545,0.010433754585789524,-0.14697103394411676
GSM7791000_TAAGCACGTCAAACGG-1,untreated,bulk,0.042483433011978405,0.007257276156746857,-0.08695994064154924
GSM7791000_TAAGCACTCGCCTATC-1,untreated,bulk,-0.1051778835720486,0.006966368795547389,-0.03359363430451294
GSM7791000_TAAGCCAAGAGTGGCT-1,untreated,bulk,0.03952661953275163,0.007423690716688387,-0.12423966730984304
GSM7791000_TAAGCCAAGGACTGGT-1,untreated,bulk,0.037350444945078054,0.010903577243170594,-0.17722484906970226
GSM7791000_TAAGCCAAGGGTATAT-1,untreated,bulk,-0.05909474403139142,0.008515649727556815,-0.1578098582776706
GSM7791000_TAAGCCACAACGGCCT-1,untreated,bulk,-0.08811192391410705,0.005757858615715381,-0.21067084489124535
GSM7791000_TAAGCCACACCTGATA-1,untreated,bulk,-0.13608849661690847,0.019306251251747612,0.34604322121856784
GSM7791000_TAAGCCACAGAAGTGC-1,untreated,bulk,-0.08389459337506976,0.019533800583681128,0.2851827253086496
GSM7791000_TAAGCCATCCAATCCC-1,untreated,bulk,-0.12348587005857438,0.01059497616770157,-0.26399745791857615
GSM7791000_TAAGCCATCGCAGTGC-1,untreated,bulk,-0.08567650931222098,0.01792810152051473,0.309228532418546
GSM7791000_TAAGCGTAGGCCCACT-1,untreated,bulk,-0.10158803175366116,0.011583073192914989,-0.1220039719393045
GSM7791000_TAAGCGTCAATGAGCG-1,untreated,bulk,0.058654256548200334,0.012380720743448922,-0.08331159166962901
GSM7791000_TAAGCGTCACAAATAG-1,untreated,bulk,0.02433875212593685,0.0238934575849163,0.3538644721478273
GSM7791000_TAAGCGTCACTGTCGG-1,untreated,bulk,-0.07190974909161765,0.008407666801326152,-0.09920995423533918
GSM7791000_TAAGCGTCACTTTATC-1,untreated,bulk,-0.01701246655176558,0.009593558392857202,-0.10849537469706481
GSM7791000_TAAGCGTCAGTCGAGA-1,untreated,bulk,-0.0659020015171596,0.016553323088796965,0.12342258921601576
GSM7791000_TAAGCGTGTACAACGG-1,untreated,bulk,-0.031154931991819346,0.010279218345994096,-0.13191679242226836
GSM7791000_TAAGCGTGTTCAAGTC-1,untreated,bulk,-0.09704273768833706,0.01893410082954363,0.34265031663943546
GSM7791000_TAAGCGTGTTGGTACT-1,untreated,bulk,-0.02569152438451372,0.014164091480762765,0.022733651222500092
GSM7791000_TAAGCGTTCCACGAAT-1,untreated,bulk,0.03661474106803772,0.011361118562430514,-0.08205839251325661
GSM7791000_TAAGTCGAGCCAAGCA-1,untreated,bulk,-0.08898520166911777,0.007766768982978932,-0.1041133865279331
GSM7791000_TAAGTCGAGGTTTGAA-1,untreated,bulk,0.027944157766917388,0.010699632163014809,-0.1784026109483454
GSM7791000_TAAGTCGCAAAGGCTG-1,untreated,bulk,-0.04350178078999595,0.013045691170881318,0.027883057593334
GSM7791000_TAAGTCGGTAGCCCTG-1,untreated,bulk,-0.11759824484113664,0.013700807365070705,0.008998989353434433
GSM7791000_TAAGTCGGTTAATGAG-1,untreated,bulk,-0.1041113165068248,0.016684284849807534,0.04804254913546255
GSM7791000_TAAGTCGTCGTGACTA-1,untreated,bulk,-0.03433120841071721,0.010452658411847726,-0.027814382115700774
GSM7791000_TAATCTCCAGGCCCTA-1,untreated,bulk,-0.014938887603699214,0.012498972707338882,0.028910577889678143
GSM7791000_TAATCTCCAGTCAACT-1,untreated,bulk,-0.08814910828121125,0.010980005171004151,-0.04879658619648855
GSM7791000_TAATCTCCATCTGGGC-1,untreated,bulk,0.12024864999074786,0.009565468032279478,-0.0016595531593512076
GSM7791000_TAATCTCCATGCAGCC-1,untreated,bulk,-0.19411162508858576,0.0076547216381146485,-0.08240856871246517
GSM7791000_TAATCTCGTATTAAGG-1,untreated,bulk,-0.14610201154436384,0.016515916790794345,0.12094353580169079
GSM7791000_TAATCTCGTGATTCTG-1,untreated,bulk,-0.1239288411821638,0.007365321878119586,-0.06266885398163544
GSM7791000_TAATCTCGTTGTGGAG-1,untreated,bulk,-0.15032882300634234,0.009147906342341642,-0.021568839944734613
GSM7791000_TAATCTCTCCCAGGAC-1,untreated,bulk,0.09487592772831996,0.006137517045066817,-0.10036760955099891
GSM7791000_TAATCTCTCCTTTGAT-1,untreated,bulk,-0.12742984518172248,0.009653545525226528,-0.06617819217179693
GSM7791000_TAATCTCTCGCTGTTC-1,untreated,bulk,-0.047361869812011716,0.022091503945772396,0.5133064690319044
GSM7791000_TAATTCCGTCCTGGGT-1,untreated,bulk,-0.01010927609034947,0.02043037406590914,0.538568475306211
GSM7791000_TAATTCCGTGACTCGC-1,untreated,bulk,0.013889585979401126,0.010203092836431654,-0.04525801811163152
GSM7791000_TAATTCCTCCGTCAAA-1,untreated,bulk,-0.20661791120256695,0.011676491291235006,-0.053224712873101356
GSM7791000_TAATTCCTCGCCACTT-1,untreated,bulk,0.00952750387645901,0.010112943026374803,-0.09318319468875583
GSM7791000_TACACCCCAACTCGAT-1,untreated,bulk,-0.07406241681840686,0.00930613217465248,-0.12672798661002507
GSM7791000_TACACCCCATGTGTCA-1,untreated,bulk,0.02325719878787083,0.007754626071501409,-0.2147105816123953
GSM7791000_TACACCCGTCTCGGGT-1,untreated,bulk,-0.040898969514029354,0.010475998727807663,-0.14818640090459326
GSM7791000_TACACCCTCACAAGAA-1,untreated,bulk,-0.03277751529027545,0.011261822995142088,-0.10127052575833978
GSM7791000_TACACCCTCTCCGATC-1,untreated,bulk,-0.15428561256045387,0.006647821970609587,-0.013206567332777678
GSM7791000_TACACCCTCTGCTTTA-1,untreated,bulk,0.052920990595741846,0.009752320882136619,-0.14637024374880223
GSM7791000_TACAGGTAGGCATGCA-1,untreated,bulk,-0.1732996368408203,0.011434157711792419,-0.09799428023621623
GSM7791000_TACAGGTCATCAGCAT-1,untreated,bulk,-0.1171623774937221,0.023665259859064258,0.5270645562032658
GSM7791000_TACAGGTGTACTTGTG-1,untreated,bulk,0.2015145360855829,0.030032052468261856,0.07770881017423929
GSM7791000_TACAGGTGTAGATTAG-1,untreated,bulk,-0.0518936266217913,0.022067814863042462,0.5693433984892138
GSM7791000_TACAGGTGTTCTCCAC-1,untreated,bulk,0.0986282624138726,0.011032529553553638,-0.09784718225711604
GSM7791000_TACAGGTTCTACGGGC-1,untreated,bulk,-0.00839692978631884,0.009534733563440284,-0.06557149711599791
GSM7791000_TACATTCAGAAGTATC-1,untreated,bulk,0.0563411275167314,0.010526248680657182,-0.12304613287794709
GSM7791000_TACATTCAGTGAGTTA-1,untreated,bulk,-0.23176016682670234,0.007873358037321601,-0.1692520480337303
GSM7791000_TACATTCCAATCACGT-1,untreated,bulk,0.05359604926336378,0.023392934542749405,0.31050076545223504
GSM7791000_TACATTCCACCGTACG-1,untreated,bulk,-0.16312064034598214,0.016193715892607156,0.03187819568484246
GSM7791000_TACATTCCATCCGAGC-1,untreated,bulk,-0.0352886174217103,0.014124825901550484,0.027233530888176472
GSM7791000_TACATTCGTAATTGGA-1,untreated,bulk,-0.019181831602066268,0.008117763685528726,-0.021088137490559485
GSM7791000_TACATTCGTACAGAAT-1,untreated,bulk,-0.05754514421735491,0.0176728638445626,0.47370176773456596
GSM7791000_TACCCACAGATCACTC-1,untreated,bulk,-0.16268815411461723,0.00785469651301806,-0.15875079111088336
GSM7791000_TACCCACAGCGTGAGT-1,untreated,bulk,0.04264273219638401,0.009745236658595596,-0.04350748427927215
GSM7791000_TACCCACCACATATCG-1,untreated,bulk,0.044830814089093896,0.006244738693811794,-0.019843988991632908
GSM7791000_TACCCACGTACCGGAA-1,untreated,bulk,-0.04843819379806519,0.014428209736579031,0.01569741523742272
GSM7791000_TACCCACGTGACAGGT-1,untreated,bulk,-0.04124928459288582,0.011350957616691418,-0.1307284012102774
GSM7791000_TACCCGTCAGCGGTCT-1,untreated,bulk,-0.10197214232550728,0.007706534798792959,-0.1782714775878342
GSM7791000_TACCCGTCAGCTGAAG-1,untreated,bulk,-0.11646361298031277,0.0034611891239295645,-0.10839638547913813
GSM7791000_TACCCGTGTGCGTGCT-1,untreated,bulk,-0.08390775990864588,0.014154593017165767,0.052335310496012456
GSM7791000_TACCGAAAGGCTGAAC-1,untreated,bulk,-0.17377472370389907,0.0092385987115704,-0.1507829241373636
GSM7791000_TACCGAAAGTAGTCTC-1,untreated,bulk,-0.05321735715109205,0.0057749161386642925,-0.024060775643249155
GSM7791000_TACCGAACAAATACAG-1,untreated,bulk,-0.05891690935407366,0.024771327971774396,0.40689016136487494
GSM7791000_TACCGAACATACATCG-1,untreated,bulk,-0.11423008676559206,0.020203957642777135,-0.05240989085519648
GSM7791000_TACCGAAGTCGAACAG-1,untreated,bulk,-0.11573095616840182,0.00842295523044046,-0.10826344369010993
GSM7791000_TACCGAAGTTCCACGG-1,untreated,bulk,0.0716161072443402,0.009442282655165776,-0.08161747470425533
GSM7791000_TACCGAATCATGCCCT-1,untreated,bulk,-0.11154994336385576,0.0073039611287950695,-0.15756549172050363
GSM7791000_TACCGAATCGACATAC-1,untreated,bulk,-0.115071651519291,0.017222588943838112,0.07179630029282597
GSM7791000_TACCGAATCGGAACTT-1,untreated,bulk,-0.08815272126879012,0.009778115052748622,-0.12595041219792072
GSM7791000_TACCGAATCGGCATCG-1,untreated,bulk,0.07822747911725725,0.007689370917754555,-0.057878505086869245
GSM7791000_TACCGGGAGTCGCGAA-1,untreated,bulk,-0.030621706947447758,0.006270979304531157,-0.14340172795023487
GSM7791000_TACCGGGCAAACACCT-1,untreated,bulk,0.05862333872961617,0.009410994552320624,-0.14364990697069496
GSM7791000_TACCGGGTCCATGCAA-1,untreated,bulk,-0.05929031311519564,0.00723868985377688,-0.15287203707257024
GSM7791000_TACCGGGTCTAACACG-1,untreated,bulk,-0.08499164036342076,0.023394848584465104,0.3912905095036523
GSM7791000_TACCTCGCATTGACCA-1,untreated,bulk,0.12281575369456457,0.014934518745352019,-0.05389735162619186
GSM7791000_TACCTCGTCCAGTGTA-1,untreated,bulk,-0.10293601611303906,0.011523413513970973,0.0419373271011706
GSM7791000_TACCTCGTCCGATAGT-1,untreated,bulk,-0.13536957831609817,0.012325324602949043,-0.13400630626634974
GSM7791000_TACCTCGTCTCGGTAA-1,untreated,bulk,-0.12997607352241636,0.004398867332292353,-0.14857472379212475
GSM7791000_TACCTGCGTAAGTTGA-1,untreated,bulk,-0.045418795744578036,0.015191489890693952,-0.06498390686714234
GSM7791000_TACCTGCTCATCGACA-1,untreated,bulk,0.02373308908371699,0.012182335048458504,-0.15178818388494408
GSM7791000_TACGCTCCAGTGGTGA-1,untreated,bulk,-0.08468301629263258,0.010606339923712375,-0.06695593935657689
GSM7791000_TACGCTCGTCAGGAGT-1,untreated,bulk,-0.1386778806126307,0.010172754464080178,-0.22405536352436747
GSM7791000_TACGCTCGTCGCATCG-1,untreated,bulk,-0.07369515089761643,0.01277962019233487,0.024154120763671346
GSM7791000_TACGCTCTCCATTGCC-1,untreated,bulk,0.03413546456231009,0.007502333095614109,-0.0753535008351334
GSM7791000_TACGCTCTCGAAGAAT-1,untreated,bulk,-0.030337604492429726,0.009024930206487963,-0.09205752626703453
GSM7791000_TACGCTCTCGACCATA-1,untreated,bulk,-0.0013831563979860295,0.01235025071160305,-0.06845337781212023
GSM7791000_TACGCTCTCGACGCGT-1,untreated,bulk,0.1781620289030529,0.00502741705980131,-0.14057276988269482
GSM7791000_TACGCTCTCGTAGCCG-1,untreated,bulk,-0.02548778344714453,0.008454648298475012,-0.04535864556990815
GSM7791000_TACGCTCTCTTCGTAT-1,untreated,bulk,-0.02037386583903479,0.01578130732333854,0.07913961542306282
GSM7791000_TACGGGCAGAAGAGCA-1,untreated,bulk,-0.09918103078055003,0.013259850912485906,-0.08275123399753187
GSM7791000_TACGGGCCATAATCCG-1,untreated,bulk,-0.04554522393241761,0.00574039221563899,-0.1449525117741313
GSM7791000_TACGGGCGTGAGTCAG-1,untreated,bulk,0.23683972101362924,0.010961264840300456,-0.06539775173337015
GSM7791000_TACGGGCTCGAGCCAC-1,untreated,bulk,0.0017599461570618757,0.006513485409064373,-0.180483193818322
GSM7791000_TACGGTAAGTACAACA-1,untreated,bulk,-0.018861516922239308,0.004527222001873691,-0.10328825404804154
GSM7791000_TACGGTACAGTACTAC-1,untreated,bulk,-0.06144093301561143,0.008487747059609401,-0.16854497241513378
GSM7791000_TACGGTAGTCACGACC-1,untreated,bulk,-0.12216293524182031,0.011863701070373683,-0.05982217018596813
GSM7791000_TACGGTAGTTACACAC-1,untreated,bulk,-0.12042438143775577,0.005588479319452772,-0.15896040523675134
GSM7791000_TACGGTATCGAACTCA-1,untreated,bulk,-0.035427660033816394,0.004820411317177266,-0.21754717401585855
GSM7791000_TACGTCCAGAGAACCC-1,untreated,bulk,-0.1992554870484367,0.007324524785410659,-0.019262090926758672
GSM7791000_TACGTCCAGTCATGCT-1,untreated,bulk,0.03869239110795278,0.015854951086633345,0.020066457014815544
GSM7791000_TACGTCCGTTTAGAGA-1,untreated,bulk,-0.005661268385629803,0.009706608677217999,-0.23907498792931847
GSM7791000_TACGTCCTCCTGGGTG-1,untreated,bulk,0.08719189507620675,0.014650963131867784,-0.03855119722711891
GSM7791000_TACTGCCAGCAGCGAT-1,untreated,bulk,-0.09371712820870536,0.017293823111677424,0.1431641464937307
GSM7791000_TACTGCCAGCTACTGT-1,untreated,bulk,-0.007015278982737683,0.0036148871438291545,-0.21782334939612927
GSM7791000_TACTGCCAGGACGCTA-1,untreated,bulk,-0.1367169863837106,0.006278753310468605,-0.023240397088660904
GSM7791000_TACTGCCCAGGGAGAG-1,untreated,bulk,-0.12517022057185098,0.012134082599007372,-0.21081784937189532
GSM7791000_TACTGCCGTAGTCTTG-1,untreated,bulk,0.20143755307273262,0.007239438739539294,-0.1957140951571355
GSM7791000_TACTGCCTCAGTCAGT-1,untreated,bulk,-0.06740095252082462,0.014481006209216636,-0.23353908238860535
GSM7791000_TACTGCCTCGGTAAGG-1,untreated,bulk,0.11073099772135415,0.02076715678893291,0.47288485558407667
GSM7791000_TACTTACAGTGGATAT-1,untreated,bulk,-0.1568561333701724,0.010276463604996669,-0.07293514253633762
GSM7791000_TACTTACCAACTGGTT-1,untreated,bulk,-0.08638829322088332,0.008688493013796119,-0.15017381936471336
GSM7791000_TACTTACCACAGTATC-1,untreated,bulk,-0.09168053225865438,0.005818075618143511,-0.21423272638219887
GSM7791000_TACTTACCAGGAGGTT-1,untreated,bulk,-0.12206317379361106,0.008992540019026768,-0.011710900662385684
GSM7791000_TACTTACCATCTTCGC-1,untreated,bulk,-0.10051943631399245,0.013601981600940798,-0.06055074155581377
GSM7791000_TACTTCAAGCCTCTCT-1,untreated,bulk,0.13909237452915738,0.01697998839245334,0.2719716700910669
GSM7791000_TACTTCACACAGACGA-1,untreated,bulk,-0.23483259940904286,0.008132671006884638,-0.2082157104560651
GSM7791000_TACTTCATCTTTGCTA-1,untreated,bulk,-0.020095825043935617,0.014481238607092772,-0.015928890107826478
GSM7791000_TACTTGTAGACGGTCA-1,untreated,bulk,0.15668283159770663,0.007672222046707229,-0.09131670611762141
GSM7791000_TACTTGTAGGTCGTAG-1,untreated,bulk,0.06683457177782814,0.010660238969268874,-0.029691023298336592
GSM7791000_TACTTGTAGTTCATCG-1,untreated,bulk,-0.044456189624846904,0.004756901481953896,-0.12860588348202415
GSM7791000_TACTTGTAGTTTGGCT-1,untreated,bulk,-0.051927083333333346,0.010536861835589028,0.04041204551458726
GSM7791000_TACTTGTCATGTTCAG-1,untreated,bulk,-0.08455253056117466,0.018834623584173857,0.4490985114226677
GSM7791000_TACTTGTTCTCTTGCG-1,untreated,bulk,0.09639113184005493,0.010701151679346314,-0.012588977350996651
GSM7791000_TAGACCAAGAGCTTTC-1,untreated,bulk,-0.005387608588687948,0.011705854328709329,-0.022175644124611125
GSM7791000_TAGACCAAGATTTGCC-1,untreated,bulk,0.012663618647862987,0.019259087935855353,0.3063788898180417
GSM7791000_TAGACCAAGGTAAACT-1,untreated,bulk,-0.07281519208635602,0.023403322116849614,0.3632940644958191
GSM7791000_TAGACCAAGGTTCTTG-1,untreated,bulk,-0.23989756968286305,0.0058243075521218915,-0.060407243710725755
GSM7791000_TAGACCACATGACTTG-1,untreated,bulk,0.09056402675689212,0.017444534243415858,-0.06503553240156004
GSM7791000_TAGACCAGTTGGGACA-1,untreated,bulk,0.14657493091764903,0.012035855355741363,-0.08893518646832183
GSM7791000_TAGACCATCCCGTAAA-1,untreated,bulk,-0.029716282193622878,0.007705756640281671,-0.13157114006455575
GSM7791000_TAGACCATCTACTTCA-1,untreated,bulk,0.0061082098219129854,0.006434940257218014,-0.07977378324462157
GSM7791000_TAGACTGAGCGACTAG-1,untreated,bulk,-0.00931415058317639,0.008687036283452257,-0.13817481545736965
GSM7791000_TAGACTGAGCTGCGAA-1,untreated,bulk,0.03135449878753177,0.008548009162135682,-0.19938909815058783
GSM7791000_TAGACTGCAGAAGCTG-1,untreated,bulk,-0.09754599711251637,0.010962139424376531,-0.056574310752778835
GSM7791000_TAGACTGGTCATACCA-1,untreated,bulk,0.10155625403873506,0.018943220064357218,0.19228772855933185
GSM7791000_TAGACTGGTCGCGTCA-1,untreated,bulk,0.016473120961870452,0.011919108355969776,-0.1835857409096409
GSM7791000_TAGACTGGTCGTTTCC-1,untreated,bulk,-0.15654095770820742,0.009444675708589392,-0.1609175330161014
GSM7791000_TAGACTGTCAGACCGC-1,untreated,bulk,-0.11572931562151227,0.020201710834337465,0.49932796211655966
GSM7791000_TAGACTGTCCTCTCGA-1,untreated,bulk,0.03490039038279699,0.014775547940685661,-0.03515347900040912
GSM7791000_TAGACTGTCTCGTCAC-1,untreated,bulk,-0.055137340000697546,0.018882360162205545,0.45668198918403896
GSM7791000_TAGAGTCAGGAGGTTC-1,untreated,bulk,-0.06951604888552712,0.005729453877913267,-0.10714438195600651
GSM7791000_TAGAGTCAGGGATCTG-1,untreated,bulk,-0.11227508946070597,0.012252096193806614,-0.0449970876127698
GSM7791000_TAGAGTCAGGTTCAGG-1,untreated,bulk,-0.12021676195992363,0.01004765376065635,-0.08073194830841383
GSM7791000_TAGAGTCAGTCTGGTT-1,untreated,bulk,-0.10659036984519352,0.0037481925904503514,-0.1334338912322497
GSM7791000_TAGAGTCCATACCATG-1,untreated,bulk,-0.017459110229734398,0.012646353693462816,-0.1775196399115109
GSM7791000_TAGAGTCCATGCCGCA-1,untreated,bulk,-0.02664483410971505,0.010788570221408167,-0.14069692285461174
GSM7791000_TAGAGTCGTAGAGCTG-1,untreated,bulk,-0.07797271175990028,0.01122811372899039,-0.14976157971846765
GSM7791000_TAGAGTCGTATCGCTA-1,untreated,bulk,-0.09653738733321898,0.006430641957583157,-0.17739088729264094
GSM7791000_TAGAGTCGTCAGGCAA-1,untreated,bulk,-0.11124629035828604,0.013685039831958908,-0.1352392815822475
GSM7791000_TAGAGTCGTCGGTACC-1,untreated,bulk,-0.030313873442392503,0.012032365671279627,-0.00632753677156172
GSM7791000_TAGAGTCGTTCCGGTG-1,untreated,bulk,-0.026110829095991828,0.007101861243784206,-0.03810854708903864
GSM7791000_TAGATCGAGATTGACA-1,untreated,bulk,-0.05841211061629037,0.011162221803294695,0.03706290899136444
GSM7791000_TAGATCGCACGTTGGC-1,untreated,bulk,-0.017870116460890983,0.008317117691840991,-0.03926743418423309
GSM7791000_TAGATCGGTTATCCAG-1,untreated,bulk,0.06340892791748046,0.008929689730970681,-0.17685310223644576
GSM7791000_TAGCACAAGAATTCAG-1,untreated,bulk,-0.06295239191206675,0.007697665246415511,-0.05149592152089213
GSM7791000_TAGCACAAGCAATTAG-1,untreated,bulk,-0.05919348353431339,0.006289815258718436,-0.14649575022719774
GSM7791000_TAGCACAGTGGACCTC-1,untreated,bulk,-0.16207515727906002,0.004182164821180791,-0.17209598251027985
GSM7791000_TAGCACATCGAATGCT-1,untreated,bulk,-0.10333991194528247,0.01488428239835927,-0.057822975833814946
GSM7791000_TAGGAGGAGTCATAGA-1,untreated,bulk,-0.07020621708461217,0.019786563415792546,0.5216821451803549
GSM7791000_TAGGAGGAGTGCGTCC-1,untreated,bulk,-0.11102930144658166,0.011230190653612866,-0.06511102950443737
GSM7791000_TAGGAGGCAGCAGAAC-1,untreated,bulk,-0.06642879243880984,0.007545637498258797,-0.09277525042931675
GSM7791000_TAGGAGGGTCAAACGG-1,untreated,bulk,0.016685860043480272,0.013809314806962323,-0.07694688112960378
GSM7791000_TAGGAGGTCAACTGGT-1,untreated,bulk,-0.045665063858032234,0.007566845304520485,-0.07902088709843574
GSM7791000_TAGGAGGTCGCTGCGA-1,untreated,bulk,-0.04808337045094324,0.005305131972803277,-0.1024072206012227
GSM7791000_TAGGGTTAGGCAGGGA-1,untreated,bulk,-0.035240917205810574,0.004175965818798433,-0.1462341134970083
GSM7791000_TAGGGTTGTCACTGAT-1,untreated,bulk,-0.054082500291249114,0.013490969446417013,-0.06291818499768516
GSM7791000_TAGGGTTGTCATAACC-1,untreated,bulk,-0.009358463287353515,0.019203574853644954,0.34200298927743367
GSM7791000_TAGGGTTGTCCGTACG-1,untreated,bulk,-0.1309885699408395,0.010556906621289174,-0.11402255308679654
GSM7791000_TAGGGTTGTTAATGAG-1,untreated,bulk,-0.031089717092968178,0.010522508555034634,0.03780477388144222
GSM7791000_TAGGGTTGTTCATCTT-1,untreated,bulk,0.024411205564226435,0.006648187663238746,-0.18823692374166748
GSM7791000_TAGGGTTTCACGTAGT-1,untreated,bulk,-0.0186178666069394,0.00898757177118162,-0.06567531924288086
GSM7791000_TAGGGTTTCAGTCAGT-1,untreated,bulk,-0.06330759010617695,0.009948363271721189,-0.03734882706846718
GSM7791000_TAGGGTTTCATCTATC-1,untreated,bulk,0.006721885469224725,0.015392501961295093,0.06592194670558037
GSM7791000_TAGGTACCAAATGCTC-1,untreated,bulk,-0.06686502047947473,0.009077834085357471,-0.10030221939464277
GSM7791000_TAGGTACCACGTTCGG-1,untreated,bulk,-0.030543545314243862,0.021484802045600587,0.5559064020150284
GSM7791000_TAGGTACCACTAACCA-1,untreated,bulk,-0.14884444100516184,0.01586903685883695,0.026601137607233843
GSM7791000_TAGGTACGTATGCTTG-1,untreated,bulk,-0.11094300406319754,0.0167075371459779,0.07513843927292656
GSM7791000_TAGGTACTCCTAGCTC-1,untreated,bulk,-0.00751892248789468,0.014671273164568257,-0.07832089628932518
GSM7791000_TAGGTTGAGAATTTGG-1,untreated,bulk,0.23836264474051339,0.010806176343260802,0.00933698844474623
GSM7791000_TAGGTTGAGACCACGA-1,untreated,bulk,-0.14797030025058322,0.0069645722962825545,-0.120354718051414
GSM7791000_TAGGTTGCAGACCAGA-1,untreated,bulk,-0.0933874710022457,0.009293992572233189,-0.20321322954794396
GSM7791000_TAGGTTGCAGCCGGTT-1,untreated,bulk,0.001837658655075819,0.013294847646378902,-0.024758744584144253
GSM7791000_TAGGTTGCAGTATTCG-1,untreated,bulk,0.0992510930318681,0.009318286413682698,-0.04900159424988849
GSM7791000_TAGGTTGTCGGTCGGT-1,untreated,bulk,-0.135281982421875,0.02495590141469616,0.21696422297389048
GSM7791000_TAGTGCACACTGCGAC-1,untreated,bulk,-0.12112581525530133,0.01890052381313437,0.3215699228900572
GSM7791000_TAGTGCAGTACAACGG-1,untreated,bulk,0.12260300378950814,0.006820838847147787,-0.14503697500601784
GSM7791000_TAGTGCAGTAGCGAGT-1,untreated,bulk,-0.03853181596786254,0.005457951214303263,0.06248593024782651
GSM7791000_TAGTGCAGTCAGGTAG-1,untreated,bulk,0.05515120203532872,0.00981577777337808,-0.05046560136048243
GSM7791000_TAGTGCATCCTCTCGA-1,untreated,bulk,-0.08773700101034981,0.008944518525746023,-0.10718670913147768
GSM7791000_TAGTGCATCGGTCTGG-1,untreated,bulk,0.023812951738872212,0.00737602231890587,-0.17077411893360422
GSM7791000_TAGTGCATCTTGATTC-1,untreated,bulk,0.066103546051752,0.014009533849398102,-0.07844186457709745
GSM7791000_TATACCTCATGTACGT-1,untreated,bulk,0.09848551205226354,0.021794770839551936,0.44499434292235845
GSM7791000_TATACCTGTATGATCC-1,untreated,bulk,-0.1341615868750073,0.011199361830962132,-0.12381482092222588
GSM7791000_TATATCCAGAGAATCT-1,untreated,bulk,-0.11950554983956473,0.011867838747293724,-0.011264419976208258
GSM7791000_TATATCCCACAAAGCG-1,untreated,bulk,0.00024959851825048784,0.0106404297206869,-0.07016992075460629
GSM7791000_TATATCCCAGTAGAAT-1,untreated,bulk,-0.02308531397864931,0.01622860291592343,0.06705809060549829
GSM7791000_TATATCCTCGATGGAG-1,untreated,bulk,-0.07046176032414511,0.005971469768544433,-0.2001529430631729
GSM7791000_TATATCCTCGCAATGT-1,untreated,bulk,-0.024444942322988383,0.006197128318215852,-0.12498333884870999
GSM7791000_TATATCCTCTCGCCTA-1,untreated,bulk,-0.07629157054991949,0.008872403228614479,-0.05620763995633829
GSM7791000_TATATCCTCTCTGCCA-1,untreated,bulk,-0.07993609519231887,0.005607857053727155,-0.10013387005548763
GSM7791000_TATCAGGAGGACTAAT-1,untreated,bulk,-0.02962184913574703,0.008267566957466627,-0.1815974116241779
GSM7791000_TATCAGGAGGCGCTCT-1,untreated,bulk,-0.16371265956333705,0.015058448101348614,0.1293845516293464
GSM7791000_TATCAGGCAGATCACT-1,untreated,bulk,0.14644126468234592,0.016009298581898295,0.01657401857003466
GSM7791000_TATCAGGCAGATTCGT-1,untreated,bulk,0.08067988653031605,0.005692610880187819,-0.21041543883924455
GSM7791000_TATCAGGGTCGGCACT-1,untreated,bulk,-0.0787546503733075,0.013626656782742688,-0.145874463746495
GSM7791000_TATCAGGGTGGCTACC-1,untreated,bulk,-0.12736211678338427,0.013951073873028493,-0.03171969243550252
GSM7791000_TATCAGGTCCATCGTC-1,untreated,bulk,-0.21588897705078125,0.03146795861106339,0.12331640742222855
GSM7791000_TATCCTAAGGCTAGCA-1,untreated,bulk,0.020400884113614515,0.007430923138295326,0.04853764541236301
GSM7791000_TATCCTACAGTAGATA-1,untreated,bulk,-0.052826369149344306,0.021766668097895677,0.569140865042591
GSM7791000_TATCCTAGTACCTATG-1,untreated,bulk,-0.1388772081571912,0.02583070987067444,-0.05109436401760109
GSM7791000_TATCCTAGTCTTGAAC-1,untreated,bulk,-0.03746860231672015,0.018773005900283385,0.5067769348973025
GSM7791000_TATCCTAGTTAAACCC-1,untreated,bulk,0.04720466432117282,0.0068978636490438705,-0.02963624660372169
GSM7791000_TATCCTATCGCCATAA-1,untreated,bulk,-0.10033101736553132,0.006857127588895909,-0.06730792724772883
GSM7791000_TATCGCCAGAATCGCG-1,untreated,bulk,-0.15486032868188523,0.009876070819724608,0.060670731632202136
GSM7791000_TATCGCCAGTACCATC-1,untreated,bulk,-0.054538531833224824,0.008727110508529614,-0.16457261752159533
GSM7791000_TATCGCCTCCAATGCA-1,untreated,bulk,0.004208673825339654,0.005867098296834951,-0.17200716947467923
GSM7791000_TATCGCCTCCACAGCG-1,untreated,bulk,-0.07988524800255184,0.011189338934945016,-0.05144423811635738
GSM7791000_TATCTGTAGTATGGCG-1,untreated,bulk,-0.026492274223812035,0.010071314113172095,0.01344525130430266
GSM7791000_TATCTGTAGTTATGGA-1,untreated,bulk,-0.04665627615792411,0.02188764341778715,0.4858453743185136
GSM7791000_TATCTGTCATTGCTGA-1,untreated,bulk,0.15255354336329868,0.009725209586034315,-0.06709447846667746
GSM7791000_TATCTGTTCACCTCGT-1,untreated,bulk,-0.20687079293387275,0.013086052353325215,-0.036864576282940695
GSM7791000_TATCTGTTCCCTAGGG-1,untreated,bulk,-0.20911008562360492,0.00852888380314033,-0.2668343840152747
GSM7791000_TATCTGTTCGGTCTGG-1,untreated,bulk,-0.15092858564286005,0.015691685612362328,0.036704594478227034
GSM7791000_TATCTTGAGTGATAAC-1,untreated,bulk,-0.09420923505510603,0.01959979168883745,0.17866179499771925
GSM7791000_TATCTTGCACGTTGGC-1,untreated,bulk,0.019787062993125326,0.008840924961080411,-0.17755289002801214
GSM7791000_TATCTTGCAGTATGAA-1,untreated,bulk,-0.09532818385532923,0.02516193956554691,0.5316125021956024
GSM7791000_TATCTTGCATTCCTCG-1,untreated,bulk,-0.08999405497596377,0.00987983727758258,-0.06440137812631229
GSM7791000_TATCTTGGTTAGCTAC-1,untreated,bulk,-0.16846481115098982,0.003292082986560624,-0.06812312171648838
GSM7791000_TATCTTGTCAACCGAT-1,untreated,bulk,0.1832174982343401,0.011383019371486607,-0.1336173644588244
GSM7791000_TATCTTGTCACTACGA-1,untreated,bulk,-0.19156111130638728,0.008308856402203952,-0.2435926617193075
GSM7791000_TATCTTGTCCCATAAG-1,untreated,bulk,-0.03942579814365932,0.024360921112053468,0.5656297088315388
GSM7791000_TATCTTGTCTCCGAAA-1,untreated,bulk,-0.14067722865513393,0.015520340279826055,0.06471380247065696
GSM7791000_TATCTTGTCTGGTCAA-1,untreated,bulk,-0.07751838093712213,0.005777917394054655,-0.18364274867783265
GSM7791000_TATCTTGTCTTACCAT-1,untreated,bulk,-0.0700969254024445,0.007087418736325767,-0.14424397356917115
GSM7791000_TATGTTCAGCTCGTGC-1,untreated,bulk,-0.1425199464010814,0.007563140743233562,-0.1418768347930772
GSM7791000_TATGTTCCAGCAGTGA-1,untreated,bulk,-0.16819277082170758,0.016032469190194458,-0.11033095342736586
GSM7791000_TATGTTCCATGCTGCG-1,untreated,bulk,0.12162704770527188,0.008017009821057674,-0.023429767175391938
GSM7791000_TATGTTCGTCCTACAA-1,untreated,bulk,0.08120834956093437,0.004527550887017272,-0.10067762258240648
GSM7791000_TATGTTCGTGTGTACT-1,untreated,bulk,-0.0593758119098724,0.012763327515467578,-0.20114282323497615
GSM7791000_TATGTTCTCTTCTAAC-1,untreated,bulk,-0.0232647446980552,0.0105297860939073,-0.12352917012424389
GSM7791000_TATTCCAAGACGGATC-1,untreated,bulk,-0.04329733712332589,0.02523317323840921,0.515454085651499
GSM7791000_TATTCCAAGCCGTTGC-1,untreated,bulk,-0.11864036560058594,0.02111615683151906,0.15209661785611403
GSM7791000_TATTCCACACGGAAGT-1,untreated,bulk,-0.16020769391741072,0.014847817764507292,0.06526567863235362
GSM7791000_TATTCCACAGATTCGT-1,untreated,bulk,-0.08820666313171388,0.01874188389198086,0.18917661070910194
GSM7791000_TATTCCACAGTGCGCT-1,untreated,bulk,0.021509899866013288,0.009246408517259781,-0.17569806100404334
GSM7791000_TATTCCACATGGAAGC-1,untreated,bulk,-0.10100630949413966,0.007544911761292616,-0.0777811505230237
GSM7791000_TATTCCAGTAACTGCT-1,untreated,bulk,0.05652407585628452,0.007426683210296441,-0.31157260183721064
GSM7791000_TATTCCAGTTTCGTAG-1,untreated,bulk,0.09616022715492856,0.013801834745016598,0.048151084558569375
GSM7791000_TATTCCATCATTCATC-1,untreated,bulk,-0.010406653994605664,0.005446805871582585,-0.16212488959541524
GSM7791000_TATTGCTAGCACGTCC-1,untreated,bulk,-0.10736038688629392,0.013428881491084833,0.015079643188497678
GSM7791000_TATTGCTAGGCCCACT-1,untreated,bulk,0.03642179246932739,0.01232185574685044,-0.046287687547182925
GSM7791000_TATTGCTAGTCTAGCT-1,untreated,bulk,0.0381795877123636,0.013681865082019195,-0.011433733344072933
GSM7791000_TATTGCTCAAGGGCAT-1,untreated,bulk,-0.10190387188442171,0.011347011122795332,-0.12633781408364486
GSM7791000_TATTGCTGTATGAGAT-1,untreated,bulk,-0.0043946134476434695,0.004883901977131537,-0.1767470116619601
GSM7791000_TATTGCTGTCATCGCG-1,untreated,bulk,-0.12103929739149788,0.007850051293643046,0.08318854342817775
GSM7791000_TATTGGGAGGGTGAAA-1,untreated,bulk,-0.147399963197254,0.010435083902515583,-0.15882458442271377
GSM7791000_TATTGGGCATCTCAAG-1,untreated,bulk,0.11702305672660707,0.0063025299579171625,-0.02434681229558074
GSM7791000_TATTGGGCATGTACGT-1,untreated,bulk,-0.11058865971035428,0.01170869594305024,-0.11106342243010478
GSM7791000_TATTGGGGTATTGAGA-1,untreated,bulk,0.2276758584522066,0.011561208423611904,-0.15127450131092066
GSM7791000_TATTGGGGTCAAGCGA-1,untreated,bulk,-0.1237012872241792,0.007055690085529345,-0.18460259783791289
GSM7791000_TATTGGGTCACATCAG-1,untreated,bulk,0.029476927802676217,0.007088829220700652,-0.05142916172999303
GSM7791000_TATTGGGTCAGAGCGA-1,untreated,bulk,0.12893005310543,0.01507920265965541,0.05365792930066576
GSM7791000_TATTGGGTCCGAGTGC-1,untreated,bulk,-0.0819405038016183,0.018145479113104185,0.09716237388663523
GSM7791000_TATTGGGTCTTAGCAG-1,untreated,bulk,-0.04124918294331387,0.010816702882815088,-0.04829549830222182
GSM7791000_TATTTCGGTACGGGAT-1,untreated,bulk,0.1312804897247799,0.013809660925588683,-0.023823910955291277
GSM7791000_TATTTCGTCAGCTGAT-1,untreated,bulk,-0.13181683131626673,0.017232302929232595,-0.010022198157898333
GSM7791000_TATTTCGTCTGAGCAT-1,untreated,bulk,0.04833075947231716,0.01794645039235803,0.3217547870298823
GSM7791000_TCAAGACAGCGATGAC-1,untreated,bulk,-0.07082015294877309,0.01065736055645918,-0.20238966981193113
GSM7791000_TCAAGACCAATAACGA-1,untreated,bulk,-0.05882360185895647,0.023594812666024974,0.43664596849143017
GSM7791000_TCAAGACGTACGGGAT-1,untreated,bulk,-0.06985542728787375,0.009437660598495093,-0.10379164972840714
GSM7791000_TCAAGACGTTATGTGC-1,untreated,bulk,-0.16855898175920758,0.00993401308688915,-0.02338756476533045
GSM7791000_TCAAGACGTTTGACAC-1,untreated,bulk,0.08689862122611394,0.019529105365514023,0.3092415743244745
GSM7791000_TCAAGACTCCCTCGAT-1,untreated,bulk,-0.09987442016601562,0.022761853956260306,0.29193825167529613
GSM7791000_TCAAGACTCGTCGATA-1,untreated,bulk,0.2773947794475253,0.007614458193443379,-0.13712617865189125
GSM7791000_TCAAGCAAGTCTGGAG-1,untreated,bulk,-0.04011706382509263,0.011494882891900052,0.01218430704136012
GSM7791000_TCAAGCAAGTGTTCCA-1,untreated,bulk,-0.010341633842104986,0.004005548014282136,-0.07764720566769828
GSM7791000_TCAAGCAGTAGAGCTG-1,untreated,bulk,-0.15337993640748282,0.008779909596596977,-0.15491079008355688
GSM7791000_TCAAGCAGTTGCCATA-1,untreated,bulk,-0.11301474090606446,0.012123015673881495,-0.10059784174973008
GSM7791000_TCAAGCATCAGCATTG-1,untreated,bulk,0.018562378277854313,0.024610583339904693,0.131066786446153
GSM7791000_TCAAGTGAGCCTTTCC-1,untreated,bulk,0.01989779669141012,0.008919864380443907,0.05804013307756435
GSM7791000_TCAAGTGAGCTGGCCT-1,untreated,bulk,0.005087224718124117,0.004163163668131114,-0.10655436204596208
GSM7791000_TCAAGTGCACACCGAC-1,untreated,bulk,0.05090268119933114,0.010169709444497674,-0.14701174672836861
GSM7791000_TCAAGTGCACGCGTGT-1,untreated,bulk,-0.11711966915736124,0.008796328465217194,-0.11110565729197372
GSM7791000_TCAAGTGCATCCTTGC-1,untreated,bulk,-0.041012298039027624,0.019224216992314476,0.4128948871710711
GSM7791000_TCAAGTGGTAGGGTAC-1,untreated,bulk,-0.009734923044840527,0.003219228925442359,-0.155740939569162
GSM7791000_TCAAGTGGTCGAGTTT-1,untreated,bulk,-0.09826360407329741,0.008733730218720882,-0.11979645862529394
GSM7791000_TCAAGTGGTTCGAGCC-1,untreated,bulk,-0.10931658994583857,0.009406843112857376,-0.10217447887071957
GSM7791000_TCAAGTGTCAGAGTTC-1,untreated,bulk,-0.13103760443036516,0.010984270522436087,-0.2092708190927495
GSM7791000_TCAAGTGTCCACGAAT-1,untreated,bulk,-0.03267242113749186,0.008912501821910975,-0.09828709407409968
GSM7791000_TCAAGTGTCCAGCACG-1,untreated,bulk,-0.02378623175242589,0.011071166719529185,-0.16454975603962654
GSM7791000_TCAAGTGTCTCCGCAT-1,untreated,bulk,-0.014696908375573553,0.008366965156203658,-0.08647620790433633
GSM7791000_TCAATCTAGAGCCGAT-1,untreated,bulk,-0.10934691414000497,0.00974184560239821,-0.20191796741412768
GSM7791000_TCAATCTAGATAGGGA-1,untreated,bulk,-0.037075844038100464,0.007802991971186317,-0.1938590642036696
GSM7791000_TCAATCTAGGAAAGTG-1,untreated,bulk,-0.0927455609185355,0.011427207271893478,-0.04470283539723528
GSM7791000_TCAATCTAGGAACATT-1,untreated,bulk,0.12223036266508555,0.012534271953523248,-0.21049929314672156
GSM7791000_TCAATCTCAAGTGGGT-1,untreated,bulk,-0.030710722756764258,0.007279795369312173,0.060801602898426094
GSM7791000_TCAATCTGTCATGACT-1,untreated,bulk,-0.19313389369419642,0.014865393540242385,0.03501076060933902
GSM7791000_TCAATCTGTCCACATA-1,untreated,bulk,0.0799485777294825,0.0105906585307674,-0.16215710836187733
GSM7791000_TCAATCTTCCAATGCA-1,untreated,bulk,-0.17699501037597656,0.013316302210498605,0.010259770621067272
GSM7791000_TCAATCTTCCCATTTA-1,untreated,bulk,-0.20684913107327052,0.0072674419316921535,-0.0336807736956609
GSM7791000_TCAATCTTCCGTGGGT-1,untreated,bulk,-0.08766851334344775,0.01916607698708366,-5.948791178276907e-05
GSM7791000_TCAATCTTCTCGCTCA-1,untreated,bulk,0.03023671922229587,0.004176226875128132,-0.14462891987484933
GSM7791000_TCAATTCAGGACAACC-1,untreated,bulk,0.004211849787878613,0.011390809905734914,-0.057598880153256114
GSM7791000_TCAATTCAGGGAGTTC-1,untreated,bulk,-0.2659580993652344,0.006089778584902207,-0.04648735732046675
GSM7791000_TCAATTCCAACTGCTA-1,untreated,bulk,-0.005963700385320764,0.01657258314082076,0.22476220339515893
GSM7791000_TCAATTCCACACCTAA-1,untreated,bulk,-0.22012686593191963,0.006372446791717606,-0.051370496102102016
GSM7791000_TCAATTCCACTTGTCC-1,untreated,bulk,-0.16782969883510043,0.014368230875624657,0.11641665897274266
GSM7791000_TCAATTCGTATGACAA-1,untreated,bulk,0.11758971040211025,0.01957424591107194,0.3058446842707979
GSM7791000_TCAATTCGTGTCACAT-1,untreated,bulk,-0.07705403138720798,0.013685156206652324,-0.055401428773229844
GSM7791000_TCAATTCGTTGCCATA-1,untreated,bulk,0.02078963476514059,0.012418300564012101,-0.001310240000724738
GSM7791000_TCAATTCTCTAACGCA-1,untreated,bulk,0.04689466007172119,0.012215143734135606,-0.12009863600081731
GSM7791000_TCAATTCTCTCCGCAT-1,untreated,bulk,-0.15548204622571432,0.009906324134946716,-0.001008883283957508
GSM7791000_TCACAAGGTGATGTAA-1,untreated,bulk,-0.006557848491365953,0.00859902117508625,0.03389411107496984
GSM7791000_TCACAAGGTGTTATCG-1,untreated,bulk,-0.1430656021360367,0.008518135803780927,-0.041707397985931094
GSM7791000_TCACAAGTCGTTGTAG-1,untreated,bulk,-0.06791695950523255,0.006516808323961075,-0.12449299319093074
GSM7791000_TCACAAGTCTCCATAT-1,untreated,bulk,0.0012256994701567159,0.008486567434465282,0.062122398414411736
GSM7791000_TCACACCAGCTCATAC-1,untreated,bulk,-0.0035796232072133893,0.008069512524421868,0.009138794762727024
GSM7791000_TCACACCAGGTGGCTA-1,untreated,bulk,-0.15299616132463728,0.014776549512755411,0.03760943375309047
GSM7791000_TCACACCCAGGGACTA-1,untreated,bulk,-0.21005126953125,0.017517794294163943,-0.0671374171242658
GSM7791000_TCACACCCAGGTTTAC-1,untreated,bulk,-0.10619824182419549,0.013713402634068962,0.03513840832159012
GSM7791000_TCACACCCATCGTGGC-1,untreated,bulk,0.055260751815069314,0.00897836448286953,-0.07633247144402645
GSM7791000_TCACACCCATCTGCGG-1,untreated,bulk,-0.14776834938261244,0.012692122188202901,-0.11018817737241235
GSM7791000_TCACACCGTCGTATGT-1,untreated,bulk,-0.012002154531933013,0.009423158812606611,0.07201139128863053
GSM7791000_TCACACCGTTGCTCAA-1,untreated,bulk,-0.09854649732983303,0.00850371663788831,-0.23021654214322163
GSM7791000_TCACACCTCAAACTGC-1,untreated,bulk,-0.08181545984177363,0.007862473831818468,0.008655558242770645
GSM7791000_TCACACCTCCATCTCG-1,untreated,bulk,-0.10124267812759155,0.009308583269720158,-0.13500272108407235
GSM7791000_TCACATTAGCATTGAA-1,untreated,bulk,-0.15320775206126863,0.004328165367871424,-0.2563141667316441
GSM7791000_TCACATTCATCATTGG-1,untreated,bulk,-0.0345261183239165,0.010772556150287256,-0.09435824849402161
GSM7791000_TCACATTTCGTTACCC-1,untreated,bulk,-0.03643736074841211,0.012188034331500234,-0.02277325979692359
GSM7791000_TCACGCTAGCAGCCCT-1,untreated,bulk,0.019472492687285903,0.013901391637154337,-0.10417143262836188
GSM7791000_TCACGCTAGTCACACT-1,untreated,bulk,-0.0558608833948771,0.010049250117612287,-0.1212453387075598
GSM7791000_TCACGCTCATCGAACT-1,untreated,bulk,-0.0846183831351144,0.02799643005225482,0.47899479303927117
GSM7791000_TCACGGGAGCCATATC-1,untreated,bulk,0.06792096168275863,0.012533904344317778,-0.053780362866532136
GSM7791000_TCACGGGCACAGGATG-1,untreated,bulk,0.08665549005780901,0.01321375164851379,-0.040342067911147264
GSM7791000_TCACGGGGTAGGTTTC-1,untreated,bulk,0.06115499027191651,0.0044961601779619515,-0.13226743522685194
GSM7791000_TCACGGGTCAAAGGAT-1,untreated,bulk,-0.007474921090262265,0.01279857451857634,-0.0772637682379675
GSM7791000_TCACGGGTCTGAGATC-1,untreated,bulk,-0.05280373376513284,0.00789382203148223,-0.128454806446737
GSM7791000_TCACTATCACGAGAAC-1,untreated,bulk,-0.12829083870327662,0.011970062191876189,-0.17263555716017812
GSM7791000_TCACTATGTCGAGCAA-1,untreated,bulk,0.06761144456409274,0.008499548013782676,-0.14035123131833888
GSM7791000_TCACTATGTGTTGAGG-1,untreated,bulk,-0.0015345260075160516,0.014850239997218618,0.015209463961516899
GSM7791000_TCACTATGTTCCATTT-1,untreated,bulk,-0.009145921147058894,0.008238272845604766,0.001034581952044706
GSM7791000_TCACTATGTTGAGTCT-1,untreated,bulk,-0.14282549176897322,0.013627380950994415,0.051758050537763764
GSM7791000_TCACTCGAGTTGTCGT-1,untreated,bulk,-0.002572198368254175,0.007100033644028416,-0.19488132253180385
GSM7791000_TCACTCGCAATCTCTT-1,untreated,bulk,-0.20260955810546874,0.012630485051498492,-0.0810573671786363
GSM7791000_TCACTCGCAGTCAGCC-1,untreated,bulk,-0.05414041871116275,0.013403108390513098,-0.046922038646454466
GSM7791000_TCACTCGCAGTCGGAA-1,untreated,bulk,-0.05472226279122489,0.019458124456674223,0.4313477572623722
GSM7791000_TCACTCGCATACACCA-1,untreated,bulk,-0.1273878914969308,0.01410872031149452,0.06890932312433334
GSM7791000_TCACTCGCATCGGCCA-1,untreated,bulk,-0.022714189347766672,0.004353408402667474,-0.1041913372134868
GSM7791000_TCACTCGGTCAAAGTA-1,untreated,bulk,0.041554159134153335,0.008834235293102117,-0.09232167948674096
GSM7791000_TCACTCGTCCACCCTA-1,untreated,bulk,0.07001909180293008,0.01605428004195396,0.20592307112353864
GSM7791000_TCACTCGTCCGTCACT-1,untreated,bulk,-0.013567650658743713,0.005151072205838582,-0.22303466219885362
GSM7791000_TCAGCAAAGCGGGTAT-1,untreated,bulk,-0.04562247957502091,0.007685814145441263,-0.17608215082108328
GSM7791000_TCAGCAAAGTAGTCTC-1,untreated,bulk,-0.2045869881766183,0.01591021585143905,-0.025338037164263246
GSM7791000_TCAGCAACACAATGCT-1,untreated,bulk,0.09423550499810113,0.018112671746692132,0.12712552875399827
GSM7791000_TCAGCAACAGTCGCTG-1,untreated,bulk,-0.09048854298061795,0.01180291581176745,-0.2232042663488885
GSM7791000_TCAGCAATCACCCATC-1,untreated,bulk,-0.07342198258354549,0.00570680112125695,0.004569699537014304
GSM7791000_TCAGCAATCTGAGATC-1,untreated,bulk,-0.18425565447126116,0.015737725376938155,-0.06737011290201282
GSM7791000_TCAGCCTAGATACGAT-1,untreated,bulk,0.03587520569089861,0.01083668387414127,-0.07345993401376426
GSM7791000_TCAGCCTAGCCTCTGG-1,untreated,bulk,-0.09947092041136729,0.005840299975675389,0.022211402769726888
GSM7791000_TCAGCCTAGCGGTAGT-1,untreated,bulk,0.05981909222073026,0.009872988716071935,-0.08373930516117191
GSM7791000_TCAGCCTCACAGTGAG-1,untreated,bulk,-0.16616095406668527,0.015890817001876417,0.029745499064025866
GSM7791000_TCAGCCTGTCACGACC-1,untreated,bulk,-0.15689975802860562,0.007340971432174387,0.0974963232505503
GSM7791000_TCAGCCTTCTTACGGA-1,untreated,bulk,-0.025715905825297036,0.007904422431819352,-0.2072531934527566
GSM7791000_TCAGGGCAGGCAGTCA-1,untreated,bulk,0.011929877826145713,0.010657308532736255,-0.0864913114866345
GSM7791000_TCAGGGCAGGTTCCAT-1,untreated,bulk,-0.02083730050495694,0.01640558457516322,0.08250866357598306
GSM7791000_TCAGGGCAGTCACTGT-1,untreated,bulk,-0.062457853044782366,0.024043913717539722,0.44668699146056906
GSM7791000_TCAGGGCAGTTGCGAG-1,untreated,bulk,-0.21219463144029888,0.006844790360928172,-0.12511493740842558
GSM7791000_TCAGGGCCAATTTCCT-1,untreated,bulk,-0.02415128919813367,0.008424330720327307,-0.09423230032429732
GSM7791000_TCAGGGCCACTATCGA-1,untreated,bulk,-0.037793158425225126,0.005077433643417726,-0.04109082104341704
GSM7791000_TCAGGGCGTCATTCCC-1,untreated,bulk,-0.023374188741048213,0.007607365040122834,0.1187060378277762
GSM7791000_TCAGGGCTCTTGATTC-1,untreated,bulk,-0.03245518003191267,0.021001988845454008,0.5363111513083413
GSM7791000_TCAGGTACAATTCTTC-1,untreated,bulk,-0.15663049970354354,0.020211833681394422,0.06352857162283271
GSM7791000_TCAGGTACACCCTGTT-1,untreated,bulk,0.02383227075849262,0.0060080433783928,-0.059665244480204535
GSM7791000_TCAGGTACAGGATGAC-1,untreated,bulk,0.09556833085559663,0.008373009259000329,-0.19603354886288984
GSM7791000_TCAGGTACATCTTAGG-1,untreated,bulk,-0.05355213044181703,0.005757380279216628,-0.11053114961633626
GSM7791000_TCAGTCCAGAGAACCC-1,untreated,bulk,-0.02819333999875992,0.0068754209401483656,-0.057420939495884914
GSM7791000_TCAGTCCAGGCGCTTC-1,untreated,bulk,-0.059099213130890366,0.009388556604294902,-0.03980169147514629
GSM7791000_TCAGTCCCAAATCGGG-1,untreated,bulk,-0.08848635166410418,0.0064403009973488055,-0.25091581006567276
GSM7791000_TCAGTCCCAAGACGAC-1,untreated,bulk,0.05467135474795387,0.011129729057462439,0.00968778226197119
GSM7791000_TCAGTCCCATACCGTA-1,untreated,bulk,-0.13829002607436408,0.004824016232018278,0.023609948201357183
GSM7791000_TCAGTCCGTAGCGCTC-1,untreated,bulk,-0.013549096546475847,0.007315688363992894,-0.06256935292131824
GSM7791000_TCAGTCCGTATCTCTT-1,untreated,bulk,-0.2001764652085683,0.008886006950921307,0.09204338892273346
GSM7791000_TCAGTCCGTCCAGCCA-1,untreated,bulk,-0.08242689405168806,0.021301391687378924,0.4079582133979759
GSM7791000_TCAGTCCGTGGTCCGT-1,untreated,bulk,-0.062322562308538526,0.008008976854348282,0.04282766929530393
GSM7791000_TCAGTGACAATTCTCT-1,untreated,bulk,-0.004329048035636773,0.010716254096889892,-0.08631492814602552
GSM7791000_TCAGTGAGTCCACTTC-1,untreated,bulk,0.002161881583077563,0.008077473280729363,-0.11742781390445374
GSM7791000_TCAGTGATCCTATTGT-1,untreated,bulk,0.05782333404298812,0.009633081790001347,0.029561209170515104
GSM7791000_TCAGTTTAGCAAATCA-1,untreated,bulk,-0.11404496049124097,0.006956703047630639,0.14015699278542593
GSM7791000_TCAGTTTTCGCGTCGA-1,untreated,bulk,-0.046913397652762284,0.009431414674912104,-0.07147576490402766
GSM7791000_TCAGTTTTCTGGCTGG-1,untreated,bulk,-0.06739608658684625,0.017078866380328683,-0.0313755100322201
GSM7791000_TCATACTAGCACCCAC-1,untreated,bulk,-0.1618965723022582,0.009977103296664194,0.011044254929895532
GSM7791000_TCATACTCATATCGGT-1,untreated,bulk,-0.14177176339285713,0.01586688404550308,0.059494034621530495
GSM7791000_TCATACTCATCTATCT-1,untreated,bulk,-0.05084333707415867,0.009538469074285995,-0.18923093278004677
GSM7791000_TCATACTTCGCGTTTC-1,untreated,bulk,-0.08934006380656406,0.016389409244433144,-0.008645462957612845
GSM7791000_TCATATCAGACAGCTG-1,untreated,bulk,-0.16813472202845983,0.011074093668185197,-0.0303009127510941
GSM7791000_TCATATCGTACGCTTA-1,untreated,bulk,0.01242957372514028,0.006879546576528711,-0.07024469431595957
GSM7791000_TCATATCGTCTGTCCT-1,untreated,bulk,-0.01470409923129612,0.013933039898366993,-0.19170820726755786
GSM7791000_TCATATCGTGAACGGT-1,untreated,bulk,-0.11504200129281907,0.01190794447737773,-0.1865164860050822
GSM7791000_TCATATCGTTGAATCC-1,untreated,bulk,-0.13764558618030853,0.0086100339018237,-0.13780725117606246
GSM7791000_TCATATCTCACTACTT-1,untreated,bulk,0.06297325315929592,0.01467963632477297,0.07187615164533025
GSM7791000_TCATATCTCGCGCTGA-1,untreated,bulk,-0.004457031885782864,0.009836317854177731,-0.06490620230689849
GSM7791000_TCATCATAGGAGCTGT-1,untreated,bulk,-0.06394416074904183,0.015217226908920432,-0.22343914191868242
GSM7791000_TCATCATCAGAAGTGC-1,untreated,bulk,0.08653513393704851,0.010125876391380335,-0.08963071682835705
GSM7791000_TCATCATCAGCACAAG-1,untreated,bulk,-0.05626053605760847,0.01400762116132122,-0.0453908712996268
GSM7791000_TCATCATGTTATCTTC-1,untreated,bulk,-0.019750249726431718,0.008967688311299552,-0.16987666789934106
GSM7791000_TCATCATTCATCACCC-1,untreated,bulk,0.006377392874823695,0.009611702771098452,-0.05540827647457103
GSM7791000_TCATCCGAGCAGGGAG-1,untreated,bulk,0.053687969238039035,0.02070130312969904,0.34816578827940897
GSM7791000_TCATCCGCAGAGATTA-1,untreated,bulk,-0.0653439712524414,0.008133678939112066,-0.17471696110780857
GSM7791000_TCATCCGGTCGAGTTT-1,untreated,bulk,-0.035173738191998205,0.02448406040335425,0.007824889695573285
GSM7791000_TCATCCGTCAAGAGGC-1,untreated,bulk,0.03637557589818563,0.022316731904549077,-0.12007547585763377
GSM7791000_TCATCCGTCCCGTGTT-1,untreated,bulk,0.018745737227182535,0.0059253350128086624,-0.16329012358786513
GSM7791000_TCATCCGTCCGGTAGC-1,untreated,bulk,-0.004254624502999432,0.008212365145711002,0.0662433753489783
GSM7791000_TCATGAGAGCTTGTGT-1,untreated,bulk,-0.14137605636838885,0.010512545651279343,-0.11517897847789554
GSM7791000_TCATGAGCAGTTAAAG-1,untreated,bulk,-0.0322328976222447,0.023190285032365157,0.603237875649906
GSM7791000_TCATGAGGTAGCTTAC-1,untreated,bulk,0.016940554588560086,0.02223352114561578,0.36625503096997053
GSM7791000_TCATGAGGTGCCTGCA-1,untreated,bulk,-0.06330006606995112,0.011519050242769141,-0.013280019950156634
GSM7791000_TCATGAGTCTTAGCCC-1,untreated,bulk,0.08995860296582417,0.008750250419711404,-0.23106917151030998
GSM7791000_TCATGCCAGCTTCATG-1,untreated,bulk,-0.052976453342134994,0.015669499103616882,-0.1415493706122746
GSM7791000_TCATGCCAGGACAGTC-1,untreated,bulk,0.056953546130467964,0.00728836374760547,-0.1442916018922736
GSM7791000_TCATGCCGTAGATCGG-1,untreated,bulk,0.3654863987271748,0.014715689162088237,0.10937369788527988
GSM7791000_TCATGCCGTAGCTGAG-1,untreated,bulk,-0.022240763126857688,0.013027502234580246,0.0959028562097191
GSM7791000_TCATGCCGTTGTTGAC-1,untreated,bulk,0.046071722848074786,0.012164150296778923,0.0018633088031715314
GSM7791000_TCATGGACAACTGGTT-1,untreated,bulk,0.19642998135279097,0.02044899848658052,0.28288150212631563
GSM7791000_TCATGGACACCATAAC-1,untreated,bulk,-0.004289752490936771,0.017601837277163364,0.05672009860311268
GSM7791000_TCATGGACACCTCAGG-1,untreated,bulk,-0.009610807782127723,0.010740788098383917,-0.0170210822522347
GSM7791000_TCATGGACAGCGTGAA-1,untreated,bulk,0.12043513767302982,0.02346565662519254,0.22821017244840439
GSM7791000_TCATGGACATCCGGCA-1,untreated,bulk,-0.14353967825571692,0.007046683877674155,-0.01544648564986415
GSM7791000_TCATGGATCCGAGTGC-1,untreated,bulk,-0.11070723397391183,0.018756962031959167,0.35042337297753323
GSM7791000_TCATGGATCCTTATCA-1,untreated,bulk,0.11443459480527848,0.009177977428634045,-0.25490217501545576
GSM7791000_TCATGTTCAAAGACGC-1,untreated,bulk,0.04910891790238639,0.008287843717799465,-0.08605237757735154
GSM7791000_TCATGTTTCCGTTGAA-1,untreated,bulk,0.00454271430060979,0.017682293127593406,0.1024210778032886
GSM7791000_TCATGTTTCGGACAAG-1,untreated,bulk,-0.07637575308481852,0.011700694108506488,0.13619288641211014
GSM7791000_TCATTACAGAGTCGAC-1,untreated,bulk,0.018628653571719223,0.009030658633829833,-0.06550226010000797
GSM7791000_TCATTACAGTTCATGC-1,untreated,bulk,-0.03015686580113002,0.01603363955598649,0.5110167831577457
GSM7791000_TCATTACCACGTCTCT-1,untreated,bulk,-0.08167666965060766,0.01085852792302384,-0.07567686886170143
GSM7791000_TCATTACCACGTGAGA-1,untreated,bulk,-0.0960346489482456,0.011722209488927037,-0.03521125050357961
GSM7791000_TCATTACGTCTGCAAT-1,untreated,bulk,-0.08781128474644252,0.016322459681405485,0.17816092044146042
GSM7791000_TCATTACGTGGATCGA-1,untreated,bulk,-0.13217250767208283,0.009098929575887186,-0.03442081096788971
GSM7791000_TCATTACTCAACTGAC-1,untreated,bulk,-0.1745726558140346,0.017107664551359352,-0.012350660918990477
GSM7791000_TCATTACTCCTTATCA-1,untreated,bulk,-0.07233544168018158,0.010443095367323126,-0.1436974488657648
GSM7791000_TCATTACTCGACCAAT-1,untreated,bulk,0.07940009117126468,0.008237026274573858,-0.0394868071174922
GSM7791000_TCATTCACAAGTTGGG-1,untreated,bulk,0.07829249881562733,0.006689202036286072,-0.07708404851056537
GSM7791000_TCATTCACACGAGGAT-1,untreated,bulk,-0.08730591910226004,0.01982435438401993,0.2487037190079049
GSM7791000_TCATTCACACGGCCAT-1,untreated,bulk,-0.03334379900069462,0.009854259492143537,-0.1114895511392966
GSM7791000_TCATTCAGTCATCAGT-1,untreated,bulk,-0.026308860778808594,0.018348370450475444,0.3203800641274647
GSM7791000_TCATTCAGTCCGTACG-1,untreated,bulk,-0.04920846666608538,0.024479378460937777,0.46848803374034226
GSM7791000_TCATTGTAGCCTATTG-1,untreated,bulk,0.02088412950909327,0.00864766629700798,-0.10674531587474986
GSM7791000_TCATTGTAGGAAAGTG-1,untreated,bulk,-0.02265455631982713,0.008155948684246949,-0.17821466416352078
GSM7791000_TCATTGTCAAGTTCGT-1,untreated,bulk,-0.04905126321883427,0.01415075192120466,-0.1576230812438065
GSM7791000_TCATTGTCATCCGTTC-1,untreated,bulk,-0.1357012931127397,0.013005888571338253,-0.15255948500820923
GSM7791000_TCATTGTTCAGACCGC-1,untreated,bulk,-0.059056008202689025,0.014139582889542706,0.019041248573418258
GSM7791000_TCATTTGAGGTGGCTA-1,untreated,bulk,-0.06916549856700596,0.010487878345131856,-0.16769421558562897
GSM7791000_TCATTTGCATGGCCCA-1,untreated,bulk,0.11645581639002239,0.0081585347304443,0.05313231803846526
GSM7791000_TCATTTGGTAATCAGA-1,untreated,bulk,-0.009457366277301121,0.014527407636967422,-0.016525458828613355
GSM7791000_TCATTTGGTTAGTCGT-1,untreated,bulk,0.05250584034692675,0.016142396437156054,0.15989391617869528
GSM7791000_TCCACCAAGAGTTGCG-1,untreated,bulk,-0.18786469062169395,0.00664642079660513,-0.07592474859082358
GSM7791000_TCCACCAAGCCACCGT-1,untreated,bulk,-0.02287026231251063,0.014352950776618552,-0.050241000486535806
GSM7791000_TCCACCAAGCCTGAGA-1,untreated,bulk,-0.15336757936174905,0.010112362014081075,-0.07706638100376911
GSM7791000_TCCACCAAGTGGTCAG-1,untreated,bulk,0.09650114422752745,0.0117714672420172,-0.040489558535939225
GSM7791000_TCCACCACACTGGAAG-1,untreated,bulk,0.1255776160103934,0.007406090326644051,-0.18117620121374997
GSM7791000_TCCACCACATTGACAC-1,untreated,bulk,-0.04517707650623623,0.0065978961479531174,-0.01620928209175433
GSM7791000_TCCACCAGTAGGCAAC-1,untreated,bulk,-0.004747499132913252,0.012512646439138676,-0.08117397727054425
GSM7791000_TCCACCAGTATGTCAC-1,untreated,bulk,-0.09890294014461457,0.01084566017457443,-0.2044949898703802
GSM7791000_TCCACCAGTGACCTGC-1,untreated,bulk,-0.09153585782126775,0.008086838392596125,-0.07488638928678498
GSM7791000_TCCACCAGTGGCGTAA-1,untreated,bulk,-0.07950918515523275,0.007992506563820567,-0.05650982065178407
GSM7791000_TCCACCATCCGACATA-1,untreated,bulk,-0.020080573142520958,0.005785460259439872,-0.01734370889674379
GSM7791000_TCCACCATCTTCTGGC-1,untreated,bulk,-0.14575822330656504,0.006017233362116524,-0.10654244956124839
GSM7791000_TCCACGTAGCTGAAAT-1,untreated,bulk,-0.10434621954721118,0.010273587621843012,-0.02516400524407819
GSM7791000_TCCACGTAGTGCCCGT-1,untreated,bulk,-0.03452687399727958,0.005869642486716503,-0.063560721345507
GSM7791000_TCCACGTCAGACGATG-1,untreated,bulk,-0.017448435586596284,0.008704089830925781,-0.09404059110548023
GSM7791000_TCCACGTTCGATTGAC-1,untreated,bulk,-0.06227342355818974,0.011405662192051432,-0.004570600044112592
GSM7791000_TCCACGTTCTCACCCA-1,untreated,bulk,-0.06709299670325386,0.005974321641962224,0.025689270379671218
GSM7791000_TCCAGAAAGCTAATCC-1,untreated,bulk,-0.0013594427562895472,0.008161486120608151,-0.0619554414698714
GSM7791000_TCCAGAACAACTTGGT-1,untreated,bulk,-0.042850299865480446,0.004911120552468521,-0.09233772207077907
GSM7791000_TCCAGAACAATAGGAT-1,untreated,bulk,-0.11404145679776628,0.007304233487607087,-0.18264974241474785
GSM7791000_TCCAGAAGTTCGAGCC-1,untreated,bulk,-0.08741298505238124,0.00953129251416699,-0.07884241399227318
GSM7791000_TCCAGAATCACAAGGG-1,untreated,bulk,-0.10532007187131853,0.006597621302811746,-0.09842105072559963
GSM7791000_TCCATCGAGCGACTGA-1,untreated,bulk,-0.004730529028271868,0.008039065837809558,-0.15908718905000419
GSM7791000_TCCATCGAGTCAACAA-1,untreated,bulk,0.06066110550411166,0.01009785509881495,-0.04069062303707096
GSM7791000_TCCATCGCACAAACGG-1,untreated,bulk,0.016867225435045027,0.013696522032288947,0.08213535372574685
GSM7791000_TCCATCGCACCTCTGT-1,untreated,bulk,-0.0876621573311942,0.015674647988430115,0.3826845434274025
GSM7791000_TCCATCGCAGTTAGGG-1,untreated,bulk,-0.053873634338378905,0.02347420313370665,0.5014311765106827
GSM7791000_TCCATCGGTCTTGGTA-1,untreated,bulk,-0.1511391953059605,0.008578286095004738,-0.062036081563485244
GSM7791000_TCCATGCCAAGCAATA-1,untreated,bulk,0.020768418841891817,0.006755259291004725,-0.1537052717133698
GSM7791000_TCCATGCGTACTGCCG-1,untreated,bulk,-0.12442728837331138,0.005971826057927392,-0.08152795392375212
GSM7791000_TCCATGCGTATGGAAT-1,untreated,bulk,-0.10980631960762872,0.019317574098705447,0.1562688476675791
GSM7791000_TCCATGCGTCCAACGC-1,untreated,bulk,-0.06039355618613107,0.01675259545790468,-0.09316208654500598
GSM7791000_TCCATGCTCACATTGG-1,untreated,bulk,-0.1997413853236607,0.01197740002477595,0.02919413877892477
GSM7791000_TCCATGCTCATGAGAA-1,untreated,bulk,-0.07338180852314785,0.012691611054238607,-0.0694151811120244
GSM7791000_TCCCACAAGAAGGGAT-1,untreated,bulk,-0.10465803494529119,0.010171991397062801,-0.04128266101091528
GSM7791000_TCCCACAAGGACAGCT-1,untreated,bulk,-0.0736476717297993,0.007452537097859279,0.030809276230866295
GSM7791000_TCCCACAAGGAGAGGC-1,untreated,bulk,-0.09991908822740828,0.011916781132343419,0.014395703099753703
GSM7791000_TCCCACACACTGAGTT-1,untreated,bulk,0.0,0.020538592777882576,0.5442701040050298
GSM7791000_TCCCACACATCCCGTT-1,untreated,bulk,-0.18196912493024553,0.02312105947852119,0.3926495185444611
GSM7791000_TCCCACAGTAAGGTCG-1,untreated,bulk,0.03067053628346278,0.01826243135303033,0.2714208815445555
GSM7791000_TCCCACAGTCAAGCCC-1,untreated,bulk,0.07344486062488859,0.015865662459091583,0.030087514046486262
GSM7791000_TCCCACAGTGACAGGT-1,untreated,bulk,-0.12404996720571368,0.011916706834664986,-0.04127382769037044
GSM7791000_TCCCAGTGTCATCGGC-1,untreated,bulk,0.10205910758366663,0.01189996021579201,0.016690098861747334
GSM7791000_TCCCAGTGTGGTTTGT-1,untreated,bulk,0.006316291264125279,0.011656674672084928,-0.024178501472589466
GSM7791000_TCCCAGTGTTGTAAAG-1,untreated,bulk,-0.027372327532087053,0.021604240730680204,0.4983058897667633
GSM7791000_TCCCAGTTCAAGTTGC-1,untreated,bulk,-0.0960512135520814,0.005315110581461665,-0.029445826690242663
GSM7791000_TCCCAGTTCCGAGATT-1,untreated,bulk,-0.2391294424874442,0.015339151368496414,-0.056647418460410805
GSM7791000_TCCCAGTTCTAGCCAA-1,untreated,bulk,-0.13536512162950307,0.008419841977247598,-0.1563853889852011
GSM7791000_TCCCATGAGACCATGG-1,untreated,bulk,-0.037000842775617326,0.010224960500048634,-0.1162273340625048
GSM7791000_TCCCATGAGTTGAAAC-1,untreated,bulk,-0.17884041922433036,0.016279201356460153,0.04808222810121996
GSM7791000_TCCCATGAGTTGGCTT-1,untreated,bulk,0.005240273475646984,0.01354526805600321,0.03886942818700622
GSM7791000_TCCCATGCAACAGCTT-1,untreated,bulk,-0.06142626626150949,0.0225603681453706,0.43956589942709734
GSM7791000_TCCCATGCACTACGGC-1,untreated,bulk,0.026874755526345884,0.012083043336711374,-0.07025158055143162
GSM7791000_TCCCATGGTATGCTTG-1,untreated,bulk,-0.12846603711446125,0.008412519290384668,-0.17817684103495685
GSM7791000_TCCCATGGTCACAGAG-1,untreated,bulk,-0.11658389980830842,0.008985333929336902,-0.10982181366691834
GSM7791000_TCCCATGGTTGGAGAC-1,untreated,bulk,-0.07767111312775384,0.013203717091220276,-0.03834902612515298
GSM7791000_TCCGAAAAGCCTCATA-1,untreated,bulk,-0.06859866732642764,0.01039344991964729,-0.12071581401368159
GSM7791000_TCCGAAAAGGTAGTCG-1,untreated,bulk,-0.17146530140013921,0.009267933349955083,0.09588003617610819
GSM7791000_TCCGAAAAGGTGCCTC-1,untreated,bulk,0.05519261019570487,0.009228803471215172,-0.15068928694459344
GSM7791000_TCCGAAAAGTATGATG-1,untreated,bulk,0.07718377173893035,0.0120260231203697,0.02685462686114771
GSM7791000_TCCGAAACATGCCATA-1,untreated,bulk,-0.11189501512618291,0.010752056034383048,-0.19053297756064655
GSM7791000_TCCGAAAGTAACTAAG-1,untreated,bulk,-0.1650370134626116,0.011885937130727652,0.026202910979379893
GSM7791000_TCCGAAAGTGGTCAAG-1,untreated,bulk,0.04625005237639898,0.010646385847879443,0.020084605582507197
GSM7791000_TCCGAAAGTTCTAACG-1,untreated,bulk,0.04388213959951251,0.009762928470161017,-0.0251011412567733
GSM7791000_TCCGATCGTGGTTCTA-1,untreated,bulk,0.09012614507523795,0.010164069330347676,-0.07018187016947461
GSM7791000_TCCGGGAAGGAAAGTG-1,untreated,bulk,-0.07115902287619455,0.014542237387222877,-0.1356888154060147
GSM7791000_TCCGGGACACTGCACG-1,untreated,bulk,-0.05254374564640105,0.014184221631566423,0.053805897562048344
GSM7791000_TCCGGGACAGATACCT-1,untreated,bulk,-0.06514345407485961,0.013858831287520267,-0.03417523360770938
GSM7791000_TCCGGGACAGTAGGAC-1,untreated,bulk,0.07798426098293729,0.007840223926295957,-0.24140936695523565
GSM7791000_TCCGGGATCCACCTCA-1,untreated,bulk,-0.023181063636900895,0.00889722845088467,-0.12821727034438785
GSM7791000_TCCGGGATCGTGGTAT-1,untreated,bulk,0.02983122432042684,0.006697897126548506,-0.161871829651267
GSM7791000_TCCGTGTCAAGTGATA-1,untreated,bulk,-0.04592138562883649,0.01011243333815994,-0.050142011754315055
GSM7791000_TCCGTGTGTAGCTGAG-1,untreated,bulk,0.12998358893016027,0.010333703383835624,-0.08729415222811945
GSM7791000_TCCGTGTGTCATGCAT-1,untreated,bulk,-0.16043166523887997,0.008763265953954444,-0.20448993676792826
GSM7791000_TCCGTGTGTTGCGTAT-1,untreated,bulk,0.0386625335330055,0.013614356752706447,-0.06900883253798805
GSM7791000_TCCTAATCACAACCGC-1,untreated,bulk,-0.13281225651029555,0.012813912486487727,-0.06337490357144347
GSM7791000_TCCTAATCACCAACAT-1,untreated,bulk,-0.01887869426182338,0.018838743974052035,0.49975372421552033
GSM7791000_TCCTAATCAGCCTTCT-1,untreated,bulk,-0.09982177734375,0.0487112303332028,0.054737860706737446
GSM7791000_TCCTAATTCCTTGAAG-1,untreated,bulk,0.028290868032546268,0.00996533696943398,-0.004924332986734642
GSM7791000_TCCTAATTCGTAGTGT-1,untreated,bulk,0.05115126291910807,0.010318937287456455,-0.1450689880626053
GSM7791000_TCCTCCCAGAATGTTG-1,untreated,bulk,-0.07801891992962551,0.010105708925320641,-0.23068351358293654
GSM7791000_TCCTCCCAGCTCGACC-1,untreated,bulk,-0.07647168325999427,0.009320041596498397,-0.03812095739904912
GSM7791000_TCCTCCCCACAGTGTT-1,untreated,bulk,-0.028438605353945795,0.006791358631409639,-0.1613259110744958
GSM7791000_TCCTCCCCACCGTCGA-1,untreated,bulk,0.014788288540310321,0.013817271044259878,0.20228723223494324
GSM7791000_TCCTCCCTCCCATAGA-1,untreated,bulk,-0.11475406101771764,0.025255205962533528,0.4652994762891117
GSM7791000_TCCTCCCTCCGCACGA-1,untreated,bulk,-0.1025317817264133,0.005392862210102915,-0.13935144988203516
GSM7791000_TCCTCCCTCGCTTTAT-1,untreated,bulk,-0.11701384408133371,0.017056618274601164,0.28027660844486646
GSM7791000_TCCTCGACACCCAAGC-1,untreated,bulk,-0.17747142292204354,0.006763668035512221,-0.029029226704425922
GSM7791000_TCCTCGACATGGCACC-1,untreated,bulk,-0.11440029689243862,0.023215231397135074,0.32111768773439586
GSM7791000_TCCTCGAGTAGATCGG-1,untreated,bulk,0.20335597825428797,0.01667643171551768,-0.05726790281214421
GSM7791000_TCCTCGAGTTCGGACC-1,untreated,bulk,-0.05703559269980779,0.008950128092765143,0.04224192590336537
GSM7791000_TCCTCGATCAAACGTC-1,untreated,bulk,-0.1775568157529074,0.006672681456024556,0.08219886240413958
GSM7791000_TCCTCTTAGACCTGGA-1,untreated,bulk,-0.2081236292067028,0.010123993859203213,-0.08672868691120204
GSM7791000_TCCTCTTAGCTGCGAA-1,untreated,bulk,-0.15420171767946272,0.008568376537781102,-0.14087128767042362
GSM7791000_TCCTCTTAGGACATCG-1,untreated,bulk,-0.11985438876681859,0.010890483387171634,-0.19197477501851062
GSM7791000_TCCTCTTCATAATGAG-1,untreated,bulk,-0.09932410974351188,0.00731023723453227,-0.11581131394869422
GSM7791000_TCCTCTTTCGGTAGGA-1,untreated,bulk,0.03874882296910362,0.012342431523768307,0.014161793453228794
GSM7791000_TCCTCTTTCTCCCTAG-1,untreated,bulk,-0.16172964656163774,0.008487615632648406,0.035897804679697415
GSM7791000_TCCTGCAAGAGAGCAA-1,untreated,bulk,0.0125653506082202,0.00699862847371139,-0.0690423947621271
GSM7791000_TCCTGCAAGGAGACCT-1,untreated,bulk,-0.021277991703578403,0.018902985495987255,0.5538619984901048
GSM7791000_TCCTGCAAGTGGCCTC-1,untreated,bulk,0.1479320871262323,0.01505598623976504,0.12303602218405987
GSM7791000_TCCTGCAAGTTGGAAT-1,untreated,bulk,-0.09853703669139316,0.010941932639011444,-0.06229276659442479
GSM7791000_TCCTGCACACACGTGC-1,untreated,bulk,0.10822077766297356,0.010374797192045664,-0.0517725566467174
GSM7791000_TCCTGCAGTCCAGCCA-1,untreated,bulk,-0.034951455403888027,0.011872554295572548,0.0703943726769476
GSM7791000_TCCTGCAGTCGTATGT-1,untreated,bulk,-0.044302833496578126,0.00656453978578415,-0.16111686326732405
GSM7791000_TCCTGCAGTGGCTTAT-1,untreated,bulk,-0.13409617878141855,0.008638201065120104,-0.10095624382392832
GSM7791000_TCCTGCATCGACACTA-1,untreated,bulk,0.01817994148012189,0.010044839527957004,-0.09698944829748905
GSM7791000_TCCTGCATCGTCTACC-1,untreated,bulk,0.04060078484671456,0.01123470217797992,-0.09971975139931959
GSM7791000_TCCTGCATCTATCGCC-1,untreated,bulk,-0.0015578766474648176,0.013726270936013094,0.002753065737086914
GSM7791000_TCCTTCTAGGTTCTAC-1,untreated,bulk,-0.017251556487310513,0.016491008461339367,0.08067050176567238
GSM7791000_TCCTTCTAGTAGTCCT-1,untreated,bulk,-0.025636749267578127,0.017346784484348263,0.3281732692939426
GSM7791000_TCCTTCTCACCAATTG-1,untreated,bulk,-0.11787068771937538,0.01008494769262543,-0.1063106364589701
GSM7791000_TCCTTCTCACTAGTAC-1,untreated,bulk,-0.06681335093483093,0.009472443540637806,-0.17822711159502574
GSM7791000_TCCTTCTCATCAGCTA-1,untreated,bulk,-0.11595710353245811,0.013832824965004343,-0.012403589136221773
GSM7791000_TCCTTCTGTACAGCGA-1,untreated,bulk,0.04904863978189139,0.008742073310235996,-0.1348933437312581
GSM7791000_TCCTTCTGTAGCGTCC-1,untreated,bulk,0.17319693550230966,0.00774191954058918,-0.05741466604787253
GSM7791000_TCCTTCTGTGAATGAT-1,untreated,bulk,0.10007515801323782,0.009878745509734882,-0.1166628175239277
GSM7791000_TCCTTCTTCGGATAAA-1,untreated,bulk,-0.11916729745410737,0.008698358887140004,-0.0018656022349478006
GSM7791000_TCCTTCTTCTAGTGTG-1,untreated,bulk,-0.0821566086723691,0.009512681257851006,-0.21594279937264063
GSM7791000_TCCTTTCCACCGAATT-1,untreated,bulk,-0.12273051254333012,0.007297416467812336,-0.014662636253095876
GSM7791000_TCCTTTCTCAATCTCT-1,untreated,bulk,-0.01259611553615994,0.00857601118560907,-0.04286975430598547
GSM7791000_TCCTTTCTCCATAGGT-1,untreated,bulk,-0.08431576505539909,0.009541612837398003,-0.017463428985660435
GSM7791000_TCGAACAAGCATATGA-1,untreated,bulk,-0.050179090954008576,0.009681192920642949,-0.20686106356627976
GSM7791000_TCGAACACAAAGGCTG-1,untreated,bulk,-0.03946934162624299,0.015253725274194725,-0.05383293703788918
GSM7791000_TCGAACACAGAGAAAG-1,untreated,bulk,0.007702845164707733,0.009005963253606966,-0.15529138218059535
GSM7791000_TCGAACACAGGTTCGC-1,untreated,bulk,-0.17862269810267858,0.013968263032807742,-0.018295462722580196
GSM7791000_TCGAACACATCTCGTC-1,untreated,bulk,-0.1158551609705365,0.010480819445273005,0.007520224041681819
GSM7791000_TCGAACACATGACGGA-1,untreated,bulk,-0.06341455274158053,0.01930801304361883,0.0559172389158888
GSM7791000_TCGAACAGTGCTCTCT-1,untreated,bulk,-0.10725130353655134,0.011317580870899893,0.048595526895315086
GSM7791000_TCGAACATCGCTTTAT-1,untreated,bulk,0.0017089604574536121,0.006955712897399553,-0.1347422087742544
GSM7791000_TCGAAGTAGAACTGAT-1,untreated,bulk,-0.15942260969252814,0.014276129079574403,-0.11687012240949349
GSM7791000_TCGAAGTAGAGCCGTA-1,untreated,bulk,-0.049238090515136716,0.019255966901652932,0.5174469540259782
GSM7791000_TCGAAGTAGCGTATAA-1,untreated,bulk,0.11615091467660571,0.015314571148246352,0.1017143510656189
GSM7791000_TCGAAGTAGTGTTCCA-1,untreated,bulk,0.00773063811044844,0.006103103973667344,-0.10739574161495434
GSM7791000_TCGAAGTCATGGCTAT-1,untreated,bulk,-0.002863495614793571,0.01073828630061438,-0.021401980336687845
GSM7791000_TCGACCTAGACCTCCG-1,untreated,bulk,-0.047820950008574004,0.006628058210783162,-0.06893909425793546
GSM7791000_TCGACCTCACCAGCGT-1,untreated,bulk,0.11640498206728982,0.016684631099566576,0.08929305261624358
GSM7791000_TCGACCTGTCACCTTC-1,untreated,bulk,-0.027162182974436927,0.0077547148871312315,-0.015146642811042742
GSM7791000_TCGACCTTCGTTGTTT-1,untreated,bulk,-0.12149465288434708,0.005563301121196807,-0.18706928093963857
GSM7791000_TCGACGGAGAGATCGC-1,untreated,bulk,0.09164913540794739,0.008350482348844791,0.06542646667277495
GSM7791000_TCGACGGAGAGTCAAT-1,untreated,bulk,-0.13924978347051714,0.012477664645186194,-0.2680608492409832
GSM7791000_TCGACGGAGATGTAGT-1,untreated,bulk,-0.1541365883463905,0.006853449334099421,-0.12648760135055462
GSM7791000_TCGACGGAGTGAGTTA-1,untreated,bulk,-0.04913591456791712,0.01417944577880503,0.20604765465290034
GSM7791000_TCGACGGCACAGTACT-1,untreated,bulk,-0.011735316382514127,0.010145650521429085,-0.11629283315706768
GSM7791000_TCGACGGCACTCAGAT-1,untreated,bulk,-0.02039937836783273,0.021565871545353006,0.5497515035255643
GSM7791000_TCGACGGGTACGACTT-1,untreated,bulk,-0.14822836084971353,0.01025669436456519,-0.03431011016099566
GSM7791000_TCGACGGGTCTCGCGA-1,untreated,bulk,-0.08728203001476473,0.009628607830873069,-0.007354663786330831
GSM7791000_TCGACGGTCATTACTC-1,untreated,bulk,0.011750139054797964,0.005951704905598285,-0.19969005486617825
GSM7791000_TCGATTTAGACTGTTC-1,untreated,bulk,0.10095431577591671,0.0171624183494883,0.30632664259672926
GSM7791000_TCGATTTAGGAGACCT-1,untreated,bulk,-0.10491854758489699,0.0066110748279118794,-0.0861163861392082
GSM7791000_TCGATTTAGGCGTTAG-1,untreated,bulk,-0.09255643136917599,0.014837455976229885,-0.16513397785508885
GSM7791000_TCGATTTAGTCCCGAC-1,untreated,bulk,-0.023935910785009007,0.005836942621289861,-0.04206969616149409
GSM7791000_TCGATTTCAGACCAAG-1,untreated,bulk,-0.09884444566000077,0.007635232626930208,-0.16990346565436804
GSM7791000_TCGATTTCAGCCCACA-1,untreated,bulk,-0.07950141906738281,0.01410279148248327,0.1697628640377792
GSM7791000_TCGATTTCATCTCCCA-1,untreated,bulk,-0.10443903866268338,0.008780369557228702,-0.1412340211789207
GSM7791000_TCGATTTTCAAACGTC-1,untreated,bulk,-0.08505296434674944,0.018499100045270937,0.1426227368290903
GSM7791000_TCGATTTTCGCGTGAC-1,untreated,bulk,0.09769386503431535,0.010495389059045897,-0.06779760455842658
GSM7791000_TCGCACTCAAGCGATG-1,untreated,bulk,-0.13081153290612357,0.011513332879600848,-0.05438363733764071
GSM7791000_TCGCACTCATAGGTAA-1,untreated,bulk,-0.05297467912946428,0.02253355579007656,0.42174603563202406
GSM7791000_TCGCACTCATTGCAAC-1,untreated,bulk,-0.07981438924395848,0.008662932417708278,-0.0211840804503879
GSM7791000_TCGCACTGTGAATGTA-1,untreated,bulk,-0.1240909685407366,0.020745731220558564,0.3348254493313993
GSM7791000_TCGCACTGTGGCTAGA-1,untreated,bulk,-0.012188975546095104,0.011285092400307596,-0.10551111077249237
GSM7791000_TCGCACTGTTCATCTT-1,untreated,bulk,-0.1775159890311105,0.012700370365215855,-0.08576570906793624
GSM7791000_TCGCACTGTTCGTTCC-1,untreated,bulk,-0.12262844543608409,0.012985774543005844,-0.1650387004233762
GSM7791000_TCGCACTTCACCGGGT-1,untreated,bulk,0.00921403461032444,0.01305422159581707,0.03983187693670699
GSM7791000_TCGCAGGCAGAGGTAC-1,untreated,bulk,-0.18100592545100622,0.006858500801376609,-0.17356519890040842
GSM7791000_TCGCAGGCAGGGACTA-1,untreated,bulk,-0.07009131840297154,0.024347625027872254,0.5462748136541711
GSM7791000_TCGCAGGGTACCGTGC-1,untreated,bulk,-0.028135709535507925,0.013325232759331875,-0.1767079136768387
GSM7791000_TCGCAGGGTGTGTACT-1,untreated,bulk,-0.07145328748793828,0.012776680979172448,-0.17114203038367964
GSM7791000_TCGCAGGTCGCTACAA-1,untreated,bulk,-0.059833308401561924,0.013295203960288982,-0.026198840540569108
GSM7791000_TCGCAGGTCGGCTTCT-1,untreated,bulk,-0.06274959670172797,0.0066606757080399336,-0.2734301707354887
GSM7791000_TCGCTCAAGAAACTCA-1,untreated,bulk,-0.13219896589006697,0.017523316832161358,0.16377889010100785
GSM7791000_TCGCTCAAGATTGGGC-1,untreated,bulk,-0.15923422313871838,0.010638364433830927,-0.11818508126489419
GSM7791000_TCGCTCAAGGCTCTCG-1,untreated,bulk,0.036806111865573476,0.010247853520833353,-0.10046666266111884
GSM7791000_TCGCTCACAAATTAGG-1,untreated,bulk,-0.13059482423086016,0.006475393115223437,0.11364551833545278
GSM7791000_TCGCTCACAGAGGGTT-1,untreated,bulk,-0.026607011386326374,0.011407982257049065,-0.09245250819282141
GSM7791000_TCGCTCACATTATGCG-1,untreated,bulk,-0.032497739034985734,0.008715658886705993,-0.1492484571210299
GSM7791000_TCGCTCAGTACGGATG-1,untreated,bulk,0.02381526795644609,0.010316809381911348,-0.03990529678216521
GSM7791000_TCGCTCATCAGAACCT-1,untreated,bulk,-0.018968333441113677,0.00808808895825486,-0.15438090628471443
GSM7791000_TCGCTCATCGTTAGTG-1,untreated,bulk,-0.0841026412116157,0.01085571843934625,-0.1627445146691831
GSM7791000_TCGCTTGCAAGCTACT-1,untreated,bulk,0.07222430849832201,0.013790422637271968,0.03338050474670754
GSM7791000_TCGCTTGCACTAACGT-1,untreated,bulk,-0.08258992876325333,0.014709908459969117,-0.15627832369027078
GSM7791000_TCGCTTGCAGGCTACC-1,untreated,bulk,-0.12024402421618263,0.0075169207611190374,-0.03913500948862759
GSM7791000_TCGCTTGCATCCAATG-1,untreated,bulk,-0.04795726420387389,0.007376320907569784,-0.1971964661250251
GSM7791000_TCGCTTGGTCACTCTC-1,untreated,bulk,0.002097141326419888,0.010677434958635728,-0.15056721061213757
GSM7791000_TCGCTTGGTGTCCGGT-1,untreated,bulk,-0.19768347603934153,0.01571550845830323,-0.0034093507860815287
GSM7791000_TCGGATACATCTATCT-1,untreated,bulk,-0.007519129495772103,0.00941643618019473,-0.11937539354854491
GSM7791000_TCGGATAGTTCTCCAC-1,untreated,bulk,-0.05242630371971735,0.018176741267170744,0.07327499705958988
GSM7791000_TCGGATATCGAACCTA-1,untreated,bulk,-0.06210573832194012,0.017595178134395286,0.12125869177662005
GSM7791000_TCGGATATCGCATAGT-1,untreated,bulk,0.24979891701350135,0.013819526603630715,0.022388585683123824
GSM7791000_TCGGATATCGCGTGAC-1,untreated,bulk,-0.0980227039730738,0.00813070469334283,-0.18600956199652216
GSM7791000_TCGGATATCTAGCCTC-1,untreated,bulk,-0.14295249889767359,0.009477249037465203,-0.21294850544652888
GSM7791000_TCGGGACAGATGTTAG-1,untreated,bulk,-0.016085468473888614,0.008236352054707918,-0.16708325972325225
GSM7791000_TCGGGACAGCGACTAG-1,untreated,bulk,0.019003278035966187,0.007052149524880952,-0.20202987154412627
GSM7791000_TCGGGACAGTATAACG-1,untreated,bulk,-0.12036539509182885,0.00855245746678089,0.012540271805016361
GSM7791000_TCGGGACAGTGGACGT-1,untreated,bulk,-0.03858229345745509,0.01296336726015809,0.03427834053413454
GSM7791000_TCGGGACGTTACGATC-1,untreated,bulk,0.14563087433103533,0.01207021647116938,-0.07376534425903768
GSM7791000_TCGGGACTCCGAAATC-1,untreated,bulk,-0.049970365705944236,0.008603386919449256,-0.11848321615539298
GSM7791000_TCGGGACTCGGATACT-1,untreated,bulk,0.09574898008316282,0.0034345346071499444,-0.038508566639163355
GSM7791000_TCGGGCAAGGAACGTC-1,untreated,bulk,-0.12544722333786978,0.0032252989293147785,-0.07549758529369259
GSM7791000_TCGGGCAAGGACAACC-1,untreated,bulk,-0.07344080243791852,0.017057849014818584,0.3709043837351311
GSM7791000_TCGGGCAAGTGCAACG-1,untreated,bulk,0.01632283475663926,0.010736847796852626,-0.17252044464364963
GSM7791000_TCGGGCACAATCAAGA-1,untreated,bulk,-0.06291397639683315,0.021996006477233432,0.4565967674022043
GSM7791000_TCGGGCACAGGGATAC-1,untreated,bulk,-0.08680857257237509,0.007022142305682291,-0.13455175559302665
GSM7791000_TCGGGCACATCATTGG-1,untreated,bulk,-0.05793671517145066,0.01155825480043022,-0.02552225061033554
GSM7791000_TCGGGCAGTAACGTTC-1,untreated,bulk,-0.16767325026648386,0.004884016111885729,-0.15976111451685748
GSM7791000_TCGGGCAGTTGCAACT-1,untreated,bulk,-0.06108031681605748,0.018519658653187852,0.5929330765863481
GSM7791000_TCGGGCAGTTTAAGGA-1,untreated,bulk,-0.02316283210875497,0.006934007003075434,-0.0017481595695457036
GSM7791000_TCGGGTGAGAAGCCAC-1,untreated,bulk,0.1340079440767803,0.011208237420302043,0.15915115620849166
GSM7791000_TCGGGTGAGTAACAGT-1,untreated,bulk,-0.023644417656792538,0.005777275553777934,-0.19887799472622858
GSM7791000_TCGGGTGCAACACGAG-1,untreated,bulk,-0.16077009757359823,0.00906330250384168,-0.1419891752994934
GSM7791000_TCGGGTGCAACACTAC-1,untreated,bulk,0.029177229139539962,0.004680245421855219,-0.08396382392756727
GSM7791000_TCGGGTGCATCATTGG-1,untreated,bulk,-0.05792545863560268,0.01540540841299088,0.5085825728320751
GSM7791000_TCGGGTGGTCCTGAAT-1,untreated,bulk,-0.025536706485445537,0.008859756682959317,-0.04827355234726431
GSM7791000_TCGGGTGGTGCCCAGT-1,untreated,bulk,0.054899168620033884,0.0095950181164738,-0.048754401140234827
GSM7791000_TCGGGTGTCACTCACC-1,untreated,bulk,-0.004385035454280789,0.0061979173191909,-0.13775251662518181
GSM7791000_TCGGGTGTCCATAGGT-1,untreated,bulk,-0.15186073303222655,0.01512462190979042,-0.10761626105839268
GSM7791000_TCGGGTGTCGGCTGGT-1,untreated,bulk,0.004375293065631197,0.007998311787576769,-0.07142167789496379
GSM7791000_TCGGTCTAGTGTTCCA-1,untreated,bulk,-0.028681055704752573,0.005687668768811916,-0.12068423772462653
GSM7791000_TCGGTCTAGTTTCGAC-1,untreated,bulk,0.049995237077985505,0.007143767632995028,-0.19153301769908965
GSM7791000_TCGGTCTCACGGTGAA-1,untreated,bulk,-0.033244758636232385,0.006143675119302705,-0.1497523943098347
GSM7791000_TCGGTCTGTAGCTGTT-1,untreated,bulk,-0.012738835925147657,0.004880630351984659,-0.0507166382890571
GSM7791000_TCGTAGAAGATGGTCG-1,untreated,bulk,-0.1793617266321939,0.0227960559928664,-0.10617084418843807
GSM7791000_TCGTAGAGTAGAATGT-1,untreated,bulk,-0.09402723039899553,0.018273258179652432,0.2941228806282445
GSM7791000_TCGTAGAGTCAAGGCA-1,untreated,bulk,0.10670544457814052,0.0035737079846028877,-0.11119727911506957
GSM7791000_TCGTAGATCAGGGATG-1,untreated,bulk,-0.145845217023577,0.012148014224862225,-0.04907496379333921
GSM7791000_TCGTAGATCGTAGAGG-1,untreated,bulk,-0.13774418422154017,0.011563125198772343,0.1486406737721231
GSM7791000_TCGTAGATCTAGACCA-1,untreated,bulk,-0.048299578409346317,0.004254039818776327,-0.23170788408581924
GSM7791000_TCGTCCACAAATTGGA-1,untreated,bulk,0.0011276316264319103,0.011966263064251477,0.19557878431618653
GSM7791000_TCGTCCACAGAGATTA-1,untreated,bulk,-0.041983670582846994,0.0068589579217053515,-0.07106885229817063
GSM7791000_TCGTCCAGTACAAGCG-1,untreated,bulk,-0.13711087908063616,0.012441343820125694,0.00988937912737128
GSM7791000_TCGTCCATCTCCTACG-1,untreated,bulk,-0.12286017281668526,0.011720939987860444,-0.01864610261043144
GSM7791000_TCGTGCTCAATGCAGG-1,untreated,bulk,-0.09648572759022789,0.014411000356264171,-0.023572717726291208
GSM7791000_TCGTGCTTCGTCAGAT-1,untreated,bulk,0.04326247722383528,0.010497829103715285,-0.051568488339711636
GSM7791000_TCGTGGGCACTCCTTG-1,untreated,bulk,-0.08574389715043326,0.010330644744296196,0.008306636970932913
GSM7791000_TCGTGGGCATCCGGTG-1,untreated,bulk,-0.12221665068278237,0.008169012166033671,-0.1530317830856741
GSM7791000_TCGTGGGGTAACATAG-1,untreated,bulk,0.1137013258252825,0.01164831727309127,-0.14444175335448517
GSM7791000_TCGTGGGTCATGCCAA-1,untreated,bulk,-0.04330384254455566,0.009480246187496162,0.02463144726117001
GSM7791000_TCGTGGGTCTTCCCGA-1,untreated,bulk,-0.11273089295341855,0.009099516180371353,-0.1891459839197845
GSM7791000_TCTAACTCATCTTAGG-1,untreated,bulk,-0.06843765917278472,0.006990188406364624,-0.04758056820421492
GSM7791000_TCTAACTGTTTCCAAG-1,untreated,bulk,0.0669886106914944,0.010533038171011835,-0.06542578555029017
GSM7791000_TCTAACTTCCTATTTG-1,untreated,bulk,-0.020900718068319668,0.007807085575408904,-0.1865847503733874
GSM7791000_TCTAACTTCTGGTCAA-1,untreated,bulk,-0.02358739005194771,0.006709345006085674,0.027917738666392924
GSM7791000_TCTACATAGACCTCAT-1,untreated,bulk,-0.04029249584864056,0.00828559359423937,-0.08666622488333295
GSM7791000_TCTACATAGGATTCCT-1,untreated,bulk,-0.05748683233109733,0.004820272174540731,-0.02371710982578771
GSM7791000_TCTACATGTGAGACGT-1,untreated,bulk,-0.15734892073131743,0.007840410242550425,-0.08454559514251193
GSM7791000_TCTACATGTGGAAATT-1,untreated,bulk,-0.15289508092971077,0.0047400877515796636,-0.04559732102354875
GSM7791000_TCTACATTCTTGGCTC-1,untreated,bulk,-0.14606185913085937,0.01288651456025537,0.1259481532602221
GSM7791000_TCTACCGAGATGCAGC-1,untreated,bulk,-0.13960256217018005,0.007854987546819557,-0.07446597668756891
GSM7791000_TCTACCGCATGGAATA-1,untreated,bulk,0.022296496043129582,0.008768685610333794,-0.11716816097836112
GSM7791000_TCTACCGGTCGATTAC-1,untreated,bulk,0.08798141615731375,0.015791146160908803,0.29901240832941667
GSM7791000_TCTACCGGTCGTTTCC-1,untreated,bulk,-0.12116344088599794,0.005955543022244784,-0.1033521105403712
GSM7791000_TCTACCGTCTATCGGA-1,untreated,bulk,-0.11652836390904017,0.01264111137238351,0.03908654400423111
GSM7791000_TCTATACAGAGAGCAA-1,untreated,bulk,-0.1713030677371555,0.0054641312380927206,-0.0942308591209366
GSM7791000_TCTATACAGTATTGCC-1,untreated,bulk,-0.020388714926583427,0.019875896644846642,0.5771258755307788
GSM7791000_TCTATACAGTCCTGTA-1,untreated,bulk,-0.1257324188474625,0.009428902985648068,0.053797501458203834
GSM7791000_TCTATACCACAGTACT-1,untreated,bulk,-0.16688761029924665,0.02407822393234671,0.27697922187379653
GSM7791000_TCTATACGTATGATCC-1,untreated,bulk,-0.019409497806004122,0.00940990359569273,-0.14295556954697158
GSM7791000_TCTATACGTTGCCATA-1,untreated,bulk,0.04552050984095013,0.006566354044316781,0.05981496226308645
GSM7791000_TCTATACTCCACTGAA-1,untreated,bulk,-0.08065420786539712,0.006028868325830796,-0.11025584947256763
GSM7791000_TCTATACTCTGACGCG-1,untreated,bulk,-0.2116572788783482,0.007100730444027009,-0.11870408789460737
GSM7791000_TCTATCAAGAAGCCTG-1,untreated,bulk,-0.08346790881383986,0.006639719216211103,-0.15581639775103379
GSM7791000_TCTATCAAGACCAGAC-1,untreated,bulk,-0.06876059698680087,0.0030503587666507303,-0.0373543722070127
GSM7791000_TCTATCAAGCACTCCG-1,untreated,bulk,-0.14497190891750275,0.00909392236139267,0.01610085172235406
GSM7791000_TCTATCAAGGGCAACT-1,untreated,bulk,-0.058427629660046304,0.011287415904257463,-0.12389537235369336
GSM7791000_TCTATCACAAGCGCTC-1,untreated,bulk,-0.09117960755787198,0.007627516546145788,0.15476806140397936
GSM7791000_TCTATCACAAGTTCCA-1,untreated,bulk,0.04802356462630014,0.007270461437972979,-0.12934039667560956
GSM7791000_TCTATCACACGTTCGG-1,untreated,bulk,-0.09947225373888771,0.004200550123327936,-0.17203613219279482
GSM7791000_TCTATCAGTATACAGA-1,untreated,bulk,-0.1372537558419364,0.011736166346738994,0.16400184926584202
GSM7791000_TCTATCAGTCTCTCTG-1,untreated,bulk,-0.1571647527861217,0.0069393767233137315,-0.12611750297979601
GSM7791000_TCTATCAGTTCTTGTT-1,untreated,bulk,0.006180148654513898,0.026049270003472562,0.23583030241562616
GSM7791000_TCTCACGGTCCAGCGT-1,untreated,bulk,-0.057633413360232394,0.01067099816437976,-0.07699068296270088
GSM7791000_TCTCACGGTTTGGGAG-1,untreated,bulk,-0.05933772934807671,0.004739501416842014,0.01916157831553864
GSM7791000_TCTCACGTCTACGCAA-1,untreated,bulk,-0.022262710086883075,0.009307838916323108,-0.013389692514795565
GSM7791000_TCTCACGTCTCTGAGA-1,untreated,bulk,-0.08975479670933315,0.017813700466982996,0.401857166130008
GSM7791000_TCTCAGCAGCTTCGTA-1,untreated,bulk,-0.004548109902275943,0.003904295023831661,0.05971547286407393
GSM7791000_TCTCAGCAGTCTAGCT-1,untreated,bulk,0.11970829433865016,0.00483073650488547,-0.11497488310986817
GSM7791000_TCTCAGCGTAACTGCT-1,untreated,bulk,-0.0001858926954723672,0.007251246483830968,-0.17606746264659787
GSM7791000_TCTCAGCGTGAATGAT-1,untreated,bulk,0.06450120176587787,0.011179794760667744,0.033631483245141695
GSM7791000_TCTCAGCGTTACACAC-1,untreated,bulk,-0.1209350693793524,0.00546596099728974,-0.2053884405953399
GSM7791000_TCTCAGCTCGATACAC-1,untreated,bulk,0.044737227606394925,0.01285644287635796,0.16685931782125013
GSM7791000_TCTCCGATCTTAGCCC-1,untreated,bulk,-0.05592704878913035,0.0048394468703793405,0.0772802404019391
GSM7791000_TCTCTGGAGACGGTTG-1,untreated,bulk,-0.09039801643008277,0.007198935383365538,-0.04895953464668999
GSM7791000_TCTCTGGAGACTCAAA-1,untreated,bulk,0.053040051990085185,0.00839831470974054,-0.004251681380740541
GSM7791000_TCTCTGGAGCAAGGAA-1,untreated,bulk,0.12269268414330861,0.0061762911059049155,-0.1282052787751973
GSM7791000_TCTCTGGAGGTTATAG-1,untreated,bulk,0.09162749063400993,0.008316341646290417,-0.08857318501589134
GSM7791000_TCTCTGGAGTCCCGGT-1,untreated,bulk,0.06416937313382587,0.009869720934371827,-0.002177663953710324
GSM7791000_TCTCTGGCACCTCTAC-1,untreated,bulk,-0.04327144865005736,0.008231765905668278,-0.12555004269157088
GSM7791000_TCTCTGGCAGCTGCCA-1,untreated,bulk,-0.09836869239807128,0.0064653755920642065,-0.02149174781864949
GSM7791000_TCTCTGGGTCTCTCAC-1,untreated,bulk,-0.03138947502015127,0.006041669249823005,-0.031483513066092324
GSM7791000_TCTCTGGTCATTCATC-1,untreated,bulk,-0.28397000994001115,0.009666676637213328,-0.18695240176269212
GSM7791000_TCTGCCACAATGTCAC-1,untreated,bulk,-0.07753842225150456,0.008056475777317494,-0.1229319337705327
GSM7791000_TCTGCCAGTAAGCGGT-1,untreated,bulk,0.05730905048430909,0.006636485600214437,-0.263698937058262
GSM7791000_TCTGCCAGTGAATAAC-1,untreated,bulk,-0.053972173418317525,0.022582941944586335,0.5000180698123623
GSM7791000_TCTGCCAGTGGATGAC-1,untreated,bulk,-0.1531839911142985,0.017055344866718555,-0.15543800414260572
GSM7791000_TCTGCCAGTGGTACAG-1,untreated,bulk,0.10726331468612427,0.008695331173658125,0.01304771794576278
GSM7791000_TCTGCCAGTGTTGATC-1,untreated,bulk,-0.05877285306415858,0.006036498479318108,-0.07810442107609873
GSM7791000_TCTGCCATCGCTGTCT-1,untreated,bulk,-0.11445734856620665,0.007666749532615525,-0.11877910663217904
GSM7791000_TCTGGCTAGCGTGAGT-1,untreated,bulk,-0.06271466179499552,0.005063624290365729,-0.1679306830632863
GSM7791000_TCTGGCTAGGCACTAG-1,untreated,bulk,0.01557572894626194,0.011020947806767606,-0.06985511226676072
GSM7791000_TCTGGCTCAATGGCAG-1,untreated,bulk,-0.06816310651718624,0.011933632146168213,-0.04140883797893609
GSM7791000_TCTGGCTCACTGCTTC-1,untreated,bulk,-0.11194571358816964,0.01608805681725684,0.2503445024780388
GSM7791000_TCTGGCTCAGACCTGC-1,untreated,bulk,-0.06797692889258974,0.004590942990033994,-0.15608532117789461
GSM7791000_TCTGGCTGTAGGAGTC-1,untreated,bulk,-0.2137868172781808,0.006898729502555105,-0.11972112106008181
GSM7791000_TCTGGCTGTCTGCGCA-1,untreated,bulk,-0.03720205882238961,0.007140113733192436,-0.1187028095317251
GSM7791000_TCTGGCTTCACTGGTA-1,untreated,bulk,-0.22787874494280133,0.032927978670712524,0.08629279738921959
GSM7791000_TCTGGCTTCCTGTTGC-1,untreated,bulk,-0.1117841851522052,0.0033168593079167838,-0.11944202318443631
GSM7791000_TCTGGCTTCGGCATAT-1,untreated,bulk,0.03350193992493644,0.01297297400938115,0.0649689898746736
GSM7791000_TCTGGCTTCGTGGGTC-1,untreated,bulk,-0.14188707378175525,0.004756348579903549,-0.0552918981504058
GSM7791000_TCTGTCGAGCACTCAT-1,untreated,bulk,0.12482696185036311,0.01819091440662251,0.43582740095038053
GSM7791000_TCTGTCGAGGGTGAGG-1,untreated,bulk,-0.07919912307981464,0.005132015906339647,-0.04738610357144697
GSM7791000_TCTGTCGCAAGTGCTT-1,untreated,bulk,-0.0842178618340265,0.010716612942131967,0.09108278997367932
GSM7791000_TCTGTCGCACTCGATA-1,untreated,bulk,-0.004869885823083314,0.003991382350365644,-0.14062795620393456
GSM7791000_TCTGTCGGTTTCAGAC-1,untreated,bulk,0.10529319854009718,0.009790438783977937,0.062452958500737295
GSM7791000_TCTTAGTAGGCCACTC-1,untreated,bulk,-0.06856537410191127,0.017757669641477555,0.3935530635020259
GSM7791000_TCTTAGTAGGTGCCAA-1,untreated,bulk,-0.0765233487931509,0.006214829042099767,-0.09134003401588449
GSM7791000_TCTTAGTAGTCAACAA-1,untreated,bulk,-0.11006197255755226,0.005897353561328901,-0.1035001308455549
GSM7791000_TCTTAGTCACGACGAA-1,untreated,bulk,0.07929958373781235,0.009709005357986767,0.0696273499467152
GSM7791000_TCTTAGTGTACGTGAG-1,untreated,bulk,-0.11577089582170759,0.010418616677433072,0.013242849905733878
GSM7791000_TCTTAGTTCAGCCCAG-1,untreated,bulk,0.032078605682130834,0.012837659685805108,-0.01868505920684904
GSM7791000_TCTTCCTAGTACAGAT-1,untreated,bulk,-0.21681095668247768,0.011318727577185491,-0.028886335166024412
GSM7791000_TCTTCCTCAGAGGAAA-1,untreated,bulk,-0.1784035139235239,0.007206012584301518,-0.11964640849425909
GSM7791000_TCTTCCTGTCTACGAT-1,untreated,bulk,-0.13618123879508368,0.012895519757456002,0.2035100642543602
GSM7791000_TCTTCCTGTGAGTAAT-1,untreated,bulk,-0.05583824876755003,0.006838730104189554,0.023769405417509604
GSM7791000_TCTTCCTGTTAAGACA-1,untreated,bulk,-0.008587571855575293,0.012369918726862482,-0.06002551726101394
GSM7791000_TCTTCCTTCCGTAGGC-1,untreated,bulk,0.08833576558128235,0.018163832275572667,0.40372134700567014
GSM7791000_TCTTCCTTCGAGTTGT-1,untreated,bulk,-0.084454836164202,0.019013033761151845,0.48237466485604974
GSM7791000_TCTTCCTTCTAGCATG-1,untreated,bulk,-0.02222854326641749,0.008270526965813629,-0.06892594762468907
GSM7791000_TCTTGCGAGCATGAAT-1,untreated,bulk,-0.042195614406040735,0.017133136187609328,0.41087555775128154
GSM7791000_TCTTGCGAGCCTCTCT-1,untreated,bulk,-0.01823129593379913,0.004240316992359894,-0.10021802771092615
GSM7791000_TCTTGCGAGGGTCTTT-1,untreated,bulk,-0.06182834769052173,0.0030593119356234766,0.020795824998596717
GSM7791000_TCTTGCGCAATGGGTG-1,untreated,bulk,-0.09971972787190997,0.005817021250131457,-0.034377850343743764
GSM7791000_TCTTGCGGTCCCTCAT-1,untreated,bulk,0.1982982403891427,0.011071321223083143,0.17367069435609533
GSM7791000_TCTTGCGGTGAGATTA-1,untreated,bulk,0.0599844251360212,0.007275296338867634,0.0017380029103808863
GSM7791000_TCTTGCGTCATCGTAG-1,untreated,bulk,-0.05644320139809261,0.005823296004248292,-0.060923750610038435
GSM7791000_TCTTTGAAGAGTTCGG-1,untreated,bulk,-0.018334433691842216,0.01692706538009736,0.5071027820972984
GSM7791000_TCTTTGAAGATTGGGC-1,untreated,bulk,-0.10687157782297285,0.008056368574718517,-0.04413092634682118
GSM7791000_TCTTTGACAGTCAGTT-1,untreated,bulk,-0.19523917623928616,0.007372800165317253,-0.13418361667602233
GSM7791000_TCTTTGAGTGTTGCCG-1,untreated,bulk,-0.07605372444031727,0.006020622141878079,-0.23652520625185983
GSM7791000_TCTTTGATCGGCCCAA-1,untreated,bulk,-0.1364971487862723,0.006883550737843387,-0.13237115801866392
GSM7791000_TGAACGTAGCCATTGT-1,untreated,bulk,-0.016046059472220292,0.007062890150895871,-0.06641936438541611
GSM7791000_TGAACGTAGCGGTATG-1,untreated,bulk,-0.061091435447571785,0.005211006474585951,0.040547251144606306
GSM7791000_TGAACGTAGGGACTGT-1,untreated,bulk,0.05192688101813908,0.011674323244604521,-0.10825286321539683
GSM7791000_TGAACGTCAAAGCGTG-1,untreated,bulk,-0.07975260568043543,0.002773545437801998,-0.14218952234017984
GSM7791000_TGAACGTGTGTTCGTA-1,untreated,bulk,-0.026608072311159164,0.006113200064334101,-0.05359692538875403
GSM7791000_TGAACGTTCCGCAAAT-1,untreated,bulk,-0.09868367028614833,0.006241432826436555,-0.053997351408676834
GSM7791000_TGAACGTTCTCTCAAT-1,untreated,bulk,-0.029901646356734007,0.00793298668977669,-0.10625506327107989
GSM7791000_TGAATCGAGTTCACTG-1,untreated,bulk,-0.05510405177161809,0.005078003073991057,-0.20296169986415655
GSM7791000_TGAATCGCACACGGTC-1,untreated,bulk,-0.0950380201188345,0.006497734941965923,-0.07624932155834538
GSM7791000_TGAATCGCACTTTAGG-1,untreated,bulk,-0.08473670490204341,0.005402660852070385,0.038048869056646846
GSM7791000_TGAATCGGTGGCTGAA-1,untreated,bulk,-0.03633807318551199,0.010457602750361733,-0.06425086776158094
GSM7791000_TGAATGCAGAGTGTTA-1,untreated,bulk,-0.03392661972651409,0.005498325419945257,0.0023453340344568615
GSM7791000_TGAATGCAGTTGTAAG-1,untreated,bulk,-0.04674289703369141,0.016469188508179602,0.5187209185710325
GSM7791000_TGAATGCCAACCCGCA-1,untreated,bulk,-0.15054932128815424,0.010493627771260974,0.009595162990508933
GSM7791000_TGAATGCCATCTCCCA-1,untreated,bulk,-0.06225828753577338,0.011265302496719918,-0.1797288071604984
GSM7791000_TGAATGCGTCATGGCC-1,untreated,bulk,-0.06027748403095062,0.010651020520954861,-0.01956161162283457
GSM7791000_TGAATGCTCTGCGTCT-1,untreated,bulk,-0.1848500781210642,0.006275335622781582,-0.10027216930939656
GSM7791000_TGACAGTCACCCTATC-1,untreated,bulk,-0.015113875373961444,0.006093976921191894,-0.0819980842041258
GSM7791000_TGACAGTCATTCAGGT-1,untreated,bulk,-0.0033612812133062275,0.008848813284729825,-0.0995815223804928
GSM7791000_TGACAGTTCTGGTTGA-1,untreated,bulk,-0.01325296432252912,0.0035206659837577247,-0.05816684517462549
GSM7791000_TGACAGTTCTGTGTGA-1,untreated,bulk,0.004652818800911063,0.003228784013009187,-0.17471752452104072
GSM7791000_TGACCCTAGACTAGAT-1,untreated,bulk,0.044758472745380695,0.0055730828009928094,-0.1491223277122466
GSM7791000_TGACCCTCACTCATAG-1,untreated,bulk,-0.11572321210588728,0.018788353569314024,0.2897475609400399
GSM7791000_TGACCCTGTATACGGG-1,untreated,bulk,-0.018752070684281613,0.006362898582304947,-0.1326448496556717
GSM7791000_TGACCCTGTATCGTAC-1,untreated,bulk,-0.025009126284765815,0.004171600439182712,-0.04510530232843297
GSM7791000_TGACCCTTCCCAACTC-1,untreated,bulk,-0.19366641078676494,0.008617467277661323,-0.016874271705705157
GSM7791000_TGACCCTTCGAAATCC-1,untreated,bulk,0.008501169416639531,0.013263400546662306,-0.05842677754010621
GSM7791000_TGACGCGAGCTGTTCA-1,untreated,bulk,-0.07761815646338084,0.01195724319075435,-0.01681187680740143
GSM7791000_TGACGCGCAAATCGTC-1,untreated,bulk,-0.005852182025001179,0.003776507242172208,-0.09442606153104488
GSM7791000_TGACGCGCATTGGCAT-1,untreated,bulk,-0.11491942129437886,0.005917119809662548,-0.053076880001696046
GSM7791000_TGACGCGGTTACGCCG-1,untreated,bulk,-0.08611685540941025,0.00518888849451762,-0.12093841358359225
GSM7791000_TGACGCGTCTGTACAG-1,untreated,bulk,-0.03062706054203093,0.009013769262346904,-0.15178201656999835
GSM7791000_TGACTCCCACTCAAGT-1,untreated,bulk,-0.033097602374969975,0.008331024841638066,0.02592313337192763
GSM7791000_TGACTCCTCACTCGAA-1,untreated,bulk,-0.05660306658063616,0.018107159089698996,0.4171426009711384
GSM7791000_TGAGACTAGCGTATAA-1,untreated,bulk,-0.08376905653211805,0.009087521930212058,-0.15098206654713547
GSM7791000_TGAGACTCACAAGTGG-1,untreated,bulk,-0.06307992117745535,0.012168610924874736,0.27654213613494566
GSM7791000_TGAGACTGTACGACAG-1,untreated,bulk,0.044526109544057696,0.009021481460471414,0.12175423687414345
GSM7791000_TGAGACTGTCGTTGCG-1,untreated,bulk,0.012442197799682614,0.008836725086786996,-0.08552333923030915
GSM7791000_TGAGACTGTCTGGTTA-1,untreated,bulk,0.021124941205221515,0.007057670973085694,-0.08791796455437621
GSM7791000_TGAGACTTCGAGAGAC-1,untreated,bulk,-0.07750928243001304,0.004234311845893785,-0.06111515842989777
GSM7791000_TGAGCATAGCATCCCG-1,untreated,bulk,-0.0768154307774135,0.02237951487703982,0.4415786783994703
GSM7791000_TGAGCATAGCATTGAA-1,untreated,bulk,0.06427686403668117,0.012380933913866098,0.024633362160504664
GSM7791000_TGAGCATAGCGTTCAT-1,untreated,bulk,-0.14932603143510365,0.010386158650630944,-0.0406764777935671
GSM7791000_TGAGCATAGTAACAGT-1,untreated,bulk,0.11580197606767928,0.0038346438461484495,-0.16073941824435925
GSM7791000_TGAGCATCACATGTTG-1,untreated,bulk,-0.1668160536932567,0.00688556274798686,-0.02141205537497525
GSM7791000_TGAGCATCATGCCATA-1,untreated,bulk,-0.12581211635044642,0.014270560875012283,0.21870815542310276
GSM7791000_TGAGCATGTAGTCCTA-1,untreated,bulk,-0.08087971384563145,0.006204853600284025,-0.03892792010212501
GSM7791000_TGAGCATGTTAATGAG-1,untreated,bulk,-0.11743320048801484,0.0028425254408349335,-0.16003032356902974
GSM7791000_TGAGCATTCGAATGCT-1,untreated,bulk,-0.10613021305629183,0.004443464635483505,-0.22368039690641514
GSM7791000_TGAGCATTCTATGCCC-1,untreated,bulk,0.11787113356211829,0.011325462711235686,-0.020266973428322097
GSM7791000_TGAGCATTCTCATTTG-1,untreated,bulk,-0.11477563577985006,0.008281011230596068,-0.04245435277139291
GSM7791000_TGAGCGCCAAGATGTA-1,untreated,bulk,-0.12287802779485307,0.0060425867360882944,-0.04775733231374434
GSM7791000_TGAGCGCCAGGGATAC-1,untreated,bulk,-0.07639714362129335,0.007300689991771292,0.021139736195898977
GSM7791000_TGAGCGCGTGCGGATA-1,untreated,bulk,-0.1773273141800411,0.010560492533397938,-0.12139497029409778
GSM7791000_TGAGCGCGTGGATTTC-1,untreated,bulk,0.05520486211019848,0.009002471417074652,-0.18570414580284245
GSM7791000_TGAGCGCTCGACCAAT-1,untreated,bulk,-0.1450903209807381,0.012223766664491535,0.06250896505610183
GSM7791000_TGAGCGCTCGATGCTA-1,untreated,bulk,-0.02766418706803095,0.007342740801387447,-0.12287736324516826
GSM7791000_TGAGGAGCAATGTCAC-1,untreated,bulk,-0.04655174043443469,0.013359083456960838,0.2966199900516264
GSM7791000_TGAGGAGCAGAGATGC-1,untreated,bulk,-0.03307218665168399,0.007943431528435435,-0.027534723158244706
GSM7791000_TGAGGAGGTGGTAATA-1,untreated,bulk,-0.07143492358071463,0.009010599281287378,-0.1658556008311707
GSM7791000_TGAGGAGTCCCTCTCC-1,untreated,bulk,-0.08386390897962781,0.004682620232960212,-0.00037564654818690265
GSM7791000_TGAGGAGTCGGACGTC-1,untreated,bulk,-0.06974411010742188,0.022972172172680345,0.4378231029367049
GSM7791000_TGAGGGAAGGTTGTTC-1,untreated,bulk,-0.17298769269670758,0.009932249265101733,0.041439284377226805
GSM7791000_TGAGGGACAACCGATT-1,untreated,bulk,-0.044675257546561105,0.016726249789360027,0.40778893505290537
GSM7791000_TGAGGGACACGTCGGT-1,untreated,bulk,-0.17408523559570313,0.008591725362957244,-0.024893305734479097
GSM7791000_TGAGGGACATGCGGTC-1,untreated,bulk,0.015092981883457729,0.009224627411410644,-0.006207790328692264
GSM7791000_TGAGGTTAGGTATTGA-1,untreated,bulk,-0.2015864780970982,0.009412935182119006,-0.15130127580947988
GSM7791000_TGAGGTTAGTGGTTAA-1,untreated,bulk,-0.06187140146891276,0.00616931538833214,-0.20275089657248035
GSM7791000_TGAGTCAAGGAGCAAA-1,untreated,bulk,0.002523101019480861,0.006080447834340565,-0.13126219831495622
GSM7791000_TGAGTCAAGGGCTTCC-1,untreated,bulk,-0.10652870477191986,0.00963480940871512,0.04617292817150281
GSM7791000_TGAGTCACAGACCCGT-1,untreated,bulk,-0.13595838039640396,0.00607224093028166,-0.06823330663919362
GSM7791000_TGAGTCACATGTCAGT-1,untreated,bulk,-0.10764332332308332,0.03472180354224717,-0.08122641493592633
GSM7791000_TGAGTCAGTCTAACTG-1,untreated,bulk,-0.04333029996781124,0.005770494005878842,-0.03528969433124102
GSM7791000_TGAGTCAGTTCTATCT-1,untreated,bulk,0.22142862289670917,0.013390376235094118,0.03702248136046609
GSM7791000_TGAGTCAGTTTGGGTT-1,untreated,bulk,0.16759652970329164,0.00854430167886411,-0.20838450937493372
GSM7791000_TGATCAGAGACATACA-1,untreated,bulk,-0.24590133666992187,0.008752101859529128,-0.07624118505807449
GSM7791000_TGATCAGCAACGACAG-1,untreated,bulk,-0.08897709543742831,0.011752212109430763,-0.03907555886016418
GSM7791000_TGATCAGCAATACCTG-1,untreated,bulk,-0.08326376725756932,0.009040511090360824,-0.06982826946662986
GSM7791000_TGATCAGTCCATACAG-1,untreated,bulk,-0.05899514326973568,0.012328407630014762,0.17877329106850728
GSM7791000_TGATCAGTCGCTGATA-1,untreated,bulk,-0.0730115644893949,0.014257581994848906,-0.07514022393545053
GSM7791000_TGATCAGTCGTTATCT-1,untreated,bulk,-0.07725539071219308,0.024106051061910258,0.4643859440335176
GSM7791000_TGATCAGTCTTCTGGC-1,untreated,bulk,0.05771819038996617,0.006973322301508108,-0.05737111630781509
GSM7791000_TGATCTTAGCCTTGAT-1,untreated,bulk,-0.0620386232648577,0.01680717893996128,0.3839401021066631
GSM7791000_TGATCTTGTGGTACAG-1,untreated,bulk,-0.054436391194661454,0.012991184023739145,0.13639478776645994
GSM7791000_TGATCTTTCTTTGCAT-1,untreated,bulk,-0.10800048551862203,0.009932333546118558,0.018638891448732448
GSM7791000_TGATGCAGTAAGATAC-1,untreated,bulk,-0.13882757031728352,0.008394574224193093,0.023222454583895682
GSM7791000_TGATGCAGTACCAGAG-1,untreated,bulk,0.12703844130985317,0.0074684475278720495,-0.16431027778016744
GSM7791000_TGATGCAGTAGACACG-1,untreated,bulk,-0.03908904999021501,0.006550273151700324,-0.14984481065716337
GSM7791000_TGATGCAGTGTACAGG-1,untreated,bulk,-0.15051150730678015,0.011791019331589086,-0.02110145389656251
GSM7791000_TGATGCATCACTGCTC-1,untreated,bulk,-0.01914232859535822,0.00666367063056613,-0.05054274520585005
GSM7791000_TGATGGTAGTCAGCCC-1,untreated,bulk,0.11807296798342748,0.008839844058196994,0.0525395155795458
GSM7791000_TGATGGTGTTACACTG-1,untreated,bulk,0.005544936467730799,0.007693444977744868,-0.05830887318450965
GSM7791000_TGATGGTTCCACATAG-1,untreated,bulk,0.08952074247693256,0.008820944264325455,0.10968858308507942
GSM7791000_TGATGGTTCTCGGTCT-1,untreated,bulk,0.061379430558946374,0.012753674092246783,0.13632351413376223
GSM7791000_TGATGGTTCTTGCAGA-1,untreated,bulk,0.004851127200656474,0.004702595317455748,-0.18481607685568896
GSM7791000_TGATTCTAGATACAGT-1,untreated,bulk,-0.1398867742599003,0.00884326161794305,-0.174494396495885
GSM7791000_TGATTCTAGCTAAACA-1,untreated,bulk,-0.04122838277665397,0.005775585534552604,-0.08769704537611513
GSM7791000_TGATTCTAGGGAACAA-1,untreated,bulk,0.0016939028482588492,0.006026519357891628,-0.15961526894149702
GSM7791000_TGATTCTCACCGTACG-1,untreated,bulk,0.07263037242586651,0.016002253068323966,-0.11690653845200288
GSM7791000_TGATTCTGTATTTCCT-1,untreated,bulk,-0.08406055162823389,0.0058419076532577425,-0.11337086246547275
GSM7791000_TGATTCTGTCACCCTT-1,untreated,bulk,-0.08095124153863817,0.00350556742322371,-0.08890563033660463
GSM7791000_TGATTCTGTCCCGCAA-1,untreated,bulk,-0.1738965590794881,0.007416533288540349,-0.08454633904239917
GSM7791000_TGATTCTGTGAACGGT-1,untreated,bulk,0.07371670919751361,0.007535539565940148,-0.03465787463054188
GSM7791000_TGATTCTGTGTCCATA-1,untreated,bulk,-0.05140303475516183,0.017657467216358136,0.2747567012901378
GSM7791000_TGATTCTTCACAAGAA-1,untreated,bulk,-0.18418108258928573,0.013442241160871634,0.265561580329303
GSM7791000_TGATTCTTCTTTCGAT-1,untreated,bulk,0.013180215623643632,0.0037045990311139923,-0.130840481993476
GSM7791000_TGATTTCCAACTCGTA-1,untreated,bulk,-0.12573346864609491,0.0054871337817300565,-0.061163951653498784
GSM7791000_TGATTTCCAAGGATGC-1,untreated,bulk,-0.1288419201260521,0.006880104724807226,0.05932009205838699
GSM7791000_TGATTTCGTGGTCTGC-1,untreated,bulk,-0.026005240470644023,0.01813648254084017,0.15968435799588843
GSM7791000_TGATTTCGTTTCGTAG-1,untreated,bulk,-0.03836342947823661,0.012419331747327712,0.46702715618048957
GSM7791000_TGCACGGGTAGAGGAA-1,untreated,bulk,0.15610908250960093,0.009318074833258428,-0.006197114749175751
GSM7791000_TGCACGGGTCAACGCC-1,untreated,bulk,-0.05194940839494977,0.007962862285336901,-0.14729046660595238
GSM7791000_TGCACGGGTGCAGGAT-1,untreated,bulk,-0.10412709622156051,0.019901322711885466,0.09333091614605224
GSM7791000_TGCACGGGTTCGAAGG-1,untreated,bulk,-0.03308431595090838,0.004319793730228543,-0.2351722718942169
GSM7791000_TGCACGGTCACCGGTG-1,untreated,bulk,-0.09630636306036086,0.005316753580009387,-0.012932297083581241
GSM7791000_TGCAGATAGGGACAGG-1,untreated,bulk,-0.08779341251131084,0.011309062794786096,-0.01205429857000748
GSM7791000_TGCAGATCAAAGGCAC-1,untreated,bulk,-0.013035412288847442,0.0066131423053321725,0.01836428559209293
GSM7791000_TGCAGATTCTCATGCC-1,untreated,bulk,-0.049917122371613026,0.009808507485418633,0.06834938175045539
GSM7791000_TGCAGGCAGAATGTTG-1,untreated,bulk,-0.02845096648685516,0.0069447160463324015,-0.13140185569443918
GSM7791000_TGCAGGCCAACGGTAG-1,untreated,bulk,-0.04844212259565078,0.002452678315089483,-0.11176335101491365
GSM7791000_TGCAGGCCATTCAGCA-1,untreated,bulk,-0.026543196874951575,0.009645761941980111,-0.04314228301286337
GSM7791000_TGCAGGCGTAAGCAAT-1,untreated,bulk,-0.028650830321841778,0.011930837599322335,-0.04917790745787806
GSM7791000_TGCAGGCGTCTGCCTT-1,untreated,bulk,-0.1462765373880901,0.007148080071010574,-0.017369356878886803
GSM7791000_TGCAGGCTCCCGATCT-1,untreated,bulk,-0.046347301346915115,0.007665796237596995,-0.1112299517268879
GSM7791000_TGCAGGCTCCCTGGTT-1,untreated,bulk,0.06771265514313232,0.007187510250400395,-0.12834040853024825
GSM7791000_TGCAGGCTCCGTCACT-1,untreated,bulk,-0.06744734907907152,0.018597647164172875,-0.023260040148405194
GSM7791000_TGCAGGCTCGCCTCTA-1,untreated,bulk,0.08492256013173904,0.008283486775449584,-0.024113527642229193
GSM7791000_TGCAGTAAGGTGAGCT-1,untreated,bulk,-0.09786484854561942,0.013413743886225207,0.28693838969332874
GSM7791000_TGCAGTAAGTGAGTTA-1,untreated,bulk,-0.09973052399499074,0.01724132303505891,0.10749925362283778
GSM7791000_TGCAGTACAAGAATGT-1,untreated,bulk,0.16225203922816683,0.019003778901963843,0.2267040162877221
GSM7791000_TGCAGTACACTCTCGT-1,untreated,bulk,-0.0430417191036164,0.0035706156180634247,-0.03269207188160469
GSM7791000_TGCAGTAGTCTAGGTT-1,untreated,bulk,-0.009435572624206544,0.017763773112518526,0.5415079390533848
GSM7791000_TGCAGTAGTGCAGGAT-1,untreated,bulk,-0.1488890487050253,0.004671896350785249,-0.28073856015573295
GSM7791000_TGCAGTAGTTGCAACT-1,untreated,bulk,0.013449229285830533,0.006391200618428039,-0.06600723734783978
GSM7791000_TGCAGTATCCCTTGGT-1,untreated,bulk,-0.09989924313530091,0.008030748334828853,-0.1699625347980839
GSM7791000_TGCAGTATCCTTATGT-1,untreated,bulk,0.007971756571815147,0.0074024101093109395,-0.0428877239899196
GSM7791000_TGCAGTATCGAGTACT-1,untreated,bulk,-0.180991945153191,0.010774265932608613,-0.0901479503445404
GSM7791000_TGCAGTATCGCCTTGT-1,untreated,bulk,-0.1528879874093192,0.008499325221558458,-0.07505500060960626
GSM7791000_TGCATCCAGCTCACTA-1,untreated,bulk,-0.11433313437870568,0.007623235615986733,-0.1299207561010902
GSM7791000_TGCATCCAGCTCTATG-1,untreated,bulk,-0.06966990879603795,0.014877662391791353,0.2711493791205108
GSM7791000_TGCATCCAGGCGTCCT-1,untreated,bulk,0.03459247589111328,0.007559835080050713,-0.06147159401651869
GSM7791000_TGCATCCCAACACGAG-1,untreated,bulk,-0.023840777836148686,0.010283132805620238,-0.0930132747335934
GSM7791000_TGCATCCTCGGCATCG-1,untreated,bulk,-0.01936938830784389,0.015044368119549012,0.5048084819963948
GSM7791000_TGCATGAAGGAAGTAG-1,untreated,bulk,-0.005998221200609971,0.008212519355523135,-0.10054670299466709
GSM7791000_TGCATGAAGTCTCGTA-1,untreated,bulk,0.03986242052108521,0.0068113581451072,-0.13692739144966581
GSM7791000_TGCATGAGTCCTGAAT-1,untreated,bulk,-0.17258012586169774,0.009245675825995779,-0.08825830640364506
GSM7791000_TGCATGAGTTCTCGCT-1,untreated,bulk,-0.06370662976825048,0.0030080080276943507,0.037386052852202846
GSM7791000_TGCATGATCCACTTCG-1,untreated,bulk,0.10677934419541132,0.018232086845924846,0.09548059798268607
GSM7791000_TGCATGATCCGGACGT-1,untreated,bulk,0.012164991923740931,0.006134316384246241,-0.07597552190191266
GSM7791000_TGCATGATCGGCTCTT-1,untreated,bulk,-0.13357373918805804,0.009635951335001778,0.019303331986866297
GSM7791000_TGCCGAGAGTCTAGCT-1,untreated,bulk,-0.058785125565907315,0.008979967598093115,-0.14750142895338894
GSM7791000_TGCCGAGAGTTCCGGC-1,untreated,bulk,-0.0048053268402341864,0.01282168603513967,0.06577545411552019
GSM7791000_TGCCGAGCAGGAACCA-1,untreated,bulk,-0.059958185468401225,0.021216662596883925,0.3779733449479782
GSM7791000_TGCCGAGGTAACAGGC-1,untreated,bulk,-0.10619907924107143,0.01805273993459318,0.3099423170143564
GSM7791000_TGCCGAGTCGGTCATA-1,untreated,bulk,-0.1436374991280692,0.009383236484332765,-0.07889296106489269
GSM7791000_TGCCGAGTCTTTCCGG-1,untreated,bulk,0.11132350649152484,0.004877744338932157,0.09912874757826945
GSM7791000_TGCGACGAGCGCTGAA-1,untreated,bulk,-0.10172339303152902,0.01989430796590526,0.2375307395925762
GSM7791000_TGCGACGAGTCACACT-1,untreated,bulk,-0.00890474213494194,0.005900810300008388,-0.21119255245011637
GSM7791000_TGCGACGAGTGTAGAT-1,untreated,bulk,-0.13985542301147702,0.005158457803881786,-0.032981256922461094
GSM7791000_TGCGACGCATCGTGCG-1,untreated,bulk,0.10800621910700722,0.01147727756300529,0.13980958234080942
GSM7791000_TGCGATAAGACATCCT-1,untreated,bulk,0.14575324315873403,0.008416036706856016,-0.12278657043190856
GSM7791000_TGCGATAAGCACTAAA-1,untreated,bulk,0.025525548495943587,0.014355960303867562,0.05403512484162193
GSM7791000_TGCGATAAGTGGAAAG-1,untreated,bulk,0.01256088514176626,0.005503595466272637,-0.08889268595798919
GSM7791000_TGCGATACAACGTAAA-1,untreated,bulk,-0.1646241433279855,0.01158001405479772,-0.040634347681435055
GSM7791000_TGCGATACACAGACGA-1,untreated,bulk,0.13032745437016566,0.006412554524252778,-0.16243769673291308
GSM7791000_TGCGATACACTCAGAT-1,untreated,bulk,-0.14360814753032863,0.011580436072068295,-0.0990456526836896
GSM7791000_TGCGATAGTCCAACGC-1,untreated,bulk,-0.12169648889511353,0.007174712260860519,-0.06456301589451577
GSM7791000_TGCGATAGTCGCACAC-1,untreated,bulk,-0.03349949912419395,0.02629357589436397,0.2527667050595579
GSM7791000_TGCGATAGTGTGTGGA-1,untreated,bulk,0.09904311558556936,0.009873117696702275,-0.333224841680005
GSM7791000_TGCGGCAAGTAATCCC-1,untreated,bulk,0.004226284935360841,0.0036657227655887354,-0.2194545614491511
GSM7791000_TGCGGCAAGTTGGCGA-1,untreated,bulk,-0.03222620827811104,0.016558637555833075,-0.11023005858080481
GSM7791000_TGCGGCACAAGTATCC-1,untreated,bulk,0.029390069265214203,0.0037876839622608474,-0.12642396311288087
GSM7791000_TGCGGCACAGGTTACT-1,untreated,bulk,-0.04171964009602866,0.008856634318169474,-0.09951539281877259
GSM7791000_TGCGGCAGTCGCATGC-1,untreated,bulk,-0.06386817144969154,0.006037286558321175,-0.09378828062446415
GSM7791000_TGCGGCAGTGAACCGA-1,untreated,bulk,-0.057305427808610226,0.00688874013083713,-0.11819176492591221
GSM7791000_TGCGGCATCCAACTGA-1,untreated,bulk,0.049358314105442586,0.0074693844621911264,-0.17636852467456776
GSM7791000_TGCGGCATCCGCAACG-1,untreated,bulk,0.07520638783772784,0.007433236256957147,-0.00560578914926647
GSM7791000_TGCGGCATCTTCGATT-1,untreated,bulk,-0.010447826158432733,0.007402677570595761,-0.16087161115769313
GSM7791000_TGCGGGTAGTCGCTAT-1,untreated,bulk,-0.01946194777413021,0.005533289116240889,-0.12930919576019356
GSM7791000_TGCGGGTCAATCTGCA-1,untreated,bulk,-0.038286127060178754,0.006459352980184178,-0.08599713565095511
GSM7791000_TGCGGGTCACTTTAGG-1,untreated,bulk,-0.15442445997207888,0.0068632449659171155,-0.13005450944226288
GSM7791000_TGCGGGTCATCAGCAT-1,untreated,bulk,-0.06793994373745388,0.007771744629200852,-0.15344132300229182
GSM7791000_TGCGGGTGTCGCATCG-1,untreated,bulk,-0.07627113993205725,0.008959205220416329,-0.07605376676126566
GSM7791000_TGCGGGTTCGCACGAC-1,untreated,bulk,0.05748541544354152,0.023226485048711668,0.4457863147135612
GSM7791000_TGCTCCAAGCTATCCA-1,untreated,bulk,-0.05410621945820157,0.00980713173450667,-0.1550069332922519
GSM7791000_TGCTCCAAGGCATTTC-1,untreated,bulk,0.15735338347298758,0.008044169181618653,-0.019241048751295616
GSM7791000_TGCTCCACATGATCTG-1,untreated,bulk,-0.11576073567072552,0.008024498266457453,-0.1044819264754271
GSM7791000_TGCTCCAGTTACCCAA-1,untreated,bulk,0.010146473173111209,0.004584237411174596,0.024293011356625174
GSM7791000_TGCTCCATCAGGCGAA-1,untreated,bulk,0.027993723248678548,0.013953177867027147,0.0035268027505786417
GSM7791000_TGCTCGTCAAGATTGA-1,untreated,bulk,-0.0723602849718124,0.0035758433128007952,-0.1795423519669852
GSM7791000_TGCTCGTGTGCAGATG-1,untreated,bulk,0.0920863586001926,0.004313251400265775,-0.12329622409186876
GSM7791000_TGCTCGTTCTAGCCAA-1,untreated,bulk,-0.053499478234185105,0.008072170816932286,-0.1578612000865191
GSM7791000_TGCTCGTTCTGCGGCA-1,untreated,bulk,-0.054377206166585285,0.005868718258554558,-0.15766275973233695
GSM7791000_TGCTGAAGTCCCTGTT-1,untreated,bulk,-0.03840266863505046,0.010779452710787188,-0.012736375028893772
GSM7791000_TGCTGAAGTGTCCAAT-1,untreated,bulk,-0.10816470554896764,0.014247057472516653,0.27433939523586887
GSM7791000_TGCTGAAGTTACGGAG-1,untreated,bulk,-0.010691515301901211,0.009121043803591806,-0.1150442425289727
GSM7791000_TGCTGAATCGGTTGTA-1,untreated,bulk,-0.10075189401233006,0.003582437192770907,-0.020982061254667037
GSM7791000_TGCTTCGAGTAAGGGA-1,untreated,bulk,-0.1632342649641491,0.005919855004615141,-0.1726490858145967
GSM7791000_TGCTTCGCACCTGATA-1,untreated,bulk,-0.11294663035680375,0.006217403700306664,-0.20103960496752407
GSM7791000_TGCTTCGCAGAAACCG-1,untreated,bulk,-0.054328677919175866,0.010147363665769548,-0.032888521151879346
GSM7791000_TGCTTCGCAGCGGTTC-1,untreated,bulk,-0.056129139718555265,0.006371085536601576,-0.13438285122991822
GSM7791000_TGCTTCGCAGCGTACC-1,untreated,bulk,0.12629987474471802,0.005302083106766875,-0.06118408713341377
GSM7791000_TGCTTCGGTGAGCAGT-1,untreated,bulk,-0.06827167011442639,0.0055908973608270445,-0.014062309255765662
GSM7791000_TGCTTCGTCACTGCTC-1,untreated,bulk,0.12052871038043311,0.0040639326341979365,0.0013317455450938974
GSM7791000_TGCTTCGTCCAGGACC-1,untreated,bulk,-0.2277289254324777,0.00609412659774138,-0.1308684667079615
GSM7791000_TGCTTCGTCTCGGTCT-1,untreated,bulk,0.08959820550585554,0.011088978942394955,-0.1248746360776598
GSM7791000_TGCTTCGTCTTAGCCC-1,untreated,bulk,0.07662025799826971,0.007782938395569755,-0.018816115883427968
GSM7791000_TGCTTGCAGTACGAGC-1,untreated,bulk,0.20116080087328714,0.007575353802279775,-0.1493726157505806
GSM7791000_TGCTTGCCAAGACTGG-1,untreated,bulk,0.028389094859834707,0.012349438673208925,-0.024362858476236884
GSM7791000_TGCTTGCCACCGTGAC-1,untreated,bulk,-0.07324391921361288,0.007999077141984954,-0.06279708687059389
GSM7791000_TGCTTGCCAGTAGAGC-1,untreated,bulk,0.07277720194014292,0.007266187618389176,-0.09334196291777523
GSM7791000_TGGAACTAGAGCATTA-1,untreated,bulk,-0.0562365680270725,0.006367318185349432,-0.12643605611126363
GSM7791000_TGGAACTAGGTACAAT-1,untreated,bulk,-0.0674107587905157,0.006440542766835621,-0.10152462548642592
GSM7791000_TGGAACTAGTGCGCTC-1,untreated,bulk,-0.04154014852311874,0.006418559020002794,-0.019690223781357187
GSM7791000_TGGAACTGTGTATTCG-1,untreated,bulk,-0.05424349648611886,0.018472682999105042,0.3839541704864578
GSM7791000_TGGAACTGTTCTCGCT-1,untreated,bulk,-0.1370360053531707,0.004826559061342215,-0.19481618122831193
GSM7791000_TGGAACTGTTTGTTCT-1,untreated,bulk,0.21502988527691555,0.005305223885970296,-0.23414791533346244
GSM7791000_TGGAACTTCCTTATCA-1,untreated,bulk,0.046674868417164644,0.008189972960908279,-0.11804576085151494
GSM7791000_TGGAACTTCGACCCAG-1,untreated,bulk,-0.08720942694043357,0.00934925185258525,-0.09063176419367446
GSM7791000_TGGAACTTCGGATTAC-1,untreated,bulk,0.14270075903998483,0.00916400298986833,0.09462315894302716
GSM7791000_TGGAGAGAGAGAGTTT-1,untreated,bulk,-0.17937554681111895,0.009762527640816122,-0.11910866328242066
GSM7791000_TGGAGAGAGTGTTGTC-1,untreated,bulk,-0.2166487775530134,0.013805015841568069,-0.056621715966885006
GSM7791000_TGGAGAGCAGAGTCTT-1,untreated,bulk,0.10767685602581692,0.005393746818520172,-0.10711750061503265
GSM7791000_TGGAGAGGTAACTAAG-1,untreated,bulk,-0.2120483180454799,0.007354160414482074,-0.21159213121728057
GSM7791000_TGGAGAGGTCGTGATT-1,untreated,bulk,-0.10815549577985491,0.015998664167003674,0.14737944423992771
GSM7791000_TGGAGAGTCCGATCGG-1,untreated,bulk,0.023615492109268443,0.008533466090192877,-0.07295039117595536
GSM7791000_TGGAGGACACTAACGT-1,untreated,bulk,-0.11111692587534586,0.0034992763197625653,-0.007210711161813586
GSM7791000_TGGAGGACAGCTCGGT-1,untreated,bulk,-0.019248747144426617,0.017873847481637478,0.48494336272993466
GSM7791000_TGGAGGACATATGCGT-1,untreated,bulk,-0.07718037007346984,0.011017474569528425,0.03797166170305684
GSM7791000_TGGAGGAGTTTCGTAG-1,untreated,bulk,0.07885719147939532,0.006059650400865246,-0.11846712749229073
GSM7791000_TGGAGGATCGTGCTCT-1,untreated,bulk,-0.17354627336774553,0.01487983202558774,0.012466291671331248
GSM7791000_TGGAGGATCTAGACAC-1,untreated,bulk,-0.180840881892613,0.003388051745193843,-0.08335703492039899
GSM7791000_TGGAGGATCTCTGGTC-1,untreated,bulk,-0.06425520949893529,0.01528125271846434,0.06829270024282563
GSM7791000_TGGATCAAGACTGTTC-1,untreated,bulk,0.0263584258064391,0.005850863887608958,-0.18085821764748783
GSM7791000_TGGATCAAGGATCACG-1,untreated,bulk,-0.05383319400605702,0.004901366957207522,-0.12955079700837388
GSM7791000_TGGATCACAATTGCAC-1,untreated,bulk,-0.1473103768484933,0.013376724342395733,0.07122190410382885
GSM7791000_TGGATCACACAAATCC-1,untreated,bulk,0.1556789805397155,0.006985558579249747,-0.13147443508238085
GSM7791000_TGGATCACACAGTGTT-1,untreated,bulk,-0.11542300440016247,0.009881207837767804,-0.042177498004199655
GSM7791000_TGGATCACAGCGTACC-1,untreated,bulk,0.06116295171162439,0.011755927657300913,0.004485108980704986
GSM7791000_TGGATCAGTGTGTCGC-1,untreated,bulk,-0.12829697139679438,0.008018519799367959,-0.07195025101147784
GSM7791000_TGGATCATCAAGCTGT-1,untreated,bulk,-0.01847777593703495,0.007116925214974669,-0.06279036391772296
GSM7791000_TGGATGTAGATGCTTC-1,untreated,bulk,-0.03469863149854871,0.003947330406635916,-0.06862839841909933
GSM7791000_TGGATGTAGATGGCAC-1,untreated,bulk,-0.0016684445880708054,0.008592027027901787,-0.14631096423835996
GSM7791000_TGGATGTGTACTGCGC-1,untreated,bulk,-0.11157025042034331,0.007134584979779389,-0.11197026654819564
GSM7791000_TGGATGTGTGGACCAA-1,untreated,bulk,-0.03076834542410714,0.004817525933254158,-0.14212863642789725
GSM7791000_TGGATGTTCAACCCGG-1,untreated,bulk,-0.10966918021913558,0.006853433921081749,0.030482921877448322
GSM7791000_TGGCGTGAGAGGATGA-1,untreated,bulk,0.04224684276278057,0.004497133715931919,-0.19616997146364923
GSM7791000_TGGCGTGCAAGAGGTC-1,untreated,bulk,0.13711550576346263,0.006444469589350843,-0.2527889804193928
GSM7791000_TGGCGTGCAAGGTCAG-1,untreated,bulk,-0.01666484847901359,0.010924391258872825,0.011670860892404766
GSM7791000_TGGCGTGCACAGTCAT-1,untreated,bulk,0.018580661652580127,0.011821833969318437,0.051669560397820474
GSM7791000_TGGCGTGCAGTCGCAC-1,untreated,bulk,-0.08451950852833096,0.009947996312095949,-0.12340456302145188
GSM7791000_TGGCGTGGTGCCTGAC-1,untreated,bulk,-0.02770246142432803,0.007118146334497568,-0.08602198083028563
GSM7791000_TGGCGTGGTTTCACTT-1,untreated,bulk,-0.02129189037141349,0.005555162662528256,-0.07036866095429899
GSM7791000_TGGCGTGTCGGTGCAC-1,untreated,bulk,-0.030789601083785756,0.009433846616393267,-0.13608418793783078
GSM7791000_TGGCGTGTCTCAGAAC-1,untreated,bulk,-0.05796063695635115,0.007351914857460457,-0.141435914160107
GSM7791000_TGGGAAGAGCCTCTTC-1,untreated,bulk,-0.055502755869002565,0.015918049354943675,0.05735552890418725
GSM7791000_TGGGAAGAGGTCATAA-1,untreated,bulk,0.03659603028070357,0.006208656966230304,-0.1136331999736004
GSM7791000_TGGGAAGCAACTGCTA-1,untreated,bulk,-0.07009439195905413,0.022250684984768176,0.4752286371419757
GSM7791000_TGGGAAGGTAGTTAGA-1,untreated,bulk,0.13748762827070932,0.004959505957898591,-0.19796072294914263
GSM7791000_TGGGAGAAGAGGCCAT-1,untreated,bulk,-0.11059201921735491,0.01914544922653787,0.3094753583397575
GSM7791000_TGGGAGAAGGGAGGGT-1,untreated,bulk,-0.1672582647535536,0.0082989246048312,-0.050856070963671035
GSM7791000_TGGGAGAAGTACCCTA-1,untreated,bulk,-0.05155716930116927,0.008197417841731598,-0.010588486278355125
GSM7791000_TGGGAGACAAATGAGT-1,untreated,bulk,-0.05923391614641462,0.014696919915725972,0.23904246718700065
GSM7791000_TGGGAGACACGTTCGG-1,untreated,bulk,-0.12282226910666813,0.004886741220749158,-0.13098853724098447
GSM7791000_TGGGAGACAGAACGCA-1,untreated,bulk,-0.08809146018255323,0.005681635225968375,-0.03184255200733787
GSM7791000_TGGGAGAGTTACGCCG-1,untreated,bulk,-0.08769815104348319,0.005024580355985417,-0.0030343842972273475
GSM7791000_TGGGAGATCCCAGCGA-1,untreated,bulk,0.007895304967486666,0.009633267743578158,-0.08813383017724803
GSM7791000_TGGGAGATCGTAGGGA-1,untreated,bulk,-0.2186582937694731,0.005878177656610968,-0.06305422074304853
GSM7791000_TGGGAGATCTATCGGA-1,untreated,bulk,0.11182465295943002,0.01255375408693291,0.1032736443851052
GSM7791000_TGGGATTAGACTTCCA-1,untreated,bulk,0.1772048915378631,0.010239174496246381,-0.002964664521204533
GSM7791000_TGGGATTCAAATTGGA-1,untreated,bulk,-0.0030269889226035573,0.009428324297921621,-0.2819615111123387
GSM7791000_TGGGATTCAAGAGTAT-1,untreated,bulk,0.03661272790696887,0.008557504897268975,0.04148127560551751
GSM7791000_TGGGATTCAGAACATA-1,untreated,bulk,-0.11825547509723239,0.00923443741325082,-0.1743316787404002
GSM7791000_TGGGATTGTGGAAATT-1,untreated,bulk,0.012664074822077653,0.017925398004328404,-0.0002507958314091608
GSM7791000_TGGGATTTCCCTTGTG-1,untreated,bulk,0.05879412272619822,0.006899292040002995,-0.11727627951417618
GSM7791000_TGGGCGTAGAGGTCGT-1,untreated,bulk,-0.08468536195300874,0.0056103138250693674,-0.052617084344986985
GSM7791000_TGGGCGTCATCGGATT-1,untreated,bulk,-0.0028926286243257104,0.005341653402869323,-0.1368960836269565
GSM7791000_TGGGCGTGTACCGGAA-1,untreated,bulk,-0.10985549230424185,0.005818615276677743,-0.051580692019892085
GSM7791000_TGGGCGTGTATGGAAT-1,untreated,bulk,0.016475598471505315,0.03634422280759023,-0.23424656642637603
GSM7791000_TGGGCGTGTGAGACGT-1,untreated,bulk,-0.10105204926596746,0.014788681818487767,0.06522223708088323
GSM7791000_TGGGCGTGTTATGTGC-1,untreated,bulk,0.16014374732971193,0.005365234493970297,-0.04318900587974281
GSM7791000_TGGGCTGAGGGAGGCA-1,untreated,bulk,-0.06895644785865906,0.014319658507071153,0.11698765736219224
GSM7791000_TGGGCTGAGTCTAACC-1,untreated,bulk,-0.0010462960742768646,0.006328842407629296,-0.06340399673564867
GSM7791000_TGGGCTGCATGGAACG-1,untreated,bulk,0.049509000324067604,0.020370193639907837,0.2015419187982522
GSM7791000_TGGGCTGGTGACCTGC-1,untreated,bulk,-0.1088630131312779,0.01239792948754681,0.12302796146445076
GSM7791000_TGGGCTGGTTAATGAG-1,untreated,bulk,0.01751270279051767,0.0019313830401130941,-0.17614504587482718
GSM7791000_TGGGCTGTCCACGGAC-1,untreated,bulk,-0.06195276230100602,0.006179474161798614,-0.03802419732394433
GSM7791000_TGGGCTGTCGATACGT-1,untreated,bulk,-0.17769220624651227,0.012035173982248178,-0.06814413975749056
GSM7791000_TGGGTTAAGCCGATTT-1,untreated,bulk,3.203180101182812e-05,0.012013626902773585,-0.04606299790239122
GSM7791000_TGGGTTAAGCTTAAGA-1,untreated,bulk,-0.002671107943095885,0.0018306662657746051,-0.007815271119551086
GSM7791000_TGGGTTAGTACGATGG-1,untreated,bulk,0.026577094244578492,0.003310279252802002,-0.13088366028761184
GSM7791000_TGGGTTAGTATTCCTT-1,untreated,bulk,-0.04919539587838309,0.004026122456826697,-0.09496530995695925
GSM7791000_TGGGTTAGTCACGTGC-1,untreated,bulk,0.07854284725491961,0.007536648653613469,-0.24956150412057895
GSM7791000_TGGGTTAGTGACACGA-1,untreated,bulk,-0.07859957013811383,0.020095040510932145,0.4257994846859035
GSM7791000_TGGGTTAGTGCTATTG-1,untreated,bulk,-0.09334583418709891,0.006638820117601096,-0.11217547490627573
GSM7791000_TGGGTTATCCTACACC-1,untreated,bulk,0.007459189097086594,0.0029334563708350563,-0.1874662688376112
GSM7791000_TGGGTTATCGACACTA-1,untreated,bulk,-0.08350750260882908,0.009846272106770202,-0.15321459828012443
GSM7791000_TGGTACAGTAGACACG-1,untreated,bulk,-0.06311940753270709,0.007916325856336347,-0.09879510744582377
GSM7791000_TGGTAGTAGACCAGCA-1,untreated,bulk,-0.21149326880772906,0.005338434797311175,-0.278990200505613
GSM7791000_TGGTAGTAGATTCGAA-1,untreated,bulk,-0.12923997368131365,0.006523776274546083,-0.1730023822727147
GSM7791000_TGGTAGTCAGGTTTAC-1,untreated,bulk,-0.14762879507882254,0.011867971792170823,0.062210007001401744
GSM7791000_TGGTAGTTCCAGTTCC-1,untreated,bulk,-0.06940145530397931,0.008469113657744215,-0.16929173571105285
GSM7791000_TGGTAGTTCTGTCCGT-1,untreated,bulk,-0.0652481360662551,0.008046003380573683,-0.1365318738769318
GSM7791000_TGGTAGTTCTTCCCGA-1,untreated,bulk,0.006556560122777527,0.005560909472072256,-0.1828228342807389
GSM7791000_TGGTGATAGCGTGCTC-1,untreated,bulk,-0.06451193173726402,0.0036554939679673943,-0.1645609337523803
GSM7791000_TGGTGATAGCTATCTG-1,untreated,bulk,-0.19041209099784728,0.010347774371425153,-0.08622423883577018
GSM7791000_TGGTGATAGCTTGTTG-1,untreated,bulk,0.013837432785639703,0.006577286931979729,-0.0860582114522717
GSM7791000_TGGTGATCAGAGGCAT-1,untreated,bulk,-0.002750945923820358,0.008411948528510606,0.01347013200287655
GSM7791000_TGGTGATCATCGCCTT-1,untreated,bulk,0.0683966102297344,0.004759458458419942,-0.23030075727322394
GSM7791000_TGGTGATGTGATACCT-1,untreated,bulk,-0.18420204052849423,0.004713344708363297,0.052831812127782096
GSM7791000_TGGTGATGTGCAACGA-1,untreated,bulk,-0.07352075849260603,0.016406257361844843,0.2497419801052933
GSM7791000_TGGTGATGTTGTGTTG-1,untreated,bulk,-0.07918583514198424,0.004818191154644063,-0.025027837192487985
GSM7791000_TGGTTAGAGAAGGTAG-1,untreated,bulk,0.00020066215878439264,0.005771844571994039,-0.07945326111718568
GSM7791000_TGGTTAGAGACTTGTC-1,untreated,bulk,0.011054760160900318,0.009010758166286128,-0.07563291996926737
GSM7791000_TGGTTAGAGATGTTCC-1,untreated,bulk,-0.04468347572145007,0.008369165331414163,-0.059565948647695086
GSM7791000_TGGTTAGCAAATTAGG-1,untreated,bulk,-0.015849048902118024,0.00765690133664943,-0.18753745408911332
GSM7791000_TGGTTAGCACGGGTAA-1,untreated,bulk,-0.12558113223030454,0.010253260512436463,-0.2406024153616473
GSM7791000_TGGTTAGCAGTAGAGC-1,untreated,bulk,-0.18632462849692694,0.009757301506056448,-0.12229517214234832
GSM7791000_TGGTTAGCATCGGCCA-1,untreated,bulk,0.0006862517008705826,0.015632753587792283,0.16899107051267345
GSM7791000_TGGTTAGGTATATGGA-1,untreated,bulk,-0.0803990519992889,0.009795252045474667,0.014956360954327601
GSM7791000_TGGTTAGGTCTATGAC-1,untreated,bulk,-0.10485876268810695,0.008902761285682119,-0.11218780828577939
GSM7791000_TGTAACGAGGAGATAG-1,untreated,bulk,-0.1826831681387765,0.012066064734833964,-0.04703828475717486
GSM7791000_TGTAACGCAGAGGCAT-1,untreated,bulk,-0.18293895176478794,0.013133553900938585,-0.04080025876001374
GSM7791000_TGTAACGCATCGATAC-1,untreated,bulk,-0.09048461270710781,0.007839695660977895,-0.22900559934344963
GSM7791000_TGTAACGGTGTTCCTC-1,untreated,bulk,0.06199354898361931,0.004147050762582396,-0.180837160945763
GSM7791000_TGTAACGGTTTCCAAG-1,untreated,bulk,-0.023680487511649945,0.009060311179211486,-0.03715534910625582
GSM7791000_TGTAACGTCCGAAATC-1,untreated,bulk,0.10402342069716683,0.0054273425466174535,-0.17165677487596678
GSM7791000_TGTAAGCAGAGCAGCT-1,untreated,bulk,-0.14155677852176485,0.007838270482404989,-0.121497931454421
GSM7791000_TGTAAGCAGATGAATC-1,untreated,bulk,0.04917264938354493,0.02862324945308468,-0.04980397725427069
GSM7791000_TGTAAGCAGCATTTGC-1,untreated,bulk,-0.07607473683735683,0.005761484486059865,-0.09801961796660154
GSM7791000_TGTAAGCCAGCAGACA-1,untreated,bulk,-0.22524847848074778,0.013560784774409768,0.004610389426976565
GSM7791000_TGTAAGCCATGACTTG-1,untreated,bulk,-0.12090907884022546,0.005288628036985766,-0.06655363129866745
GSM7791000_TGTAAGCGTTTCGATG-1,untreated,bulk,0.06094859274606855,0.015802858385534496,0.2970320144917265
GSM7791000_TGTACAGGTATACGGG-1,untreated,bulk,-0.03187049388885499,0.011738622912802374,-0.015580734494181722
GSM7791000_TGTACAGTCACCTCAC-1,untreated,bulk,0.122341732146248,0.0071390370866734115,-0.12672324162508822
GSM7791000_TGTACAGTCGTCCTTG-1,untreated,bulk,0.012126034025161991,0.0044773038382125065,-0.03292641386316977
GSM7791000_TGTAGACAGAGATGCC-1,untreated,bulk,-0.08468877519880022,0.01841801540121748,0.5069939914766611
GSM7791000_TGTAGACAGCAACCAG-1,untreated,bulk,-0.00988259792327881,0.01674572888264342,0.39166611411307367
GSM7791000_TGTAGACAGCATCTTG-1,untreated,bulk,0.12775907985747803,0.0036867489844266904,-0.09901754508925897
GSM7791000_TGTAGACAGGTAGACC-1,untreated,bulk,-0.19582467215401786,0.008098807866625509,-0.13604412102072502
GSM7791000_TGTAGACCACTGGCCA-1,untreated,bulk,-0.05195897208319772,0.006571250003334905,-0.12198852635286707
GSM7791000_TGTAGACGTATTTCTC-1,untreated,bulk,-0.126182924603659,0.008031340261590992,-0.09123678292149329
GSM7791000_TGTAGACTCACTACGA-1,untreated,bulk,-0.08464184704281034,0.011645534018730832,-0.051232827115565066
GSM7791000_TGTAGACTCCCATTTA-1,untreated,bulk,-0.13261098089672269,0.007844489555029078,-0.18217950229016294
GSM7791000_TGTAGACTCCTGATAG-1,untreated,bulk,-0.15398063659667968,0.011291312758023584,-0.05498532117496789
GSM7791000_TGTCAGAAGGTAAGGA-1,untreated,bulk,0.13066692715599426,0.0037702015391958116,-0.05876276635085856
GSM7791000_TGTCAGAAGTCCGCGT-1,untreated,bulk,0.037083272933959965,0.015674888504128622,-0.1149813121971012
GSM7791000_TGTCAGACAAGTATCC-1,untreated,bulk,0.11954886678665405,0.006276702375159466,-0.09439198703330672
GSM7791000_TGTCAGACATGTGCTA-1,untreated,bulk,-0.0641412353515625,0.021223734207988107,0.5354430760550136
GSM7791000_TGTCAGAGTTTGGGTT-1,untreated,bulk,0.06792789693862672,0.006048886060857477,-0.051350209510684655
GSM7791000_TGTCCACAGAAATGGG-1,untreated,bulk,-0.10614628383091518,0.019113140179689958,0.08015132503829303
GSM7791000_TGTCCACAGAACTCCT-1,untreated,bulk,0.006384113856724327,0.004380830566862408,-0.14906771587354808
GSM7791000_TGTCCACAGCTTCTAG-1,untreated,bulk,-0.09789897930054438,0.009807615415099892,-0.03363161306249129
GSM7791000_TGTCCACAGTATGTAG-1,untreated,bulk,-0.017931494334387413,0.015820787578822344,0.2660733997342521
GSM7791000_TGTCCACCAACCTAAC-1,untreated,bulk,-0.16806759028207688,0.008875972838512339,-0.0657760226397307
GSM7791000_TGTCCACCACGGTAGA-1,untreated,bulk,-0.15588154236475626,0.006129670008141406,-0.07844090153444937
GSM7791000_TGTCCACCAGCTCGGT-1,untreated,bulk,-0.10552870614188058,0.019903360745793554,0.402730953774423
GSM7791000_TGTCCACCATAGAATG-1,untreated,bulk,0.0880722593882727,0.007349702488805173,-0.13409055378807833
GSM7791000_TGTCCACCATATAGCC-1,untreated,bulk,0.04416325690254336,0.003367405152085802,-0.09566330419928705
GSM7791000_TGTCCACCATCCGTGG-1,untreated,bulk,0.11083494125850618,0.0038518319740522104,-0.10621830914159777
GSM7791000_TGTCCACTCAGCGTCG-1,untreated,bulk,-0.0791484772969806,0.011383078097675102,-0.08787276036695814
GSM7791000_TGTCCACTCTCCTACG-1,untreated,bulk,-0.12717219912816607,0.006947732086067151,0.13063015648292345
GSM7791000_TGTCCCAGTCCTCATC-1,untreated,bulk,0.09377861711714003,0.015515842939740449,-0.10373651209216558
GSM7791000_TGTCCCAGTCTGTGAT-1,untreated,bulk,0.056673012385292626,0.006021687076408551,-0.14471269145435994
GSM7791000_TGTCCTGAGCGTATGG-1,untreated,bulk,-0.14879707336425782,0.008188368314295789,-0.005230147186688411
GSM7791000_TGTCCTGAGTTAGAAC-1,untreated,bulk,0.054028919008043075,0.017650639184832936,0.4003541404913431
GSM7791000_TGTCCTGCAATGTGGG-1,untreated,bulk,-0.030202808077373217,0.006908129855547872,-0.07678670775628856
GSM7791000_TGTCCTGGTGATAGTA-1,untreated,bulk,-0.08030027790675087,0.005018918753324753,-0.017840507667767284
GSM7791000_TGTGAGTCAGGCGTTC-1,untreated,bulk,-0.10651689801897321,0.02477672231794382,0.49466600568669744
GSM7791000_TGTGAGTTCCTTGGAA-1,untreated,bulk,-0.010498078058636395,0.005473322596774492,-0.08906909806847216
GSM7791000_TGTGATGAGCCGTAAG-1,untreated,bulk,-0.1298534211279854,0.008908566211284928,-0.11469069813025577
GSM7791000_TGTGATGCAATCGTCA-1,untreated,bulk,0.05482494490487236,0.008778035661734756,-0.09948851379618949
GSM7791000_TGTGATGCACACGCCA-1,untreated,bulk,-0.04949683435379512,0.015237874476081152,0.0019467662811460957
GSM7791000_TGTGATGTCATGAGTC-1,untreated,bulk,-0.16570365239703466,0.008105458693709301,-0.10937869583515837
GSM7791000_TGTGCGGAGCGTGTTT-1,untreated,bulk,-0.15965331437095764,0.006942946524349759,-0.2230535139358208
GSM7791000_TGTGCGGAGGATACCG-1,untreated,bulk,0.07910351223415799,0.00542904173590325,-0.24848080546188972
GSM7791000_TGTGCGGGTCAGACTT-1,untreated,bulk,-0.07565341404506139,0.02057441085454993,0.5006532216187161
GSM7791000_TGTGCGGTCAGCCTCT-1,untreated,bulk,-0.03564736774989538,0.010443960313060665,-0.24957552254162352
GSM7791000_TGTGGCGCAACGATCT-1,untreated,bulk,-0.15809698922293527,0.005050503887077995,0.06690144802812584
GSM7791000_TGTGGCGCACCCAATA-1,untreated,bulk,-0.019874980222611208,0.009193407387214643,-0.002119316745568241
GSM7791000_TGTGGCGCACGACTAT-1,untreated,bulk,-0.2189133562360491,0.010416726363386274,0.015605172156616682
GSM7791000_TGTGGCGCACTGGACC-1,untreated,bulk,0.08448778788248697,0.017923047247063784,0.47829076708021134
GSM7791000_TGTGGCGGTATGCAAA-1,untreated,bulk,0.09848967794388061,0.007990447802032737,-0.16400787100288766
GSM7791000_TGTGGCGGTGTTCATG-1,untreated,bulk,0.09274395655071925,0.015266261126085404,0.28244532898019714
GSM7791000_TGTGGCGGTTGATCGT-1,untreated,bulk,0.0051617080446273444,0.003958491744851573,-0.02802084010901668
GSM7791000_TGTGGCGTCGTCGACG-1,untreated,bulk,-0.013453870652213928,0.007521745761614523,-0.09534715863514506
GSM7791000_TGTGTGAAGATCGCCC-1,untreated,bulk,-0.008806996118454702,0.009665466436124941,0.04847576954494351
GSM7791000_TGTGTGAAGCTTCATG-1,untreated,bulk,-0.10009848011864556,0.006941054687645092,-0.0012560124809911032
GSM7791000_TGTGTGAAGCTTTGTG-1,untreated,bulk,0.012557032751658592,0.004349937621483655,-0.046393136167985155
GSM7791000_TGTGTGAGTATCGTAC-1,untreated,bulk,-0.19126604352678572,0.02150496688867833,0.13353191816812127
GSM7791000_TGTGTGAGTTTCTTAC-1,untreated,bulk,-0.11950401782989503,0.011479512467339756,-0.08056701351623806
GSM7791000_TGTTACTAGACGCATG-1,untreated,bulk,-0.12518884151700943,0.0077639505652030896,-0.12205543091111061
GSM7791000_TGTTACTAGCCACAAG-1,untreated,bulk,-0.06436882594275097,0.013404820397547987,0.05584373236512468
GSM7791000_TGTTCATAGACTACCT-1,untreated,bulk,-0.16079535590277777,0.006604324351020619,-0.15938602976356991
GSM7791000_TGTTCATAGAGGGTGG-1,untreated,bulk,-0.052096291950770784,0.007530070098452574,-0.08506193939047177
GSM7791000_TGTTCATAGCGTCTGC-1,untreated,bulk,-0.025282953504532107,0.005999728314345439,-0.11416708364520958
GSM7791000_TGTTCATAGTAGGCCA-1,untreated,bulk,0.00024250159187921838,0.009488527018068451,-0.06613546562097003
GSM7791000_TGTTCATGTGTGTCGC-1,untreated,bulk,0.004976702190580828,0.009457246139353332,-0.011688847937231748
GSM7791000_TGTTCATGTTGGAGGT-1,untreated,bulk,0.14799528621491934,0.00799115540501001,-0.1266819175497869
GSM7791000_TGTTCATTCCATTGGA-1,untreated,bulk,0.0012885192083933739,0.005559713438175,0.22974736583974348
GSM7791000_TGTTCCGAGTACTGTC-1,untreated,bulk,-0.08026419556330122,0.006816366262362485,-0.0926373747259442
GSM7791000_TGTTCCGGTAAGAACT-1,untreated,bulk,0.010095591545104976,0.009031241549204134,0.019761969204976422
GSM7791000_TGTTCCGGTCGAAGCA-1,untreated,bulk,-0.19382046972002304,0.004189987145075387,-0.15379247058603704
GSM7791000_TGTTCCGGTGATACCT-1,untreated,bulk,-0.10246191978454589,0.005551343030500572,-0.13912583723912597
GSM7791000_TGTTCTACAAGTCGTT-1,untreated,bulk,0.1301515612526545,0.009845696764500745,-0.07949849650787984
GSM7791000_TGTTCTACACCGAATT-1,untreated,bulk,-0.03974556438506596,0.007497284460380096,-0.039525967998632866
GSM7791000_TGTTCTAGTACGGTTT-1,untreated,bulk,-0.08600403921944755,0.014392040207623186,0.39876293180377836
GSM7791000_TGTTCTAGTCACTCTC-1,untreated,bulk,-0.06083623613630022,0.020185334329730877,0.40756092890475165
GSM7791000_TGTTCTATCCGCGATG-1,untreated,bulk,0.0605156391386002,0.008704289640888542,-0.06005685877785682
GSM7791000_TGTTCTATCGCTTAAG-1,untreated,bulk,-0.023412306952098033,0.008152974821421348,-0.056909732945011594
GSM7791000_TGTTGAGAGTAACAGT-1,untreated,bulk,-0.01735719620235382,0.006070829258920211,-0.1529291585202619
GSM7791000_TGTTGAGCATGCCGGT-1,untreated,bulk,-0.08797297670727684,0.010526611337477077,-0.08980318188623788
GSM7791000_TGTTGGAAGATGCCGA-1,untreated,bulk,-0.12980250767299106,0.011366505569651712,-0.03329143018713393
GSM7791000_TGTTGGAAGGCCCACT-1,untreated,bulk,-0.13227047511509488,0.016915801627100786,0.12795382367929298
GSM7791000_TGTTGGACACGGCACT-1,untreated,bulk,-0.15508079710460843,0.006071143819639573,-0.1942310122970644
GSM7791000_TGTTGGAGTACTAGCT-1,untreated,bulk,0.15547476026746965,0.0035353828486125215,-0.2227764641491658
GSM7791000_TGTTGGAGTCTTGCTC-1,untreated,bulk,-0.09677803751022096,0.01172861351602155,-0.06769773840365839
GSM7791000_TGTTGGATCCCGAGAC-1,untreated,bulk,0.06244748599945554,0.006048464695476369,-0.2127327191995186
GSM7791000_TGTTGGATCCTCAGGG-1,untreated,bulk,-0.005258386248633978,0.01306277855596978,0.004133692583433223
GSM7791000_TGTTGGATCTATCGTT-1,untreated,bulk,-0.22527999877929689,0.010868539076289452,-0.12766422624947024
GSM7791000_TGTTTGTAGATTGAGT-1,untreated,bulk,0.12725060614328534,0.009589913523726047,-0.03937244570757555
GSM7791000_TGTTTGTCAAGTTGGG-1,untreated,bulk,0.0941275828225272,0.00517631829881778,-0.14755973327965624
GSM7791000_TGTTTGTCAATTAGGA-1,untreated,bulk,0.018042833237420952,0.00839068684329403,-0.05099237283620459
GSM7791000_TGTTTGTCACTACACA-1,untreated,bulk,0.016774879031711154,0.006848888601827902,-0.17388214955243336
GSM7791000_TGTTTGTGTGGTTTGT-1,untreated,bulk,-0.08495633397783553,0.004150857717077731,-0.10497256343570159
GSM7791000_TGTTTGTGTTTACACG-1,untreated,bulk,0.012349598975408646,0.011209311106963353,0.18831584145373148
GSM7791000_TGTTTGTTCCTACCGT-1,untreated,bulk,-0.038624107497079035,0.0036845401304685835,-0.09567460258274522
GSM7791000_TGTTTGTTCTACGGGC-1,untreated,bulk,-0.1095075443812779,0.01747564426251665,0.32476356130745965
GSM7791000_TTAATCCAGAAGGGAT-1,untreated,bulk,-0.1256888664336432,0.008612410149844972,-0.0830009966704078
GSM7791000_TTAATCCAGCGGCTCT-1,untreated,bulk,-0.17384338991982595,0.02242425694814577,-0.22809538646751007
GSM7791000_TTAATCCAGCGTCGAA-1,untreated,bulk,-0.08664036887032645,0.021161329841615555,0.10231542306543458
GSM7791000_TTAATCCGTCGTTCAA-1,untreated,bulk,0.030376272958422462,0.004132725794648382,-0.04895564343542354
GSM7791000_TTAATCCGTCTAGATC-1,untreated,bulk,-0.1192548312081231,0.006122998343643603,-0.12322051269532966
GSM7791000_TTAATCCTCCAACTAG-1,untreated,bulk,-0.09056393926105799,0.0069294459588976,-0.10059873362166753
GSM7791000_TTACAGGAGAGGGTAA-1,untreated,bulk,0.15336817014785042,0.007873511812471515,-0.03011113882024702
GSM7791000_TTACAGGAGTTCGCAT-1,untreated,bulk,-0.14434019777509902,0.00437378559146368,0.06466382505258875
GSM7791000_TTACAGGGTTTCGTGA-1,untreated,bulk,0.025108216603596967,0.004240446726329702,-0.03844491674544672
GSM7791000_TTACAGGTCATAAGGA-1,untreated,bulk,-0.07836630068128071,0.00917509737112118,-0.15663286787191527
GSM7791000_TTACCATAGCCTCACG-1,untreated,bulk,0.050955109369187124,0.005384901093309481,-0.05107829412312722
GSM7791000_TTACCATCAACGACTT-1,untreated,bulk,0.0709025269462949,0.008812640550228209,-0.11087441621626955
GSM7791000_TTACCATCACCTGATA-1,untreated,bulk,-0.17623878157328046,0.007320286017365703,-0.09248213702106842
GSM7791000_TTACCGCAGAGATCGC-1,untreated,bulk,-0.16138543265206473,0.013303558900854448,-0.01814041039702567
GSM7791000_TTACCGCAGGTTGAGC-1,untreated,bulk,-0.16391288742186533,0.014711411056654921,-0.07958944331068146
GSM7791000_TTACCGCAGTTTCGGT-1,untreated,bulk,0.06749774561987984,0.014987402117540793,0.3017867160838164
GSM7791000_TTACCGCCAAATACGA-1,untreated,bulk,-0.13601966600569465,0.004470862960951541,-0.12073960513260638
GSM7791000_TTACCGCCACAATGCT-1,untreated,bulk,0.02789836558084638,0.009837228690221727,0.005524529072694839
GSM7791000_TTACCGCGTGCTTCAA-1,untreated,bulk,-0.16992994202507866,0.0068720956266159474,-0.05454260836638138
GSM7791000_TTACCGCGTTTCGTAG-1,untreated,bulk,-0.055012653517344634,0.010120534930791555,-0.18364117908999786
GSM7791000_TTACCGCTCACTGGGC-1,untreated,bulk,-0.035537234790741445,0.009720448770322769,-0.11331931011006009
GSM7791000_TTACCGCTCAGTAGGG-1,untreated,bulk,-0.07498306826939657,0.005539363795900283,-0.02676086456507651
GSM7791000_TTACCGCTCATGCTAG-1,untreated,bulk,-0.14033155055273147,0.003911784854641803,-0.11807774717157932
GSM7791000_TTACCGCTCATTACTC-1,untreated,bulk,-0.13129270281110492,0.009705100790220137,0.024830981899043238
GSM7791000_TTACCGCTCGAAGAAT-1,untreated,bulk,0.13052600648668075,0.009285348584524063,-0.03453510284266492
GSM7791000_TTACGCCAGACGCAGT-1,untreated,bulk,-0.028793479525853705,0.008618850886316226,-0.07624507949969075
GSM7791000_TTACGCCCAAGGATGC-1,untreated,bulk,-0.04290815080915178,0.007232603962933695,-0.11781384428380376
GSM7791000_TTACGCCGTGGACCTC-1,untreated,bulk,-0.23309500558035715,0.010876419871636287,0.014130772802604323
GSM7791000_TTACGCCGTGTGCCTG-1,untreated,bulk,-0.020354204177856446,0.017283799188063352,0.5327084470874359
GSM7791000_TTACGTTAGCCATATC-1,untreated,bulk,0.005250602752443323,0.0047045377562233695,-0.16501464827633486
GSM7791000_TTACGTTAGGCCACTC-1,untreated,bulk,-0.05640174430514139,0.012360779669903992,0.06121620216780217
GSM7791000_TTACGTTAGGTTCACT-1,untreated,bulk,-0.010473518371582032,0.0190100017376228,0.5768433725531303
GSM7791000_TTACGTTCAGGCATGA-1,untreated,bulk,-0.05769798498305062,0.007861393525200388,-0.048529591089654114
GSM7791000_TTACGTTGTACAGTAA-1,untreated,bulk,-0.20406505039760045,0.008332851154065592,-0.19196666387104097
GSM7791000_TTACGTTTCTAAGAAG-1,untreated,bulk,-0.04224826540265764,0.015037724303617614,0.31967859413819527
GSM7791000_TTACTGTAGCAGTCTT-1,untreated,bulk,-0.09974675980825273,0.011112994080361711,-0.13747816377795113
GSM7791000_TTACTGTAGTCGGGAT-1,untreated,bulk,0.03183456133282375,0.0088421996631321,-0.2083955127618633
GSM7791000_TTACTGTGTGGGATTG-1,untreated,bulk,-0.04370866109454441,0.009818982881155626,-0.1283193740683827
GSM7791000_TTACTGTTCCGTTTCG-1,untreated,bulk,-0.05942399312579444,0.006762963516652477,-0.0965234771894469
GSM7791000_TTAGGCAAGCCAAGCA-1,untreated,bulk,-0.050642305177355545,0.008085140146847981,-0.07963346594076333
GSM7791000_TTAGGCAAGGTCGCCT-1,untreated,bulk,-0.033788582105485215,0.01202107316347483,0.15616598856379582
GSM7791000_TTAGGCACAGAAGTGC-1,untreated,bulk,0.0313464159435696,0.010482569636215185,-0.07949744000918503
GSM7791000_TTAGGCACATGGGATG-1,untreated,bulk,0.05367962034921797,0.009515396268428329,-0.15265649808879525
GSM7791000_TTAGGCACATTATGCG-1,untreated,bulk,0.035156794199867863,0.010203732054756408,0.01599433402402657
GSM7791000_TTAGGCAGTGTTGACT-1,untreated,bulk,0.03936068391043043,0.017275568004386982,0.14358535827964541
GSM7791000_TTAGGCATCCAATCTT-1,untreated,bulk,-0.07288821629115513,0.014589756567269426,0.3935043705689684
GSM7791000_TTAGGCATCCTACCAC-1,untreated,bulk,-0.05987330815148734,0.007431603429723591,-0.005337516732223085
GSM7791000_TTAGGCATCCTTATCA-1,untreated,bulk,-0.19918814713992772,0.005622729381071925,0.08885815263869319
GSM7791000_TTAGGCATCGTCAACA-1,untreated,bulk,-0.000604170541914667,0.010349089944095754,-0.0782693308608255
GSM7791000_TTAGGCATCTGTAACG-1,untreated,bulk,-0.09476606539317539,0.005407237431278286,-0.027907896109708532
GSM7791000_TTAGGGTAGACCAGCA-1,untreated,bulk,0.26073643729800267,0.009421814617541447,-0.11094941716525235
GSM7791000_TTAGGGTAGGTAGCCA-1,untreated,bulk,0.04237576984223865,0.0071383724037327205,-0.24284571144842595
GSM7791000_TTAGGGTAGTGCAGCA-1,untreated,bulk,-0.07007883136234587,0.008065217658790626,-0.002025048976539629
GSM7791000_TTAGGGTCAAGCTGTT-1,untreated,bulk,-0.0741182349977039,0.007945033639047307,-0.08637742698812276
GSM7791000_TTAGGGTCACCAGGTC-1,untreated,bulk,-0.18792046683175223,0.015206462493828692,0.23652256675948713
GSM7791000_TTAGGGTGTGTGTTTG-1,untreated,bulk,0.13370569395640536,0.004070586487249707,-0.059343375800984005
GSM7791000_TTAGGGTGTTTCAGAC-1,untreated,bulk,-0.050053797600761285,0.00509926461401285,-0.09613764828491968
GSM7791000_TTAGGGTTCAAGTAAG-1,untreated,bulk,-0.12031594529984488,0.00775623523208738,-0.1037968805461041
GSM7791000_TTAGTCTTCGCCAATA-1,untreated,bulk,-0.10840221352047391,0.006205595108698285,-0.12144189329215278
GSM7791000_TTATTGCCATCTTTCA-1,untreated,bulk,-0.09298847781287299,0.0045830623408059734,-0.13645787025858375
GSM7791000_TTATTGCGTTGGCCGT-1,untreated,bulk,-0.03317540365552146,0.011750308269488478,-0.09083052048324043
GSM7791000_TTATTGCTCGTCCTTG-1,untreated,bulk,-0.044011282239641465,0.01799026409113912,0.420453957051114
GSM7791000_TTATTGCTCGTCGCTT-1,untreated,bulk,-0.184246826171875,0.00917185860931032,-0.0799702828757789
GSM7791000_TTCAATCAGCTGTGCC-1,untreated,bulk,-0.07554494040352958,0.015641792842044786,0.1998706781434374
GSM7791000_TTCAATCCAGGAGGAG-1,untreated,bulk,-0.08066918077923003,0.009549081121404419,-0.12582817608373806
GSM7791000_TTCAATCCAGTGAGCA-1,untreated,bulk,0.02268098982553632,0.005779095371193,-0.14904415854910674
GSM7791000_TTCAATCGTATTGCCA-1,untreated,bulk,0.05424145108177547,0.0107824854339473,-0.10670511651321316
GSM7791000_TTCAATCGTCGTTCAA-1,untreated,bulk,-0.07615206483810669,0.007559500543281925,-0.09324842260308337
GSM7791000_TTCAATCGTGAATATG-1,untreated,bulk,-0.07919580936431886,0.00703346770978179,-0.09262598055650058
GSM7791000_TTCAATCTCATTCATC-1,untreated,bulk,-0.21144343784877231,0.007219842549879353,-0.0730891282947855
GSM7791000_TTCAATCTCCGATGTA-1,untreated,bulk,-0.12432433351637825,0.004442507611188355,0.0017015929855319204
GSM7791000_TTCAATCTCTTCCCGA-1,untreated,bulk,-0.1383184994213165,0.005779818180638096,-0.09458581376870469
GSM7791000_TTCACCGAGATGACCG-1,untreated,bulk,0.04727030466473292,0.006376737589255772,-0.11711991020151447
GSM7791000_TTCACCGAGCCGTAAG-1,untreated,bulk,-0.08663079398018973,0.01626827723139292,0.21540604890372025
GSM7791000_TTCACCGCACCTATCC-1,untreated,bulk,-0.15430235151260618,0.00256535267884078,-0.01593392697541182
GSM7791000_TTCACCGGTACAGTAA-1,untreated,bulk,0.040441850329202306,0.012162353436092432,-0.06004943248201541
GSM7791000_TTCACGCAGGGATCGT-1,untreated,bulk,0.028659623766702336,0.01235815819229649,-0.05612181953535604
GSM7791000_TTCACGCAGTCCTGTA-1,untreated,bulk,-0.13932736169724236,0.00889431024413418,-0.05602791106014412
GSM7791000_TTCACGCCAAGGCTTT-1,untreated,bulk,0.10504049089219833,0.010822764045449537,-0.06237401047778635
GSM7791000_TTCACGCCACATCATG-1,untreated,bulk,-0.06243233317420596,0.0060477633023622345,-0.03288812962048313
GSM7791000_TTCACGCGTCTACGTA-1,untreated,bulk,0.030794185154021714,0.010812292586107306,0.0957470243522327
GSM7791000_TTCACGCGTTGATGTC-1,untreated,bulk,0.2538870190817212,0.007722872914346002,-0.08782246281685167
GSM7791000_TTCAGGACATGACTTG-1,untreated,bulk,-0.17458084106445312,0.011577038376600481,0.01530613595063613
GSM7791000_TTCAGGAGTAAGGAGA-1,untreated,bulk,-0.041923628004770425,0.008350260395294568,-0.06515771585108047
GSM7791000_TTCAGGAGTTGCCTAA-1,untreated,bulk,-0.11750524248395647,0.00977719973435427,-0.016526227765268534
GSM7791000_TTCAGGATCGCCAGTG-1,untreated,bulk,-0.17876488821847097,0.011638297339945208,-0.0983680058802001
GSM7791000_TTCATGTCATGCTGCG-1,untreated,bulk,0.05812014504084509,0.0044583438293208655,-0.19752391074735523
GSM7791000_TTCATGTGTAATCAAG-1,untreated,bulk,-0.0404170036315918,0.016416384321489005,0.5307413254103032
GSM7791000_TTCATTGAGAAGCGAA-1,untreated,bulk,-0.09560667397483946,0.009423224985182424,-0.16163842148006366
GSM7791000_TTCATTGAGTCGTCTA-1,untreated,bulk,-0.019888598956759013,0.007512735209518327,0.014798061558612529
GSM7791000_TTCATTGGTAGGCAGT-1,untreated,bulk,-0.16375662667410715,0.015410905722134188,0.04906290808995093
GSM7791000_TTCATTGGTGATGTAA-1,untreated,bulk,0.058166296671307294,0.005169897037792909,-0.14560700862637677
GSM7791000_TTCCAATAGAGTCAGC-1,untreated,bulk,0.002143550751701251,0.002864408729172732,-0.12809861260270886
GSM7791000_TTCCAATAGGAACTAT-1,untreated,bulk,-0.10499909915621318,0.011003723997033157,-0.1096916221831902
GSM7791000_TTCCAATGTCGGTACC-1,untreated,bulk,-0.07704165572211857,0.0057364855030609735,0.10088747461873075
GSM7791000_TTCCAATGTGAGTCAG-1,untreated,bulk,-0.06117292328486368,0.008824344277478505,0.0013137042377177584
GSM7791000_TTCCAATTCATTATCC-1,untreated,bulk,-0.17822486710926844,0.009050869122933321,-0.1409918028647488
GSM7791000_TTCCAATTCCCTATTA-1,untreated,bulk,-0.1560005623953683,0.008755679918351387,0.16949030214590535
GSM7791000_TTCCAATTCGGACCAC-1,untreated,bulk,0.039422831308274064,0.010373572747608164,0.034806390521955166
GSM7791000_TTCCAATTCGGCAGTC-1,untreated,bulk,-0.07562158682989695,0.00413613254502302,-0.10814506472447653
GSM7791000_TTCCACGAGACATGCG-1,untreated,bulk,-0.08494207109723773,0.019128354783166945,0.3580675815624984
GSM7791000_TTCCACGCACTCCGAG-1,untreated,bulk,-0.15921005578268144,0.004819831722213954,-0.10874350586824923
GSM7791000_TTCCACGCAGAGTTGG-1,untreated,bulk,-0.22777376447405134,0.007299184892520241,-0.08196343635327923
GSM7791000_TTCCACGGTGGACAGT-1,untreated,bulk,-0.2261948721749442,0.014918898810056464,-0.08868373874065665
GSM7791000_TTCCACGGTTAAGAAC-1,untreated,bulk,-0.08425988893660288,0.006167480423717482,-0.10141580216388849
GSM7791000_TTCCACGGTTATGGTC-1,untreated,bulk,0.03211663087209066,0.009234701539133368,-0.10468333349237499
GSM7791000_TTCCACGTCCTGATAG-1,untreated,bulk,-0.09254815680640086,0.012929877785136561,0.061894167313664136
GSM7791000_TTCCACGTCGCCAGAC-1,untreated,bulk,-0.003930122965858096,0.003594064448998274,-0.0503537479511583
GSM7791000_TTCCGGTAGCCGTTGC-1,untreated,bulk,-0.07078610435364738,0.006910569349328348,-0.008627049744501368
GSM7791000_TTCCGGTCATCAACCA-1,untreated,bulk,-0.20721276419503348,0.011317891224270668,-0.005593362379622858
GSM7791000_TTCCGGTGTTCCTACC-1,untreated,bulk,-0.1364238026785472,0.00613005423014567,0.0010832855070564177
GSM7791000_TTCCGGTTCACTGCTC-1,untreated,bulk,-0.1459016279190306,0.003311799234611171,-0.16787845120676823
GSM7791000_TTCCGGTTCCCGTTCA-1,untreated,bulk,-0.02434738461933436,0.007705423556852486,-0.10700791341038465
GSM7791000_TTCCGGTTCTTCGACC-1,untreated,bulk,-0.11904015771926396,0.007638242387992564,-0.010942372161235201
GSM7791000_TTCCGTGAGCGGTAGT-1,untreated,bulk,-0.005783357922993004,0.0036918785990766303,-0.15592891144237708
GSM7791000_TTCCGTGAGCTCCACG-1,untreated,bulk,-0.1127595833369664,0.005891256198316941,-0.024935799190018385
GSM7791000_TTCCGTGCAAGCTGCC-1,untreated,bulk,-0.2241292027064732,0.00952001605557522,-0.11560180176781948
GSM7791000_TTCCGTGCACACCTTC-1,untreated,bulk,-0.12711357116699218,0.018608600249513427,0.2694366194071168
GSM7791000_TTCCGTGTCACGGGAA-1,untreated,bulk,0.3765756555587526,0.009451352035343856,-0.10957014402413147
GSM7791000_TTCCTAAAGATTAGAC-1,untreated,bulk,0.013150099345615951,0.0068655206681361375,-0.0651359464699436
GSM7791000_TTCCTAAAGTATAGAC-1,untreated,bulk,-0.19216929844447544,0.007153970054622831,-0.06001907911157408
GSM7791000_TTCCTAAAGTGCCCGT-1,untreated,bulk,-0.05149133409772601,0.018535377795242603,0.41995971015130823
GSM7791000_TTCCTAACAAATGAAC-1,untreated,bulk,-0.005695175291999921,0.009608302250391403,-0.09145812979702327
GSM7791000_TTCCTAACAATCTCGA-1,untreated,bulk,-0.11680435082269097,0.007909776197180883,-0.04639820088811262
GSM7791000_TTCCTAACAGGGATAC-1,untreated,bulk,0.17394005124531092,0.014946345939233408,0.26633524614597637
GSM7791000_TTCCTAACATTCCTCG-1,untreated,bulk,-0.07642105216071718,0.006599204895001112,-0.05173872165081465
GSM7791000_TTCCTAAGTAATGTGA-1,untreated,bulk,-0.09037905863353185,0.009135886894989778,0.011341644181881189
GSM7791000_TTCCTAAGTAGTGTGG-1,untreated,bulk,-0.07131412922389924,0.008641626833154486,-0.10402318255994866
GSM7791000_TTCCTAAGTCATGCAT-1,untreated,bulk,0.016251677104405005,0.005015391710976166,-0.17745876058921375
GSM7791000_TTCCTAAGTCCGATCG-1,untreated,bulk,-0.13345934584027247,0.008742618205005182,0.16104206758798623
GSM7791000_TTCCTAATCCGTTTCG-1,untreated,bulk,-0.07786603988163054,0.010239744247033172,-0.043767911788059215
GSM7791000_TTCCTAATCTTGCGCT-1,untreated,bulk,0.09417939473712256,0.007125508594381764,-0.14345286053483003
GSM7791000_TTCCTCTAGAAATGGG-1,untreated,bulk,-0.04198428562709263,0.01647913124093598,0.4077238207184691
GSM7791000_TTCCTCTAGGGAGGAC-1,untreated,bulk,-0.013182006866212875,0.011321950149411014,-0.14777091884847948
GSM7791000_TTCCTCTCATAGGAGC-1,untreated,bulk,0.10255636790442088,0.013120892901824147,0.2237957307849893
GSM7791000_TTCCTCTGTATGGAAT-1,untreated,bulk,-0.07134099808950273,0.0033952240113746418,-0.14788592609370513
GSM7791000_TTCCTCTGTTTATGCG-1,untreated,bulk,-0.1375611020269848,0.013624826696994803,-0.11724134306638012
GSM7791000_TTCCTCTTCGGTAACT-1,untreated,bulk,0.11912424556792725,0.011360843447133373,-0.08977620732110848
GSM7791000_TTCCTTCCAAGACCGA-1,untreated,bulk,0.2727735383169992,0.012396487360638062,0.3449429403833804
GSM7791000_TTCCTTCCATTCCTAT-1,untreated,bulk,-0.040186252291240385,0.011934032201868259,0.04161582052646516
GSM7791000_TTCCTTCGTACTCGTA-1,untreated,bulk,-0.08446370806012835,0.015180637084518184,0.1695705003452393
GSM7791000_TTCCTTCGTCGTATTG-1,untreated,bulk,0.025629785325792104,0.010532198183641536,0.012466987649930315
GSM7791000_TTCCTTCTCACTTGTT-1,untreated,bulk,-0.010396160398210797,0.017907142362328102,0.6115295280438885
GSM7791000_TTCCTTCTCGAACCTA-1,untreated,bulk,0.02309926108708457,0.008916650866363287,-0.07249634245874227
GSM7791000_TTCCTTCTCTGTGCAA-1,untreated,bulk,0.0740842734442817,0.00735502799365852,0.0427999454146331
GSM7791000_TTCGATTAGCCTGACC-1,untreated,bulk,-0.12804509844098771,0.011471876542095789,0.07917257347065321
GSM7791000_TTCGATTAGGATTCAA-1,untreated,bulk,-0.15268243437721618,0.010217263175531847,-0.08770454351150139
GSM7791000_TTCGATTAGGGCTTCC-1,untreated,bulk,-0.11337503342401414,0.003578355816685346,-0.14002255691013638
GSM7791000_TTCGATTCACTGAGGA-1,untreated,bulk,0.02941116756863063,0.005267680885628661,-0.08196062567080797
GSM7791000_TTCGCTGAGGATTCCT-1,untreated,bulk,-0.24480543832930307,0.010365612504493115,-0.12569237107996617
GSM7791000_TTCGCTGGTAAGATCA-1,untreated,bulk,0.021469459533691393,0.006474282398508891,-0.2051518298327877
GSM7791000_TTCGCTGTCCGCGGAT-1,untreated,bulk,0.057923828609406036,0.008764127996631385,0.008658760920575766
GSM7791000_TTCGGTCAGCAAGGAA-1,untreated,bulk,0.039296603278508285,0.0064933978355987895,-0.04925501305071034
GSM7791000_TTCGGTCAGTCGCCAC-1,untreated,bulk,-0.17784373692103794,0.008173006380733538,-0.029405904556310654
GSM7791000_TTCGGTCCAAGTTCCA-1,untreated,bulk,-0.22482934266801863,0.0077821240591477055,-0.10877905496041373
GSM7791000_TTCGGTCCACCAACAT-1,untreated,bulk,-0.055177895379444925,0.007976968608726523,-0.12058871088390768
GSM7791000_TTCGGTCCAGCATACT-1,untreated,bulk,-0.12430739576854405,0.0037172337983612316,-0.06398274753510737
GSM7791000_TTCGGTCCAGGACATG-1,untreated,bulk,0.04027174465239991,0.0035282493487467474,-0.09575971092156957
GSM7791000_TTCGGTCGTAGACACG-1,untreated,bulk,-0.09859250719585116,0.002756785624076079,-0.08839532720831451
GSM7791000_TTCGGTCGTCTGTCAA-1,untreated,bulk,-0.20836962018694197,0.012224177956055578,0.04215768211462782
GSM7791000_TTCGGTCGTTTCGCTC-1,untreated,bulk,-0.03347171934824142,0.005224263322597826,-0.07459128874673802
GSM7791000_TTCGGTCTCAGGAAAT-1,untreated,bulk,-0.15754593860535396,0.00527344852714515,-0.07407119190385976
GSM7791000_TTCTAACAGCTACAAA-1,untreated,bulk,-0.15130282810756138,0.009042723462013695,0.032766879541798896
GSM7791000_TTCTAACAGCTGACCC-1,untreated,bulk,-0.03951068605695452,0.020644111561972173,0.5965878282517587
GSM7791000_TTCTAACAGGGAGGCA-1,untreated,bulk,0.05451570662241134,0.005348917361449319,-0.056385698237865045
GSM7791000_TTCTAACCACTTGTGA-1,untreated,bulk,0.172304895643204,0.007907155694054835,-0.0950506255053045
GSM7791000_TTCTAACGTCCACTCT-1,untreated,bulk,-0.027941539325411366,0.01456767298268379,0.09745181022811071
GSM7791000_TTCTAACGTGTGGTCC-1,untreated,bulk,0.05846673602149599,0.0039870983061775795,-0.17251930910314298
GSM7791000_TTCTAACGTTAATGAG-1,untreated,bulk,-0.14182708740234376,0.01796751338377458,0.30341966218901584
GSM7791000_TTCTAACTCCGATAAC-1,untreated,bulk,0.09607212066650392,0.006078859766521912,-0.057320844136506906
GSM7791000_TTCTAACTCTGCGGCA-1,untreated,bulk,-0.04179750866360135,0.008193754785053294,-0.10289481291671435
GSM7791000_TTCTAGTAGACTACGG-1,untreated,bulk,-0.17948197868135243,0.0023286622360769197,0.014778670060855932
GSM7791000_TTCTAGTCAGGTACGA-1,untreated,bulk,0.10166433803618896,0.004490259257735077,-0.04544109099288366
GSM7791000_TTCTAGTGTGCCTTTC-1,untreated,bulk,0.01568935454837858,0.004071169790954896,-0.013567216082614046
GSM7791000_TTCTAGTGTGCGGCTT-1,untreated,bulk,-0.057850019515506806,0.015152317235438117,-0.004307674876375795
GSM7791000_TTCTAGTGTGTGGACA-1,untreated,bulk,-0.085939193528796,0.004665897662293553,-0.13669487394556315
GSM7791000_TTCTCTCAGGAGCAAA-1,untreated,bulk,0.03159540025014726,0.00975242487044894,-0.0700945477478462
GSM7791000_TTCTCTCAGGTGCATG-1,untreated,bulk,-0.057563478000580315,0.004749866273330161,0.07955629646198921
GSM7791000_TTCTCTCAGTTCATCG-1,untreated,bulk,0.00018285796755837525,0.0029459487654677273,-0.031195276054586846
GSM7791000_TTCTCTCCAACGATCT-1,untreated,bulk,-0.08316524774309188,0.012502368558289399,0.006037413913701519
GSM7791000_TTCTCTCTCGCTAATG-1,untreated,bulk,0.020397306321159242,0.004248182607302604,-0.15838878899196063
GSM7791000_TTCTGTAAGCGTTCAT-1,untreated,bulk,0.09475856796143546,0.01841666497370761,0.39543434948262524
GSM7791000_TTCTGTAAGGGCCAAT-1,untreated,bulk,0.05451584710015189,0.006211726160316277,-0.08324011858667958
GSM7791000_TTCTGTACAATAACCC-1,untreated,bulk,0.06100625522552974,0.008750117316093105,-0.061286938511596604
GSM7791000_TTCTGTAGTATGAAGT-1,untreated,bulk,-0.0862551991144816,0.007389529332634633,-0.018479701854334306
GSM7791000_TTCTGTAGTTCAAAGA-1,untreated,bulk,0.0,0.01897374857704754,0.5164541545872444
GSM7791000_TTCTGTATCTTGGAAC-1,untreated,bulk,-0.005129590867057665,0.004667194116517769,0.03150292974285937
GSM7791000_TTCTTCCAGAAGAACG-1,untreated,bulk,0.05834292638869515,0.0073182891894588405,-0.0257742156118062
GSM7791000_TTCTTCCAGGATTTCC-1,untreated,bulk,-0.07476918477860708,0.008954778260116375,-0.006069943962099814
GSM7791000_TTCTTGAAGAACCGCA-1,untreated,bulk,0.07313141065930562,0.009587517876643002,-0.19308453612309315
GSM7791000_TTCTTGAAGACCACGA-1,untreated,bulk,0.020118881407238165,0.006144226382329842,-0.06957557577696849
GSM7791000_TTCTTGAAGCCGGATA-1,untreated,bulk,0.029123000871567495,0.005556784034644966,-0.12449399962655064
GSM7791000_TTCTTGAAGTTGCCTA-1,untreated,bulk,0.018161348842439196,0.009692634369233356,-0.0340506323865812
GSM7791000_TTCTTGACAAATGATG-1,untreated,bulk,0.03540743555341447,0.0049256369862923565,-0.16374249595985443
GSM7791000_TTCTTGACAAGTCCAT-1,untreated,bulk,-0.03879690124875024,0.008665676705223908,0.05859044839727223
GSM7791000_TTCTTGACAGCAGTCC-1,untreated,bulk,-0.018493051377553804,0.013239270818073566,-0.14677506882708302
GSM7791000_TTCTTGACAGCATGCC-1,untreated,bulk,-0.004903687522524902,0.01152696019355153,-0.1875280415265863
GSM7791000_TTCTTGACATTGACAC-1,untreated,bulk,-0.07068894840422132,0.00795943523707658,-0.09200701422386263
GSM7791000_TTCTTGAGTAAGTCAA-1,untreated,bulk,0.031230144500732415,0.009120278878548478,-0.0027026254192624604
GSM7791000_TTCTTGAGTACACGCC-1,untreated,bulk,0.10358714179387171,0.008567557071209047,-0.07561171416872667
GSM7791000_TTCTTGAGTAGACAGC-1,untreated,bulk,0.11209981010073705,0.003456142393243549,-0.12838902796943083
GSM7791000_TTCTTGAGTCTTCCGT-1,untreated,bulk,-0.12163242657979331,0.009874377999950106,0.0497789522820799
GSM7791000_TTCTTGATCCGAGCTG-1,untreated,bulk,-0.18247244698660714,0.014397096808902807,0.06994241601915271
GSM7791000_TTGAACGAGCCAGACA-1,untreated,bulk,-0.09462613325270394,0.006734634881667433,-0.08289617393356691
GSM7791000_TTGAACGAGTAGCCAG-1,untreated,bulk,-0.2145375279017857,0.015445651150432772,0.023773937168177894
GSM7791000_TTGAACGCAAAGGCTG-1,untreated,bulk,-0.06674403599330357,0.017503019640742155,0.5218556942888194
GSM7791000_TTGAACGGTATGTCCA-1,untreated,bulk,0.03356387834700325,0.0034252588160380696,-0.1134229058804201
GSM7791000_TTGAACGGTTTCGCTC-1,untreated,bulk,-0.09544168472290038,0.006885655694345612,-0.060987983118420824
GSM7791000_TTGAACGTCTGCTAGA-1,untreated,bulk,-0.11044589606542438,0.009625206761588593,-0.08139241525889943
GSM7791000_TTGACCCAGCTGAGTG-1,untreated,bulk,-0.006543374061584478,0.005344292978647148,-0.24156349347971015
GSM7791000_TTGACCCAGGCCTTCG-1,untreated,bulk,-0.11440915471031553,0.006336577691654869,-0.2158324818907069
GSM7791000_TTGACCCCAGGGTCTC-1,untreated,bulk,-0.09759752001081196,0.0067790784977053145,-0.02488392000828862
GSM7791000_TTGACCCCATGAAAGT-1,untreated,bulk,0.03385974672105577,0.004250940498025547,-0.2079178080234233
GSM7791000_TTGACCCGTACCAGAG-1,untreated,bulk,-0.04726269782535614,0.010447263778211072,-0.12076846352573141
GSM7791000_TTGACCCGTCGAAGCA-1,untreated,bulk,0.03667638097490583,0.010141369994682055,-0.1446832419853567
GSM7791000_TTGACCCTCAATCTTC-1,untreated,bulk,-0.0916296540744721,0.013108046389377124,-0.037937063851119286
GSM7791000_TTGACCCTCGAAGCAG-1,untreated,bulk,-0.004435648009890603,0.004624855195387059,-0.12202442286051905
GSM7791000_TTGACCCTCGATACGT-1,untreated,bulk,0.09961717832656136,0.008641654447857269,-0.1284118918925806
GSM7791000_TTGACCCTCTGCGGAC-1,untreated,bulk,-0.12638846798548622,0.00701815732399337,-0.035004677530073726
GSM7791000_TTGAGTGAGCGTCAGA-1,untreated,bulk,0.016486945682101795,0.003088299040060242,-0.055515845426695
GSM7791000_TTGAGTGAGTGATCGG-1,untreated,bulk,-0.04509714565579853,0.009211504662743376,-0.04458863998460377
GSM7791000_TTGAGTGCATATCTCT-1,untreated,bulk,-0.05027545641339015,0.00557480478428197,0.0002555561747381737
GSM7791000_TTGAGTGCATGCCGCA-1,untreated,bulk,-0.0013240325261675845,0.004956449974701229,-0.11570684335461594
GSM7791000_TTGAGTGCATTCTCTA-1,untreated,bulk,-0.008463012453109486,0.005317005717697137,0.010775473321194653
GSM7791000_TTGAGTGTCGCAGTGC-1,untreated,bulk,-0.014774589765639529,0.007437800486551147,-6.817070288671428e-05
GSM7791000_TTGATGGAGCACCTGC-1,untreated,bulk,0.10565901529221305,0.010060760996795147,-0.1187225938232368
GSM7791000_TTGATGGCAACTGATC-1,untreated,bulk,-0.11106506839631097,0.0027593467730690374,-0.17279986987431523
GSM7791000_TTGATGGCAGCATGCC-1,untreated,bulk,0.027667175323244114,0.015094583375031261,-0.1382761906957064
GSM7791000_TTGATGGCAGCCTACG-1,untreated,bulk,-0.07854544480641684,0.02753346040234324,-0.2278072008797919
GSM7791000_TTGATGGGTATCATGC-1,untreated,bulk,0.11377982026054745,0.018561959168565106,0.36980752457120225
GSM7791000_TTGATGGGTATTAAGG-1,untreated,bulk,-0.08520099639892578,0.019836397187529265,0.5727502172078682
GSM7791000_TTGATGGGTCACCCTT-1,untreated,bulk,-0.028903153434632317,0.005225279176776773,-0.145844996070547
GSM7791000_TTGATGGTCGCACGGT-1,untreated,bulk,0.05235201517740887,0.00768012121627872,-0.06456229660480259
GSM7791000_TTGCATTAGCATCAAA-1,untreated,bulk,-0.06411746009947761,0.0035432709075148817,-0.18317615539203924
GSM7791000_TTGCATTCACATACTG-1,untreated,bulk,-0.11181487329422482,0.007095853001382639,-0.059252322249068276
GSM7791000_TTGCATTGTTAGCTAC-1,untreated,bulk,-0.011584905064295214,0.00927103198800892,-0.0883672670855055
GSM7791000_TTGCATTTCGGAAGGT-1,untreated,bulk,-0.19539292869113745,0.008057159976404939,-0.2566916294613299
GSM7791000_TTGCATTTCTAACGGT-1,untreated,bulk,0.04463874120560907,0.007186840005670212,-0.15900845283843285
GSM7791000_TTGCCTGAGGTCATCT-1,untreated,bulk,-0.07776421444756645,0.009218207164018324,-0.029416130423511686
GSM7791000_TTGCCTGCAAGTGGGT-1,untreated,bulk,-0.16850992176267834,0.005091209153859871,-0.10258891955265517
GSM7791000_TTGCCTGCACAGCTGC-1,untreated,bulk,0.0646589948260595,0.009678808579588069,-0.0028132335981689827
GSM7791000_TTGCGTCAGATGGCGT-1,untreated,bulk,-0.12952978951590402,0.007364155152945211,0.009909514431493942
GSM7791000_TTGCGTCAGTGGTGAC-1,untreated,bulk,-0.25274217878069194,0.006614776812185524,-0.08725264449654088
GSM7791000_TTGCGTCCAATTGGTC-1,untreated,bulk,-0.011172714838905945,0.01066703110938984,-0.16811949405800505
GSM7791000_TTGCGTCCACTCAAGT-1,untreated,bulk,0.04212177912394208,0.006428960892357264,-0.043105617860218284
GSM7791000_TTGCGTCCATCAGTCA-1,untreated,bulk,-0.11039766985272603,0.011167925195886969,0.015256428331241814
GSM7791000_TTGCGTCGTACATTGC-1,untreated,bulk,-0.08307259900229319,0.0077544875351908,0.14407393589845693
GSM7791000_TTGCTGCCAGCTATTG-1,untreated,bulk,-0.07287477228376602,0.01107221860398955,-0.16575941854178286
GSM7791000_TTGCTGCGTCCTACAA-1,untreated,bulk,-0.06723290231492784,0.009474033525838371,-0.1865694223395595
GSM7791000_TTGGATGAGTATTGCC-1,untreated,bulk,-0.20165564400809152,0.008383879317531968,-0.08000603350211438
GSM7791000_TTGGATGAGTCCTACA-1,untreated,bulk,-0.23391758510044644,0.008534330582837485,-0.06472844823275295
GSM7791000_TTGGATGCATGATAGA-1,untreated,bulk,0.03477959087916782,0.005204349367024451,-0.07445695441897368
GSM7791000_TTGGATGTCAGCCTCT-1,untreated,bulk,-0.1966731480189732,0.008568132684686413,-0.1283661056507151
GSM7791000_TTGGATGTCATCACAG-1,untreated,bulk,-0.1308146447983999,0.007533954237056997,-0.05138907474002194
GSM7791000_TTGGATGTCGCCGAAC-1,untreated,bulk,-0.0870013651772151,0.007503632197125045,-0.1254415360216931
GSM7791000_TTGGATGTCTGGACCG-1,untreated,bulk,-0.09272403172084263,0.02133410436174118,0.5312893315133521
GSM7791000_TTGGGATGTCCTTTGC-1,untreated,bulk,0.17894023108103918,0.003922853460051946,-0.0827841198859577
GSM7791000_TTGGGATGTCTGCATA-1,untreated,bulk,0.1259352723378984,0.0072833150105287795,-0.021453676700263092
GSM7791000_TTGGGATGTGCAGTGA-1,untreated,bulk,-0.1517048820616707,0.006858490474338357,-0.16168027085899198
GSM7791000_TTGGGATTCCGCTAGG-1,untreated,bulk,-0.08362033299037389,0.020207554696440443,0.5199412913059939
GSM7791000_TTGGGATTCGAGCCTG-1,untreated,bulk,-0.10704299960817609,0.008342734586802805,-0.05970069204853958
GSM7791000_TTGGGCGAGCCGCACT-1,untreated,bulk,-0.03284879389263333,0.00888233957473615,0.05923523419192569
GSM7791000_TTGGGCGAGCTAAGTA-1,untreated,bulk,-0.12338275364467076,0.011594229545627385,0.05123724857736109
GSM7791000_TTGGGCGAGGCACGAT-1,untreated,bulk,-0.03387508392333984,0.01323054627690897,0.49049713578090964
GSM7791000_TTGGGCGCACCATTCC-1,untreated,bulk,0.07409885345943393,0.005002338335553008,-0.18148675956532645
GSM7791000_TTGGGCGCACGATTCA-1,untreated,bulk,-0.1468661005156381,0.00943146678364413,0.09105913300795922
GSM7791000_TTGGGCGCAGTCTCTC-1,untreated,bulk,-0.20304569789341517,0.007494768192293754,-0.010051918308051687
GSM7791000_TTGGGCGGTCGTTATG-1,untreated,bulk,-0.13812518377152702,0.010107649879270488,-0.0007342615042402582
GSM7791000_TTGGGCGGTCGTTGGC-1,untreated,bulk,-0.22349903651646205,0.006422576143781551,-0.09649890212255695
GSM7791000_TTGGGCGGTCTTGAGT-1,untreated,bulk,-0.0903004891531808,0.018768765092726018,0.43135687204151174
GSM7791000_TTGGGTAAGCGTTCAT-1,untreated,bulk,0.1180466361272903,0.00859005017147639,-0.19723120643774786
GSM7791000_TTGGGTAAGGGAGTGG-1,untreated,bulk,-0.029578791270180343,0.003995356105457991,-0.19280299021586172
GSM7791000_TTGGGTAAGGTCCCTG-1,untreated,bulk,-0.07245905194963728,0.007430083284469497,-0.10628338432145458
GSM7791000_TTGGGTAAGTCCCTAA-1,untreated,bulk,-0.1309208025251116,0.010938273268832947,-0.08286564851567269
GSM7791000_TTGGGTAAGTTGGACG-1,untreated,bulk,0.005804469926016673,0.012237765002409752,-0.005755054735860637
GSM7791000_TTGGGTACACGCGTGT-1,untreated,bulk,-0.07289670898800804,0.005204721740615666,-0.07145503989567188
GSM7791000_TTGGTTTAGATGATTG-1,untreated,bulk,-0.039964877007499566,0.008466562431045675,0.02645095453759914
GSM7791000_TTGGTTTAGTGGCGAT-1,untreated,bulk,-0.1620501164027623,0.01358908693799577,0.01889764691490001
GSM7791000_TTGGTTTCAGCGGATA-1,untreated,bulk,-0.17704894712993077,0.012123594812870581,0.03842918467303838
GSM7791000_TTGGTTTCAGCTTTGA-1,untreated,bulk,-0.004024514924912237,0.006566769666959881,0.04189454159462589
GSM7791000_TTGGTTTCAGTGGCTC-1,untreated,bulk,0.021662430990309928,0.010660662650017475,-0.004653715798397221
GSM7791000_TTGGTTTCAGTGTATC-1,untreated,bulk,0.18903423430427674,0.009658690570383056,-0.04870670176742917
GSM7791000_TTGGTTTTCCAGTTCC-1,untreated,bulk,-0.0670565438649011,0.009663095180653647,0.06403389178502164
GSM7791000_TTGTGGAAGATGCTGG-1,untreated,bulk,-0.04860706813751706,0.002275310634708331,-0.011052785506889873
GSM7791000_TTGTGGAAGTGGTGGT-1,untreated,bulk,0.04255799747648692,0.003432761833996332,-0.09937510024666278
GSM7791000_TTGTGGACAATATCCG-1,untreated,bulk,-0.004231947792900925,0.007465296280302619,-0.09648826904535177
GSM7791000_TTGTGGAGTTATGTGC-1,untreated,bulk,-0.13780813319342478,0.005872565938549618,-0.10316847315402168
GSM7791000_TTGTGGATCAAGCCGC-1,untreated,bulk,-0.20810782296316965,0.007408794344521544,-0.10509024565345744
GSM7791000_TTGTGGATCATGCCGG-1,untreated,bulk,-0.0746021706717355,0.014526758726066872,0.3471881316381185
GSM7791000_TTGTGTTAGCGGGTTA-1,untreated,bulk,0.1139698511456686,0.013980342101863826,0.1313381095078038
GSM7791000_TTGTGTTCAATTAGGA-1,untreated,bulk,0.12520984422592887,0.00797317451626245,0.07054484743232185
GSM7791000_TTGTGTTCAGCCGTCA-1,untreated,bulk,-0.10083169074285599,0.0076728013514053535,0.01908095938839099
GSM7791000_TTGTGTTGTCGGTACC-1,untreated,bulk,0.07021290461222335,0.005649215965409572,-0.04677643541048222
GSM7791000_TTGTGTTGTTACGATC-1,untreated,bulk,-0.0009504536220005522,0.009460970181653022,0.0012795016439417154
GSM7791000_TTGTTCAAGAGCAGTC-1,untreated,bulk,-0.1780061940162901,0.0065042161940966495,-0.09025395085924737
GSM7791000_TTGTTCACAAACTCGT-1,untreated,bulk,-0.06543779418582009,0.010772327408746164,-0.04070938915435874
GSM7791000_TTGTTCACAACCCTCT-1,untreated,bulk,-0.14668709512740846,0.005507776558191648,-0.09720609538021129
GSM7791000_TTGTTCAGTAGGTACG-1,untreated,bulk,-0.08018918400719052,0.0036393804606184204,-0.14402161472049807
GSM7791000_TTGTTCAGTCCGTACG-1,untreated,bulk,-0.13098292759486607,0.019434085489920032,0.3035478365600603
GSM7791000_TTGTTCATCGCCTTTG-1,untreated,bulk,-0.15867329268228442,0.007136467242297817,-0.21657918603786588
GSM7791000_TTGTTCATCTCTCTTC-1,untreated,bulk,-0.023014308233109737,0.011017595816264944,-0.004133028504331384
GSM7791000_TTGTTGTAGACAGCTG-1,untreated,bulk,0.03140886783599853,0.007371664165687813,0.0942163492671519
GSM7791000_TTGTTGTAGCGGCTCT-1,untreated,bulk,-0.06787277781774126,0.013171949763048968,0.050086488057419255
GSM7791000_TTGTTGTAGGATCATA-1,untreated,bulk,0.04922730794028629,0.00874298977924353,-0.061540325193941016
GSM7791000_TTGTTGTAGTCCCGAC-1,untreated,bulk,-0.008777242236667204,0.009431291717927478,0.01733042339742703
GSM7791000_TTGTTGTCACATGGTT-1,untreated,bulk,-0.05694562624371241,0.006210265950961399,-0.1720198086622539
GSM7791000_TTGTTGTCAGAATCGG-1,untreated,bulk,0.15712704900711302,0.007443676362844605,-0.11359610111148448
GSM7791000_TTGTTGTGTACATTGC-1,untreated,bulk,0.13142389706202914,0.010670404199319418,-0.11755063462460573
GSM7791000_TTGTTGTTCGAAGAAT-1,untreated,bulk,-0.17952416556222098,0.007374434618770636,-0.03682416643674188
GSM7791000_TTGTTGTTCGAGAGAC-1,untreated,bulk,0.07106577699146573,0.01274252417160699,0.05091560922817145
GSM7791000_TTGTTTGTCCGCCTAT-1,untreated,bulk,-0.0652626145075238,0.006874425527717226,-0.25583372048819236
GSM7791000_TTTACCACACTAGGTT-1,untreated,bulk,0.04856639120313856,0.014821899081795101,0.2526342112297304
GSM7791000_TTTACCACAGAGGGTT-1,untreated,bulk,0.14304350837828622,0.006745164202873207,-0.011456772354246303
GSM7791000_TTTACCAGTGATAGTA-1,untreated,bulk,-0.013998960464719767,0.02675898109785195,-0.015000153255844478
GSM7791000_TTTACCATCTAATTCC-1,untreated,bulk,0.03230898622482542,0.01076746151268999,0.045612059981399396
GSM7791000_TTTACGTAGCAGTAAT-1,untreated,bulk,-0.07506544930594308,0.021701080107808395,0.28204503402188413
GSM7791000_TTTACGTCATGCGGTC-1,untreated,bulk,-0.11240641207922072,0.005882491126403692,-0.08607791242498727
GSM7791000_TTTACGTCATGGATCT-1,untreated,bulk,0.11999693325587682,0.012004729606158674,-0.0496640370145237
GSM7791000_TTTACGTGTCGTAATC-1,untreated,bulk,-0.04563774926321847,0.016399525457104568,0.29423939277831823
GSM7791000_TTTACGTGTGTGCCTG-1,untreated,bulk,0.025650895890735437,0.0061749361630089455,-0.17495406809455433
GSM7791000_TTTACGTTCTTTACAC-1,untreated,bulk,0.08152228067791653,0.007903696046971415,-0.007199014698454946
GSM7791000_TTTACTGAGCCAAGCA-1,untreated,bulk,-0.07713227287171379,0.004984270737843899,-0.15264914285459252
GSM7791000_TTTACTGAGGATACAT-1,untreated,bulk,-0.0889705330984933,0.02061941018908681,0.5051388317594226
GSM7791000_TTTACTGCAATTCGTG-1,untreated,bulk,-0.17520847914710877,0.008131342120149983,-0.06504152464875355
GSM7791000_TTTACTGGTTGGGACA-1,untreated,bulk,-0.0020165596311054468,0.006305178336906802,-0.04743211245808287
GSM7791000_TTTACTGTCAACCGAT-1,untreated,bulk,0.042363902349320665,0.00809382318743388,-0.07059991668385257
GSM7791000_TTTACTGTCAAGAATG-1,untreated,bulk,-0.0916095188685826,0.015205956411786799,0.18853037127226022
GSM7791000_TTTACTGTCCAAGCTA-1,untreated,bulk,0.08941577411833262,0.008830955840517796,-0.06671287957163463
GSM7791000_TTTACTGTCCGTTGGG-1,untreated,bulk,0.0326746498592316,0.0063240234995796145,0.010731145985500302
GSM7791000_TTTAGTCAGAGAATCT-1,untreated,bulk,0.017387921015421554,0.012723283328660651,0.1733220130549275
GSM7791000_TTTAGTCAGCCACAAG-1,untreated,bulk,-0.18772414506427823,0.006762001321476196,-0.12326325356541322
GSM7791000_TTTAGTCAGCGCCGTT-1,untreated,bulk,-0.028748590984041728,0.0034221628578520666,-0.0730503604025269
GSM7791000_TTTAGTCAGCGTTACT-1,untreated,bulk,-0.10174272809709821,0.021347145311132118,0.352086025646142
GSM7791000_TTTAGTCAGGTCGACA-1,untreated,bulk,0.12315663050091458,0.006016053407055729,-0.08045929746238707
GSM7791000_TTTAGTCCACCGGAAA-1,untreated,bulk,0.06522776997278606,0.008035834950957364,-0.11552779095985641
GSM7791000_TTTAGTCGTCCAATCA-1,untreated,bulk,-0.043289695467267714,0.008808482864472602,-0.08039819271662725
GSM7791000_TTTAGTCGTTAAGTCC-1,untreated,bulk,-0.0928966776529948,0.007474678093037702,-0.06677759741516408
GSM7791000_TTTAGTCTCAGCCTCT-1,untreated,bulk,0.02749593159509084,0.014482900572195357,0.12505028877356333
GSM7791000_TTTATGCAGGCCACCT-1,untreated,bulk,-0.1356874401607211,0.009528848290842296,-0.1114332645493373
GSM7791000_TTTATGCAGGGAGGAC-1,untreated,bulk,0.05249924917069693,0.006913785528900986,-0.18299691320191525
GSM7791000_TTTATGCGTACGTACT-1,untreated,bulk,-0.12143254961286272,0.01802916707415514,0.3870132628744241
GSM7791000_TTTATGCGTTCGCGTG-1,untreated,bulk,-0.14065442766462052,0.019187373759413085,0.37675646908874005
GSM7791000_TTTATGCTCTAGACAC-1,untreated,bulk,0.09589934999980626,0.0029432046688587466,-0.11382506571217763
GSM7791000_TTTCACAAGAGTGTTA-1,untreated,bulk,0.08816799224369107,0.010949858979024462,-0.13161139972644254
GSM7791000_TTTCACACATCATGAC-1,untreated,bulk,0.009490046122717477,0.006133619296566708,-0.10710369690312178
GSM7791000_TTTCACAGTATATGGA-1,untreated,bulk,0.022126016616821287,0.009960596685549918,-0.026943226612054123
GSM7791000_TTTCAGTAGCCGATCC-1,untreated,bulk,-0.1406229711714245,0.004002085727469596,-0.07951175844698417
GSM7791000_TTTCAGTCACCCAACG-1,untreated,bulk,-0.02932876117645747,0.005430155178765157,-0.09545092384414544
GSM7791000_TTTCAGTGTGTGGACA-1,untreated,bulk,-0.04501063604203481,0.01820700722919502,0.03105117884637685
GSM7791000_TTTCAGTTCAACTCTT-1,untreated,bulk,-0.10547904945555188,0.00880091212963255,0.0104779660210961
GSM7791000_TTTCAGTTCCCATTCG-1,untreated,bulk,-0.14692484719412668,0.003907386802749211,-0.0672419878347854
GSM7791000_TTTCAGTTCGGCCCAA-1,untreated,bulk,-0.008584472565423884,0.005789011346020911,-0.08224651928803134
GSM7791000_TTTCAGTTCTAGCAAC-1,untreated,bulk,0.0377359570397271,0.005461960236127654,-0.07459909613093617
GSM7791000_TTTCATGAGGGTAGCT-1,untreated,bulk,0.07759732745942614,0.01570906572263459,0.19267506656614894
GSM7791000_TTTCATGGTATTGGCT-1,untreated,bulk,0.11344683208162823,0.004742679424882714,-0.1986289281542918
GSM7791000_TTTCATGTCACTACTT-1,untreated,bulk,-0.10537125920492504,0.0031604482791474015,-0.09958033659481971
GSM7791000_TTTCCTCCAGACCAGA-1,untreated,bulk,-0.01693083036513554,0.008714320105359087,-0.08694831701139953
GSM7791000_TTTCCTCGTACAGTCT-1,untreated,bulk,0.11614964621407645,0.008685076040122208,-0.07401403560404207
GSM7791000_TTTCCTCGTTCCACGG-1,untreated,bulk,-0.11169561408814929,0.0044488752638330974,-0.0342466305742549
GSM7791000_TTTCGATCACCTGAAT-1,untreated,bulk,-0.1041766139439174,0.01705239563071954,0.15258408143924693
GSM7791000_TTTCGATCACGCCAGT-1,untreated,bulk,0.043817788381425166,0.0066778500245354986,-0.18004343689179958
GSM7791000_TTTCGATCACTTCAAG-1,untreated,bulk,0.008494694800603941,0.0055136610415526775,-0.05629337499223108
GSM7791000_TTTCGATCAGTAGATA-1,untreated,bulk,0.04110945429120744,0.008904782826920945,0.05540686863667036
GSM7791000_TTTCGATGTGTCCGTG-1,untreated,bulk,-0.16556130220019627,0.004264693680037028,-0.08282285017600972
GSM7791000_TTTCGATTCTCGGGAC-1,untreated,bulk,-0.21926807948521204,0.005878759494715099,-0.19820959481854875
GSM7791000_TTTCGATTCTGCCTGT-1,untreated,bulk,0.15579100533137244,0.015200131380689668,0.009514639072338408
GSM7791000_TTTCGATTCTTACCGC-1,untreated,bulk,0.015360742901998847,0.005999033870899547,-0.06737060095587048
GSM7791000_TTTGACTAGACCACGA-1,untreated,bulk,-0.09841689533657497,0.007095279938186948,-0.035855705339895315
GSM7791000_TTTGACTCACCGTCGA-1,untreated,bulk,-0.0806012218717545,0.00366290941093665,-0.12943693203968118
GSM7791000_TTTGACTCATGGACAG-1,untreated,bulk,0.03989628564743769,0.006127787172508795,-0.24299835390103422
GSM7791000_TTTGACTGTCCGTTTC-1,untreated,bulk,0.04905587256900845,0.005871394744948349,-0.06686057170919771
GSM7791000_TTTGACTTCCTAACAG-1,untreated,bulk,-0.1338252885001046,0.006561606017634303,-0.027050089638813838
GSM7791000_TTTGATCAGAGTGACC-1,untreated,bulk,-0.10900036403111049,0.014469380393456575,0.27435236750029585
GSM7791000_TTTGATCCAACTCGAT-1,untreated,bulk,0.09560461513579838,0.008895026040764685,-0.10842031641944584
GSM7791000_TTTGATCCACACGGAA-1,untreated,bulk,0.07229428155081613,0.01730559760003693,0.0913100539044395
GSM7791000_TTTGATCGTCTTGCGG-1,untreated,bulk,-0.13155894147025216,0.006155864841561636,-0.13501853057248453
GSM7791000_TTTGATCGTGCTCCGA-1,untreated,bulk,0.08296539912148124,0.010675760963707632,-0.10748260098317759
GSM7791000_TTTGATCGTTGTCTAG-1,untreated,bulk,-0.00298220210605199,0.009819279742565069,0.14351720678514612
GSM7791000_TTTGGAGCAACTACGT-1,untreated,bulk,-0.06621896471296038,0.022172260926784478,0.4441861894918642
GSM7791000_TTTGGAGCACTAGGTT-1,untreated,bulk,0.24557315826416015,0.009082723468090572,-0.05507394716934516
GSM7791000_TTTGGTTAGACGCCCT-1,untreated,bulk,-0.0642114139738537,0.009670781115219317,-0.03207967145193684
GSM7791000_TTTGGTTAGCGCCCAT-1,untreated,bulk,0.03551014203873892,0.0074623248028433484,-0.17243635258575551
GSM7791000_TTTGGTTGTAACACCT-1,untreated,bulk,0.002996243370903845,0.00824885228178014,-0.18448677308287809
GSM7791000_TTTGGTTTCTCCCTAG-1,untreated,bulk,-0.06839651925223214,0.018229147495757568,0.43173299627144157
GSM7791000_TTTGTTGAGACCTCCG-1,untreated,bulk,-0.11248702439050826,0.006312828927031717,-0.12568755714428848
GSM7791000_TTTGTTGAGTCAACAA-1,untreated,bulk,-0.03367166220195708,0.012381856754575236,0.036292731467852245
GSM7791000_TTTGTTGCAAATCAGA-1,untreated,bulk,-0.039115264075142986,0.005643327514515299,0.030216796880159245
GSM7791000_TTTGTTGCACCTGAAT-1,untreated,bulk,-0.040752504212515694,0.014084498121932968,0.12597349973966052
GSM7791000_TTTGTTGGTAGCTTAC-1,untreated,bulk,-0.08862703694237604,0.006288265432363034,-0.10652730866203014
GSM7791000_TTTGTTGGTATTCCTT-1,untreated,bulk,-0.11445313253099955,0.00960816196027693,-0.18643948142775504
GSM7791000_TTTGTTGTCGGCCAAC-1,untreated,bulk,-0.21407006399972098,0.008099460897545329,-0.02720842914274582
GSM7791000_TTTGTTGTCGTGAGAG-1,untreated,bulk,0.10516002730717738,0.009836342472582561,-0.0005041707570639023
GSM7791000_TTTGTTGTCTAGACAC-1,untreated,bulk,-6.949053870307365e-05,0.015240947370411297,0.13132661750748037
GSM7791000_TTTGTTGTCTTGAACG-1,untreated,bulk,-0.17082142421177454,0.011647875673618559,0.08728242944887223
GSM7791001_AAACGAAAGGCCTGCT-1,residual,bulk,-0.13562842062541416,0.010184099551017359,-0.040566747592097295
GSM7791001_AAACGCTGTTACCTGA-1,residual,bulk,-0.05845522865416511,0.006735455805917221,-0.2496652427868026
GSM7791001_AAACGCTTCCGATCGG-1,residual,bulk,-0.17839930943080357,0.021778800743663944,0.35612251698926456
GSM7791001_AAAGAACTCAGCCTCT-1,residual,bulk,0.1286920302254813,0.016283885490593567,0.1934074083991456
GSM7791001_AAAGAACTCGACCAAT-1,residual,bulk,0.12170950450594464,0.00915462532705189,-0.14194799263614152
GSM7791001_AAAGGGCAGCGTCAGA-1,residual,ciliated,1.3619646193489194,0.018636517237858176,0.6057094589746275
GSM7791001_AAAGGGCGTACGGATG-1,residual,bulk,-0.06773420099228146,0.029327222085748353,0.44920089472217734
GSM7791001_AAAGGGCGTTTGCAGT-1,residual,bulk,-0.16042262486049108,0.01994424519478472,0.2654385118443873
GSM7791001_AAAGGTAAGCAGATAT-1,residual,bulk,0.4339887394980779,0.02477912523395053,0.5449033088578215
GSM7791001_AAAGGTACAATAACGA-1,residual,bulk,-0.152892336164202,0.024343470885291346,0.3701531810849807
GSM7791001_AAAGGTACACGACAGA-1,residual,bulk,-0.10293576225401863,0.011156058522473363,-0.13118035492115526
GSM7791001_AAAGGTATCCGAAATC-1,residual,bulk,0.11888854057069809,0.019497391043170872,-0.08779782375691654
GSM7791001_AAAGTCCCAGTTGAAA-1,residual,bulk,-0.0961174970202976,0.008906102151000973,-0.16906275417052183
GSM7791001_AAAGTCCCATATTCGG-1,residual,bulk,-0.10569247805883014,0.005138538027060509,-0.13310239776340735
GSM7791001_AAAGTCCTCGCTCCTA-1,residual,bulk,-0.13894506465821038,0.01716857832062252,0.14641457946815947
GSM7791001_AAAGTGAAGCACGATG-1,residual,ciliated,0.9480790450080993,0.020048910119006166,0.2027113756354456
GSM7791001_AAAGTGAGTTAGAAGT-1,residual,bulk,-0.15265377589634488,0.01612482508865738,0.3179766037752678
GSM7791001_AAATGGATCTGCTAGA-1,residual,bulk,0.002626731206500338,0.010098235548683764,-0.10889514545325238
GSM7791001_AACAAAGCACAATTCG-1,residual,ciliated,1.9801048060825892,0.018900863274294605,0.31041655258978046
GSM7791001_AACAAAGGTGGCTCTG-1,residual,bulk,0.07848419613308377,0.00756550427394172,0.019244595239548957
GSM7791001_AACAAAGTCATGCTAG-1,residual,ciliated,1.6363296333191888,0.01693104999582021,0.37860715254026117
GSM7791001_AACAAAGTCGTGCACG-1,residual,bulk,-0.12291815621512277,0.01865670974460636,0.28381443323249705
GSM7791001_AACAACCAGCTGTACT-1,residual,bulk,-0.07183097907475064,0.01576971626718076,0.05273470639340652
GSM7791001_AACAACCGTATGGAAT-1,residual,ciliated,0.7718411896720766,0.022437803162667396,0.5387711307680303
GSM7791001_AACACACAGGGCAATC-1,residual,bulk,-0.15973696027483258,0.02331805510976492,0.44514582399499725
GSM7791001_AACACACCAACAGATA-1,residual,bulk,0.16646973004416815,0.017605463175054452,0.5451362584619981
GSM7791001_AACACACTCCATGAGT-1,residual,bulk,-0.1414945111955915,0.01801750809411157,0.33073967895553974
GSM7791001_AACAGGGAGTTCCGGC-1,residual,bulk,0.3682756442115421,0.017658698725947906,0.28407102014391916
GSM7791001_AACAGGGTCATGAGTC-1,residual,bulk,0.08358818417503722,0.008521752226311687,-0.1438416091212185
GSM7791001_AACCAACAGGATACCG-1,residual,bulk,0.19387768866523863,0.020695872332403213,0.4041656986857397
GSM7791001_AACCAACTCATTGTTC-1,residual,bulk,-0.13359407697405135,0.027349313601332276,0.4123303280710102
GSM7791001_AACCACACAAAGGGCT-1,residual,bulk,-0.14990321568080356,0.01616626561245079,0.3665485504123691
GSM7791001_AACCACAGTATGGTTC-1,residual,ciliated,0.6269468144008091,0.007025538559347493,-0.09564316228688934
GSM7791001_AACCACAGTCGAGCAA-1,residual,bulk,-0.04047673111870173,0.011110005063485294,-0.1269329377350575
GSM7791001_AACCACAGTTAGTCGT-1,residual,bulk,0.013100094870915485,0.01447195333816158,0.2463756027162562
GSM7791001_AACCACATCATGCAGT-1,residual,bulk,-0.03863719493623763,0.009318405162083694,-0.04076774881189871
GSM7791001_AACCATGAGAGCTGAC-1,residual,bulk,-0.08364991104792036,0.0203722758289053,0.267681459191428
GSM7791001_AACCATGTCGTGGCTG-1,residual,bulk,-0.038575662885393436,0.01034461202873755,-0.1473214292587769
GSM7791001_AACCCAACAATACAGA-1,residual,bulk,-0.03602744972895064,0.016605622211941437,0.09220175673588939
GSM7791001_AACCCAACAGTATACC-1,residual,bulk,-0.17552628653390068,0.020230249648659302,0.2837985959994613
GSM7791001_AACCCAATCAGCTCTC-1,residual,bulk,-0.18772086007254465,0.02602530971073254,0.3003074520744876
GSM7791001_AACCTGACACTCAAGT-1,residual,bulk,0.010007788188873823,0.008314758948624766,-0.157844349504417
GSM7791001_AACCTTTAGATCCTAC-1,residual,bulk,0.028670068619743222,0.018287277829602263,0.22058349609502295
GSM7791001_AACCTTTGTGCATACT-1,residual,bulk,-0.019594459533691405,0.021398578813143547,0.6335687902162058
GSM7791001_AACGGGAAGCTCGTGC-1,residual,bulk,0.10283674482315308,0.020702209820854682,0.20869630791568294
GSM7791001_AACGGGAGTACAGTTC-1,residual,bulk,0.09575457618350072,0.010270649618528858,-0.09210773312610468
GSM7791001_AACGGGAGTTCTCACC-1,residual,bulk,0.007691640853881826,0.013365199814096318,-0.02060134311189031
GSM7791001_AACGGGATCGACCATA-1,residual,bulk,-0.17504457772724213,0.01755934015562966,0.01934232296284656
GSM7791001_AACGTCAAGTCAAGCG-1,residual,bulk,0.08603808160812135,0.022414801004470342,0.07108437339409733
GSM7791001_AACGTCATCCGATTAG-1,residual,bulk,-0.1643274540371365,0.006977327768348108,-0.12530363486454393
GSM7791001_AACTTCTCAGATCCAT-1,residual,bulk,-0.051107075327918625,0.05585804772057923,0.043510377895252327
GSM7791001_AAGACAAAGGAACGCT-1,residual,bulk,-0.15342424665178572,0.023095670287335817,0.35176277149263047
GSM7791001_AAGACAAAGGGAGTTC-1,residual,bulk,0.04472736404055638,0.005607434260472469,-0.0877383237952067
GSM7791001_AAGACAACAACTACGT-1,residual,bulk,0.07893987837291899,0.026872935545530458,0.41796802211935913
GSM7791001_AAGACTCCAATACCTG-1,residual,bulk,-0.035452937701391796,0.015778443014550753,-0.1597550774351813
GSM7791001_AAGACTCCAGCTGTGC-1,residual,ciliated,0.9097226394168914,0.009686629332920721,-0.13154777791095473
GSM7791001_AAGACTCGTATGACAA-1,residual,bulk,0.12101627955361016,0.009507043193549313,-0.018847783776388315
GSM7791001_AAGACTCGTGTCTCCT-1,residual,bulk,-0.10366255983473763,0.016991090609361104,0.1013003793636894
GSM7791001_AAGACTCTCGGCTCTT-1,residual,bulk,-0.01894787107195173,0.016049335892931716,0.532059440362232
GSM7791001_AAGACTCTCTCGTTTA-1,residual,bulk,-0.047411988122122634,0.007250748103025481,-0.06210594207414543
GSM7791001_AAGATAGCATCAGTCA-1,residual,bulk,-0.11856859771032183,0.017883799090870716,0.13907784320392094
GSM7791001_AAGATAGGTCTGTAAC-1,residual,bulk,0.09276467550368539,0.006096847035067079,-0.11773442901180303
GSM7791001_AAGCATCCAGGTGACA-1,residual,bulk,-0.12316086905343192,0.02532705071540198,0.34844913827989543
GSM7791001_AAGCATCGTTCAATCG-1,residual,bulk,-0.07465041024344309,0.02352930470007255,0.4196872515560575
GSM7791001_AAGCCATTCTATTCGT-1,residual,bulk,-0.08220567604852103,0.011590935307526147,-0.11135843522795537
GSM7791001_AAGCGAGAGAAGCTGC-1,residual,bulk,0.009080452994694788,0.007793319176648593,-0.06890126934133554
GSM7791001_AAGCGAGCATGCGTGC-1,residual,bulk,-0.0394221860643417,0.008905590325963714,-0.15019877456803063
GSM7791001_AAGCGTTAGCGTCTGC-1,residual,bulk,0.053126598615494985,0.023686389711015225,0.43301577179485745
GSM7791001_AAGCGTTCACGCCAGT-1,residual,bulk,-0.12072686331612723,0.02112700634229413,0.3248327994782046
GSM7791001_AAGCGTTGTTGTCATG-1,residual,bulk,-0.10179966411893326,0.009766476447112817,-0.19005625136027665
GSM7791001_AAGCGTTTCCGTGTAA-1,residual,bulk,-0.10937410627092634,0.021517559246804895,0.40720695676113333
GSM7791001_AAGGTAAAGTAGCCAG-1,residual,bulk,-0.10229292006719679,0.007568026573847305,-0.05993291911505923
GSM7791001_AAGTACCAGCAAGGAA-1,residual,bulk,-0.1800164358956473,0.019123338892804112,0.33088703219092136
GSM7791001_AAGTACCCATCGTTCC-1,residual,bulk,-0.07653399845910452,0.019347809510060165,0.12865483073022022
GSM7791001_AAGTACCGTTTGCCGG-1,residual,bulk,0.01465277974567715,0.02132548772093985,0.36289112294589654
GSM7791001_AAGTGAAAGATCCCAT-1,residual,bulk,-0.18740733555385045,0.021518201766047605,0.34547821700601933
GSM7791001_AAGTGAAAGATTTGCC-1,residual,bulk,-0.057381184668768015,0.013764369479180806,0.02839147494667603
GSM7791001_AAGTTCGGTGTTCATG-1,residual,bulk,-0.026766286426120334,0.007657278241871947,-0.17692831681314977
GSM7791001_AAGTTCGTCATGCGGC-1,residual,ciliated,1.586041979108538,0.01184184546245714,0.012159657983799201
GSM7791001_AAGTTCGTCGCGCTGA-1,residual,bulk,0.22513196006653802,0.02178614199830386,0.4576934332755952
GSM7791001_AATAGAGTCGTAACCA-1,residual,bulk,0.028558702468872044,0.010173378482237535,-0.25658328608796416
GSM7791001_AATAGAGTCTATCGCC-1,residual,bulk,-0.1545292988088396,0.008310001750808935,-0.18694521203128683
GSM7791001_AATCACGAGCACTTTG-1,residual,bulk,-0.16188008126758396,0.008416145825008919,-0.14065435434934428
GSM7791001_AATCACGCAGGTCAGA-1,residual,bulk,-0.10369558296506366,0.015230768334028413,0.14227696960494948
GSM7791001_AATCGACGTCCGGCAT-1,residual,bulk,-0.1066477530343192,0.02444440340899053,0.5320909842117832
GSM7791001_AATCGACGTTGTAGCT-1,residual,bulk,0.004239880319625605,0.018307607034196906,-0.07026425555758625
GSM7791001_AATCGTGGTTATGACC-1,residual,bulk,0.2655105826968238,0.01960162255904748,0.37364551036119775
GSM7791001_AATGAAGAGATCGACG-1,residual,bulk,0.09507878167288644,0.02091505670172926,0.2950538588257033
GSM7791001_AATGAAGCATTGCCGG-1,residual,bulk,0.0406667076595246,0.010216077710366272,-0.197551189840482
GSM7791001_AATGAAGTCATGGTAC-1,residual,bulk,-0.12002948390112983,0.006457766350132831,-0.16213675688320506
GSM7791001_AATGACCAGGAGTCTG-1,residual,bulk,-0.11977504185267857,0.02380367380444534,0.3705468078068456
GSM7791001_AATGACCGTCGTACTA-1,residual,bulk,-0.05512066825987802,0.00447531411465814,-0.08130998101801734
GSM7791001_AATGCCATCGCTGACG-1,residual,ciliated,1.1034883523365806,0.012905778993713745,0.003516133464393859
GSM7791001_AATGGCTAGGGTAATT-1,residual,bulk,-0.028772204035804383,0.01233107271153665,-0.09493799031244061
GSM7791001_AATGGCTAGGTGAGCT-1,residual,bulk,-0.02992639231303379,0.012417827348891498,0.2840210556534946
GSM7791001_AATTCCTAGACGCAGT-1,residual,bulk,-0.10911390032087054,0.020643032614845652,0.36721112593529537
GSM7791001_AATTCCTCAGAGGACT-1,residual,ciliated,1.3635661915370396,0.013809321235362567,-0.09654829830700744
GSM7791001_AATTCCTTCCATTGTT-1,residual,bulk,-0.044066496955023904,0.009773353817692973,-0.09821509765794507
GSM7791001_AATTTCCAGGTCTTTG-1,residual,bulk,0.03896927788144067,0.00948949246794225,-0.05418960149887182
GSM7791001_AATTTCCGTGCATACT-1,residual,bulk,0.10362932235475569,0.007270825158344446,-0.19530903226341667
GSM7791001_ACAAAGACAACTTCTT-1,residual,bulk,-0.09068248037307985,0.005995761478370424,-0.17236327150963146
GSM7791001_ACAAAGACACATATCG-1,residual,bulk,-0.008085502291482582,0.010663899931219205,-0.06336620085589033
GSM7791001_ACAAAGAGTTCCCACT-1,residual,bulk,-0.029933041163853237,0.02038106294271326,0.623350937159458
GSM7791001_ACAACCAAGTTGGAGC-1,residual,ciliated,1.633713196648492,0.022609960698029084,0.3454124609159247
GSM7791001_ACAACCAGTCAAAGAT-1,residual,bulk,-0.08555753374856614,0.019591129236431602,0.1884798775685752
GSM7791001_ACAACCATCATCTCTA-1,residual,bulk,-0.06898044041224888,0.021545215656012192,0.5494588984765872
GSM7791001_ACAACCATCTGGTGGC-1,residual,bulk,-0.2120562308175223,0.017513337291380476,0.21773533036448348
GSM7791001_ACAACCATCTGTGCTC-1,residual,ciliated,0.685087756807842,0.01758035783364499,0.5338791449761718
GSM7791001_ACAAGCTCACGAGAAC-1,residual,ciliated,0.559255985683865,0.021861014426188458,0.1999013043028059
GSM7791001_ACAAGCTCACTTGAAC-1,residual,bulk,-0.07515487572503471,0.008712033668623909,-0.3342776460136564
GSM7791001_ACAAGCTTCCAAACCA-1,residual,bulk,-0.025590032849993026,0.013513335040606842,0.3814425878178719
GSM7791001_ACACAGTAGCGAGAAA-1,residual,bulk,0.06138242585318429,0.011753982301437033,-0.0798459373536816
GSM7791001_ACACAGTCAAACCATC-1,residual,bulk,0.06116547009301565,0.020279669534816715,0.4333981199869342
GSM7791001_ACACAGTGTTAGAGAT-1,residual,bulk,-0.007343357555449959,0.015122663071913926,0.1577822767258949
GSM7791001_ACACTGATCTGTCAGA-1,residual,bulk,-0.12090330403948588,0.013494392631669074,-0.0329974703677373
GSM7791001_ACAGAAAAGCTCGAAG-1,residual,bulk,0.05021692556048196,0.022227013494845727,0.3084154161935775
GSM7791001_ACAGAAACAGATTCGT-1,residual,bulk,0.02383851747664195,0.007226409516329782,-0.02136748360395274
GSM7791001_ACAGAAAGTCGTTTCC-1,residual,bulk,-0.11191618412260025,0.009623375199558372,-0.12412921924849522
GSM7791001_ACAGCCGCATCGGAGA-1,residual,bulk,0.3383704218788752,0.019059507757970457,0.2248669106265407
GSM7791001_ACAGCCGGTAGCGTAG-1,residual,bulk,0.05040700927613273,0.0250177392602278,0.4090720246896135
GSM7791001_ACAGGGACACTCGATA-1,residual,bulk,-0.08180924006870814,0.02400512268326951,0.42170262942759823
GSM7791001_ACAGGGAGTCTGTAGT-1,residual,bulk,-0.10220222473144532,0.020964857229647475,0.4707503147991098
GSM7791001_ACATCCCAGAAGTCAT-1,residual,bulk,-0.20407096575176908,0.010744230428398433,-0.03154449334025554
GSM7791001_ACATCCCAGGACAAGA-1,residual,ciliated,0.7829514869811043,0.016536135289796607,-0.11878601366326469
GSM7791001_ACATCCCCAGTCGCAC-1,residual,bulk,-0.023301158178420295,0.005497692280470827,-0.04341513999854857
GSM7791001_ACATCCCTCTCTTGCG-1,residual,bulk,0.036218365638975125,0.014177571934704687,-0.03154589402869046
GSM7791001_ACATCGAAGCGCTGAA-1,residual,bulk,-0.1524553026471819,0.016547936428979067,0.260228125255172
GSM7791001_ACATCGACACATTCTT-1,residual,bulk,0.007996429791526191,0.019980439720477042,0.31098799256281573
GSM7791001_ACATCGATCTAGAGCT-1,residual,bulk,-0.15239595685686383,0.021576122347289547,0.5026857108756397
GSM7791001_ACATGCAAGACATCCT-1,residual,bulk,0.02085634261842756,0.011052074842740938,0.07653604119730054
GSM7791001_ACATTTCAGATCGACG-1,residual,bulk,-0.24112819126674107,0.008759023486386913,-0.24378128532637997
GSM7791001_ACATTTCCAACCGACC-1,residual,bulk,-0.04967224227057565,0.010639830435586186,-0.1415844771872614
GSM7791001_ACATTTCTCCACACCT-1,residual,bulk,0.049598497209094844,0.008367430309614036,-0.10133753781006118
GSM7791001_ACATTTCTCCATGATG-1,residual,bulk,-0.1201721673920041,0.015138985338099925,-0.057165639890669306
GSM7791001_ACCAACATCTCGACGG-1,residual,ciliated,1.6393072982061478,0.013630399562141337,0.0029066122714681464
GSM7791001_ACCAACATCTCGGGAC-1,residual,bulk,0.014261832161555216,0.006141008242341638,-0.24344378428724783
GSM7791001_ACCACAACAGGTGTGA-1,residual,bulk,0.11290378956567675,0.017280975497413892,0.2872403390491374
GSM7791001_ACCACAAGTCAGGAGT-1,residual,bulk,-0.04940552847726005,0.017780282109021415,0.5156192686767822
GSM7791001_ACCATTTGTCTAGGTT-1,residual,bulk,-0.09827926620604499,0.00603073790336473,-0.1787376622873487
GSM7791001_ACCATTTTCCGTGGCA-1,residual,bulk,0.35531299379136827,0.016286674784249267,0.47587078017373285
GSM7791001_ACCATTTTCTACACAG-1,residual,bulk,0.0598341867658827,0.01736607058873338,0.37518396975796464
GSM7791001_ACCCAAAGTACAGTCT-1,residual,bulk,-0.08962247439793178,0.01685209204348713,0.052445051619837126
GSM7791001_ACCCAAAGTGACATCT-1,residual,bulk,-0.03838820048740932,0.01637771841830676,0.5654309054225507
GSM7791001_ACCCTCAAGGCCTAAG-1,residual,bulk,-0.16448318481445312,0.021475778766842344,0.29473493121610095
GSM7791001_ACCCTCATCACCCTTG-1,residual,bulk,-0.10628087724958148,0.027476637192052605,0.43183031359295193
GSM7791001_ACCCTTGAGGTCTGGA-1,residual,bulk,-0.07287241685958136,0.014991243299477045,0.12377996909427363
GSM7791001_ACCCTTGAGGTTGGTG-1,residual,bulk,-0.01068095782446482,0.010276218948416906,-0.11886352824983784
GSM7791001_ACCCTTGGTTGGCCTG-1,residual,bulk,0.2189716165027921,0.0173897951171841,0.051562579733214056
GSM7791001_ACCGTTCAGCGTGCCT-1,residual,bulk,-0.033704910278320316,0.0163811704834206,0.49518664813883684
GSM7791001_ACCTGAAAGGTGGCTA-1,residual,bulk,-0.0805225808279855,0.019759392241894543,0.3371171213913047
GSM7791001_ACCTGAAGTTAATCGC-1,residual,bulk,-0.10453468322753906,0.024177171269623154,0.4650518102907105
GSM7791001_ACCTGTCCATCATCTT-1,residual,bulk,0.019134010511731345,0.0208371714387343,0.29437062991150237
GSM7791001_ACCTGTCTCTTAGTTC-1,residual,ciliated,0.8964654631841751,0.010496674996238489,-0.10078123044731149
GSM7791001_ACGATCAAGCTGTTCA-1,residual,bulk,-0.004546817446511892,0.01165462880512856,-0.029851712942304386
GSM7791001_ACGATCAAGGACTAAT-1,residual,bulk,0.033283553501916335,0.009110420524917043,-0.08357750623693395
GSM7791001_ACGATCAGTTGACTAC-1,residual,bulk,-0.173079320362636,0.009541233367267485,-0.038033136834248006
GSM7791001_ACGCACGTCGCATTAG-1,residual,bulk,-0.06919614595080179,0.02012674313044796,0.19407504857363866
GSM7791001_ACGGAAGCAAGTCATC-1,residual,ciliated,1.5066575773935469,0.015432560889592075,0.046748731790576065
GSM7791001_ACGGAAGCAGCGTACC-1,residual,bulk,0.2899250290885805,0.02260550109143955,0.24235707246609559
GSM7791001_ACGGGTCAGCACCCAC-1,residual,bulk,-0.12319185858681088,0.011690851346036498,-0.13069488241821142
GSM7791001_ACGGGTCAGGTAAAGG-1,residual,bulk,-0.10558904375348772,0.01728751576588147,0.27706253818083304
GSM7791001_ACGGGTCCAGAAATTG-1,residual,bulk,-0.01236156804221017,0.01120902445830245,-0.04646143642928975
GSM7791001_ACGGGTCTCCGCTGTT-1,residual,bulk,-0.03748510156358992,0.02083057696150609,0.1389420273605354
GSM7791001_ACGGTCGAGGCTTAGG-1,residual,bulk,0.11289034737481007,0.010310150069733124,-0.15162933286719563
GSM7791001_ACGGTCGCAACTCCAA-1,residual,bulk,0.02204624024648516,0.006335561606094497,-0.19043909505982845
GSM7791001_ACGGTCGGTGATACTC-1,residual,ciliated,0.9768632204570467,0.02792076226810678,0.43171040993982535
GSM7791001_ACGGTCGTCAACTGGT-1,residual,bulk,-0.13653771536690848,0.019438956714503686,0.4209897225920453
GSM7791001_ACGGTTAAGCAGGCTA-1,residual,bulk,-0.013226871414790092,0.025207091834447973,0.45129424465814105
GSM7791001_ACGGTTAGTGCAGATG-1,residual,bulk,0.0415467515824333,0.01849834780304896,0.31818239151918987
GSM7791001_ACGGTTATCGATGCAT-1,residual,bulk,0.10011288097926549,0.0056219220138365895,-0.09969535227282679
GSM7791001_ACGGTTATCGCCGAAC-1,residual,bulk,-0.052204442705426894,0.014968025872382306,0.27186844283256745
GSM7791001_ACGTAACAGACCTGGA-1,residual,bulk,-0.13590779985700335,0.02052217176022866,0.32615179863206895
GSM7791001_ACGTAACAGGTTCACT-1,residual,ciliated,0.5778960122002496,0.020494349706369527,0.6143681876013267
GSM7791001_ACGTAACGTGATTGGG-1,residual,bulk,-0.19977382690187484,0.008996603008097489,-0.1811707419765867
GSM7791001_ACGTACACATCCGTGG-1,residual,bulk,0.011779960299295122,0.006852823512180928,-0.1878793534639187
GSM7791001_ACGTAGTCAGTCGAGA-1,residual,bulk,-0.047448515513586614,0.0035093085189311407,-0.053359249248781306
GSM7791001_ACGTAGTGTCACTCAA-1,residual,bulk,-0.012234903744288844,0.023917386580072347,0.3561852424625984
GSM7791001_ACTACGAGTTCTCCTG-1,residual,ciliated,1.740551525297619,0.009158163269951605,-0.06058611602608781
GSM7791001_ACTATCTAGTAGATCA-1,residual,ciliated,0.5304079727899461,0.011990582506121991,-0.2362122932571947
GSM7791001_ACTATCTCAAAGAACT-1,residual,bulk,-0.09713084270083713,0.01678871086519487,0.14135913872598466
GSM7791001_ACTATCTGTCCAGAAG-1,residual,bulk,-0.06466773986816406,0.022525902889874237,0.42790315195257594
GSM7791001_ACTATGGGTGCGTTTA-1,residual,ciliated,1.1571962647210983,0.005830417583689757,-0.1624342029047585
GSM7791001_ACTATTCAGGACAGTC-1,residual,ciliated,1.5823044017004588,0.011782205033218935,-0.17651780939048697
GSM7791001_ACTATTCGTCCTTAAG-1,residual,bulk,0.06323964134095206,0.010255006956520318,0.10085356424106384
GSM7791001_ACTCTCGCATGTTACG-1,residual,bulk,-0.08488477010575551,0.006862069128620453,-0.06416221734928479
GSM7791001_ACTCTCGGTGTTACAC-1,residual,bulk,-0.027523825509207588,0.016171221400163645,0.40779057383135364
GSM7791001_ACTGCAAAGCGTTCCG-1,residual,ciliated,0.9906108959137447,0.01931076114024604,0.2119491157083712
GSM7791001_ACTGTCCCAGTAGGAC-1,residual,bulk,0.07337537765502927,0.005919091981341308,-0.20253389067521554
GSM7791001_ACTTAGGTCACAGAGG-1,residual,bulk,0.011951190403529571,0.008157574951373626,-0.1832962765648483
GSM7791001_ACTTAGGTCGGCATAT-1,residual,bulk,-0.06657039755866642,0.009402662403270614,-0.21459838825045915
GSM7791001_ACTTAGGTCTTTCCGG-1,residual,bulk,-0.20408185686383928,0.027191385575439587,0.3062718757736249
GSM7791001_ACTTATCGTAGGTAGC-1,residual,bulk,-0.027547976024567128,0.03140250397143148,0.24629678932947063
GSM7791001_ACTTATCGTCACAATC-1,residual,bulk,0.14217874451289098,0.010246891485585597,-0.08520677006952906
GSM7791001_ACTTATCGTTCCGTTC-1,residual,bulk,-0.10920116742451988,0.0067243294993847205,-0.11178522386332619
GSM7791001_ACTTATCTCGAGCACC-1,residual,ciliated,1.6770866115509517,0.007596849877611688,-0.16535582232111923
GSM7791001_ACTTATCTCTTGGGCG-1,residual,bulk,-0.033694139208112456,0.01981903998941093,0.21897313299672155
GSM7791001_ACTTCCGAGGTAAGGA-1,residual,bulk,0.10258757031153119,0.02006148454072794,0.4982088307935166
GSM7791001_ACTTCCGGTTCCGCAG-1,residual,ciliated,1.1798289047725616,0.017191577897158646,0.02772925959133031
GSM7791001_ACTTCCGTCCTATTGT-1,residual,bulk,-0.019231136866978235,0.016604305694876583,0.5024247865861781
GSM7791001_ACTTCGCCAACCACAT-1,residual,bulk,-0.1275533403669085,0.023888655421622926,0.3590557949674885
GSM7791001_ACTTTCATCCCGTGAG-1,residual,bulk,0.07033773270864335,0.019009116090770047,0.3243019877448195
GSM7791001_ACTTTCATCCGGCAGT-1,residual,bulk,-0.005319285468449675,0.008104092763782987,-0.011311796102595365
GSM7791001_ACTTTGTCACCCTATC-1,residual,bulk,0.017143927680121518,0.009696838621128969,-0.2444177252542483
GSM7791001_ACTTTGTCAGTAGAGC-1,residual,bulk,0.004091141715882318,0.016484797978581246,0.1646747145155836
GSM7791001_ACTTTGTCATGACTTG-1,residual,bulk,0.11691694138542053,0.009885919897469559,-0.19453998015841714
GSM7791001_ACTTTGTGTCTGATCA-1,residual,bulk,-0.13433880151264252,0.00846305949962124,-0.16010765322175652
GSM7791001_AGAAATGGTAGCGAGT-1,residual,bulk,-0.039974794993324875,0.00709381704522701,-0.07550802865991986
GSM7791001_AGAACAACAACAAGAT-1,residual,bulk,-0.03478388328400869,0.015397752784321147,0.26894096871000867
GSM7791001_AGAACAAGTTGTACGT-1,residual,bulk,-0.05694031223418222,0.008494873005012702,-0.20882301118393645
GSM7791001_AGAACCTTCTGAATGC-1,residual,bulk,0.14469746286906895,0.009871400628355629,-0.0022411159995844136
GSM7791001_AGAAGCGCAAGTATCC-1,residual,bulk,0.07819558022514222,0.013844620109313565,-0.034486699685431874
GSM7791001_AGAAGTAAGGCATGGT-1,residual,bulk,0.10000049621339827,0.011021545142389701,-0.023135186397977486
GSM7791001_AGAAGTATCACCTTGC-1,residual,bulk,-0.14301177978515625,0.020580754392674615,0.3679927512265181
GSM7791001_AGAAGTATCACGACTA-1,residual,bulk,0.07292516314794145,0.012125276472839253,-0.10660381605379299
GSM7791001_AGAAGTATCCGATTAG-1,residual,bulk,-0.028444798219771625,0.0163230145021844,0.29250314428815843
GSM7791001_AGACAAAAGAGTGACC-1,residual,bulk,0.0019395048656161151,0.0051899439874373374,-0.238517695024782
GSM7791001_AGACACTAGCCAACCC-1,residual,bulk,-0.10475299290248326,0.02300270864292066,0.44849175699926536
GSM7791001_AGACACTAGGCGTCCT-1,residual,ciliated,0.5900939084613135,0.017191940036223995,-0.03569819068528245
GSM7791001_AGACAGGAGGATGCGT-1,residual,bulk,-0.17426177978515625,0.01678424239561564,0.14545404945974702
GSM7791001_AGACAGGCAAATTAGG-1,residual,bulk,-0.04956561323196168,0.01129999026241343,-0.11928478307457162
GSM7791001_AGACCATCACCTGATA-1,residual,bulk,0.13040722029549734,0.012572502018965202,-0.1898920420151729
GSM7791001_AGACCATGTGCCCGTA-1,residual,bulk,-0.1319137246268136,0.016274199704472938,0.25802341311043236
GSM7791001_AGACCCGCATCCGGCA-1,residual,bulk,-0.04218277613321941,0.005704151830659971,-0.1028074987606974
GSM7791001_AGACTCAAGCGGCTCT-1,residual,bulk,-0.11106068202427455,0.02319262532747544,0.555542039566531
GSM7791001_AGACTCACACTACAGT-1,residual,bulk,0.06594826342567565,0.01216190167206508,0.23634269136011646
GSM7791001_AGAGAATAGTCGCCCA-1,residual,bulk,-0.18657642909458705,0.017308753124863286,0.1825615362553458
GSM7791001_AGAGAATGTCACCACG-1,residual,bulk,-0.0076049349799988675,0.020399348504842818,0.2989585299047664
GSM7791001_AGAGAGCAGTAGTCAA-1,residual,ciliated,0.9026332873389834,0.01586555357261099,0.06067133239374934
GSM7791001_AGAGAGCGTGTTCCTC-1,residual,bulk,0.3497914931887672,0.0198925023996122,0.41210114206834586
GSM7791001_AGAGCAGAGATCGGTG-1,residual,bulk,-0.1664009312220982,0.022483129920647285,0.30981358426715844
GSM7791001_AGAGCAGGTCCACGCA-1,residual,bulk,0.10147910133240715,0.011429423224332512,-0.21505918784323538
GSM7791001_AGAGCCCTCCACCCTA-1,residual,bulk,-0.09669425964355469,0.02059130822165334,0.34120167596609013
GSM7791001_AGAGCCCTCTGTGCTC-1,residual,ciliated,1.1998240637400794,0.012734491526456213,-0.08074854640863695
GSM7791001_AGATAGACAATAGGGC-1,residual,bulk,0.005051988420032322,0.017231527863785352,0.23001117897790513
GSM7791001_AGATAGAGTGGATACG-1,residual,bulk,-0.14364966653642203,0.007875426314474007,-0.14156898999201123
GSM7791001_AGATAGATCCCGAAAT-1,residual,bulk,-0.1158562801754664,0.01084268106614838,-0.1973500010291557
GSM7791001_AGATCCAGTACAGCGA-1,residual,bulk,0.08124886527894035,0.008684688322573105,-0.10684907896343894
GSM7791001_AGATCCATCTTCGTAT-1,residual,bulk,-0.08275193070608472,0.013307814548511078,0.06206197347986192
GSM7791001_AGATCGTAGATACAGT-1,residual,bulk,-0.1530181339808873,0.018929315895919015,0.20284196871358023
GSM7791001_AGATCGTCAGGACTTT-1,residual,bulk,0.0661695048922584,0.01226467025763694,-0.1428606118205769
GSM7791001_AGATCGTTCGCATTGA-1,residual,ciliated,0.7858422488257998,0.005199959950622338,-0.10962035064330518
GSM7791001_AGATCGTTCTAGACAC-1,residual,ciliated,1.3101314641558934,0.017377244788423542,-0.012923110293623323
GSM7791001_AGATGAAAGGGTCACA-1,residual,bulk,0.1629908779689244,0.016320630857434938,0.09913570434216058
GSM7791001_AGATGAAAGTGCAGGT-1,residual,bulk,0.4765704821026514,0.016867609820716084,0.10473278249576688
GSM7791001_AGATGCTGTGCCTTCT-1,residual,bulk,0.13020561884319973,0.008106612480276732,-0.06405982343761588
GSM7791001_AGCATCAAGCCTTTGA-1,residual,ciliated,1.6001122332376148,0.0078118874338994485,-0.16234576331166095
GSM7791001_AGCATCATCCAACTGA-1,residual,bulk,0.04342365189204141,0.019217964481567488,0.38554656650355584
GSM7791001_AGCATCATCCGTTGGG-1,residual,bulk,-0.12830684116908483,0.021025970539451756,0.2851499663974795
GSM7791001_AGCCAATAGACTTAAG-1,residual,bulk,0.060768001193092,0.02702291869724125,-0.023084225762573084
GSM7791001_AGCCACGAGACGACGT-1,residual,bulk,-0.013575965790521519,0.01569952114839779,0.3005589775904411
GSM7791001_AGCCACGAGTAGAATC-1,residual,bulk,-0.03990700335729688,0.011289938224455665,-0.10344190624009755
GSM7791001_AGCCACGTCCCTCGAT-1,residual,bulk,-0.22323498453412738,0.009422613291287421,-0.10973735417467202
GSM7791001_AGCCAGCAGCGATGCA-1,residual,bulk,0.137726202465239,0.009754038387982833,-0.024156288315872698
GSM7791001_AGCCAGCAGTAGACCG-1,residual,bulk,-0.1300780815548367,0.01888308509671749,0.04967422751754873
GSM7791001_AGCGATTGTGGTAACG-1,residual,bulk,0.12616567218114458,0.02030554808287802,0.11697398029849895
GSM7791001_AGCGATTGTTTGAACC-1,residual,bulk,0.10709887292650008,0.0112739442967158,-0.09240649239795037
GSM7791001_AGCGCCAAGCGGTATG-1,residual,bulk,-0.11219856262207031,0.022994042415350708,0.3253960311139334
GSM7791001_AGCGCCACAAACGAGC-1,residual,bulk,-0.021770800938681945,0.009552426683827381,-0.11848723735107163
GSM7791001_AGCGCTGAGCGCCTAC-1,residual,bulk,-0.06354962780362085,0.022318237013540514,0.18746406861762466
GSM7791001_AGCGCTGCAATCACGT-1,residual,bulk,-0.024978141633291095,0.010358447717632493,-0.03319987438319322
GSM7791001_AGCGCTGGTCGCTCGA-1,residual,bulk,0.016012021019345235,0.007900231978197432,-0.12530410153237528
GSM7791001_AGCGTATAGGAACTAT-1,residual,bulk,0.02458641339862158,0.00842848372638881,-0.1206906656592632
GSM7791001_AGCGTATCATTGACCA-1,residual,ciliated,0.8128708503359839,0.016877220703287874,0.050193472290838335
GSM7791001_AGCGTATTCAAGAAAC-1,residual,ciliated,1.4131722525944785,0.014166989049271071,0.22326159883573396
GSM7791001_AGCGTCGCATGTGCTA-1,residual,bulk,0.1475430777716258,0.01348110073922338,0.038183453674510016
GSM7791001_AGCTACAGTGAAAGTT-1,residual,bulk,-0.17445769173758371,0.01760956929560757,0.36353053739940333
GSM7791001_AGCTCAAAGCGATCGA-1,residual,bulk,0.010698363894508012,0.006561081290223733,-0.12024028654231772
GSM7791001_AGCTTCCAGCTGTTAC-1,residual,bulk,-0.07564083296155175,0.010007000699662556,-0.22289760317305407
GSM7791001_AGGAAATCATATCGGT-1,residual,bulk,-0.12919828142438616,0.021055961132068163,0.3176889303522358
GSM7791001_AGGAATAAGCTTGTGT-1,residual,bulk,-0.07799301147460938,0.017493261165354785,0.33746751705816513
GSM7791001_AGGAATACAGTATACC-1,residual,bulk,-0.04250610979776534,0.021068764103504264,0.12068130514370051
GSM7791001_AGGAATACATCCTATT-1,residual,bulk,-0.01021282074943422,0.0065865563633771855,-0.165270399773392
GSM7791001_AGGAATACATGAAGGC-1,residual,bulk,-0.026576982679821184,0.007902028280259541,-0.014289959631836102
GSM7791001_AGGACGAAGCCATTCA-1,residual,bulk,-0.0006491986532060068,0.008982959952264542,-0.09000343977994865
GSM7791001_AGGACGACAAATACAG-1,residual,ciliated,1.8019197494264634,0.009803877679172734,-0.13593592482738098
GSM7791001_AGGACGATCGCAGTCG-1,residual,bulk,-0.06133452824183873,0.02481369803887002,0.3815670260592708
GSM7791001_AGGAGGTCACTCCTGT-1,residual,bulk,0.041116479843381876,0.014363284048304167,0.04554472287104161
GSM7791001_AGGAGGTCATGACTAC-1,residual,bulk,-0.06803566993228974,0.00720120392933578,-0.19274420449260227
GSM7791001_AGGAGGTGTTACCTGA-1,residual,bulk,-0.047539193289620536,0.019758181779842454,0.6098110924592203
GSM7791001_AGGAGGTTCAGCACCG-1,residual,bulk,0.02434020420861624,0.014367966356042415,-0.17259705049501037
GSM7791001_AGGAGGTTCGTGGCGT-1,residual,bulk,-0.1617680417545258,0.011385340053894192,-0.13572691759770092
GSM7791001_AGGATAAAGCGTACAG-1,residual,bulk,0.0,0.0183114546937162,0.4505386653351825
GSM7791001_AGGATAACAAATGATG-1,residual,bulk,-0.15268276759556362,0.023943171341856584,0.34191887150349487
GSM7791001_AGGATAAGTTCTCGCT-1,residual,bulk,-0.17371256147112166,0.012722023211108392,-0.10026063482087921
GSM7791001_AGGATAATCTGAGGTT-1,residual,bulk,-0.07044330051967077,0.016948294165781374,0.5261416710217349
GSM7791001_AGGATCTAGTCTCGTA-1,residual,bulk,-0.12952958303784567,0.009358556753848396,-0.18013794105617742
GSM7791001_AGGATCTTCACTCTTA-1,residual,bulk,0.12369316449241036,0.02538839962316181,0.298205063964999
GSM7791001_AGGCATTAGCAGGCAT-1,residual,bulk,-0.07644095829554967,0.018032354160238063,0.5982491850276368
GSM7791001_AGGCATTCAAGAAATC-1,residual,bulk,0.21485499548533604,0.009748466503906827,-0.19122487028991178
GSM7791001_AGGCATTGTATTGACC-1,residual,bulk,-0.04257293458968872,0.00743322025991464,-0.03926251088694456
GSM7791001_AGGCCACAGCACCAGA-1,residual,bulk,0.4654645662459117,0.024548193191451975,0.4265785954619496
GSM7791001_AGGCCACCACAGCCAC-1,residual,bulk,-0.026647821759420737,0.008015126272649371,-0.16216114649759358
GSM7791001_AGGCCACCACGGCCAT-1,residual,bulk,0.008042496499561125,0.010734767565087237,-0.06177301814265701
GSM7791001_AGGCTGCCAGGTCAGA-1,residual,bulk,-0.11042513832213388,0.013899895952442187,-0.054765436923899215
GSM7791001_AGGGAGTAGGTTCTTG-1,residual,bulk,0.0492607257479713,0.011594029691635173,-0.1365436692705186
GSM7791001_AGGGAGTCAGTGAGCA-1,residual,bulk,0.40007108627803745,0.017965713411381017,0.431988979589004
GSM7791001_AGGGAGTGTAAGATAC-1,residual,bulk,-0.1355261973729209,0.009669557675551983,-0.1170124839568526
GSM7791001_AGGGAGTGTTTGGCTA-1,residual,bulk,0.1453034270755828,0.011214870934660762,-0.0019058393754386002
GSM7791001_AGGGCTCCATGACTGT-1,residual,bulk,-0.13337793312375507,0.022353971439035676,0.25885495494034216
GSM7791001_AGGGTGAGTTATCTTC-1,residual,ciliated,0.9199695611378502,0.01050858346407506,-0.14844083243636247
GSM7791001_AGGTAGGGTAGCCAGA-1,residual,bulk,-0.14323459647950676,0.008432678624591433,-0.2184218903542106
GSM7791001_AGGTAGGTCTTGCAGA-1,residual,bulk,-0.04291917982555571,0.010103969772825858,-0.16516437429509173
GSM7791001_AGGTCTAGTGACCGTC-1,residual,bulk,-0.061487457184564484,0.020743584028363227,0.38106963581162756
GSM7791001_AGGTGTTAGCGAATGC-1,residual,bulk,-0.08303664563194152,0.009046615270198326,-0.1955397716100274
GSM7791001_AGGTGTTAGGAGAATG-1,residual,bulk,-0.13991050379616873,0.011780674198908674,-0.12951976044777244
GSM7791001_AGGTGTTCAGTGTGCC-1,residual,bulk,-0.016125801934136264,0.018583337753548597,0.046009778314167346
GSM7791001_AGGTGTTGTATACCCA-1,residual,bulk,-0.08701488048311264,0.019093949837479817,0.2377075974439
GSM7791001_AGGTGTTTCGACCATA-1,residual,bulk,-0.0013264707535032283,0.02163007996424598,0.3164832109980291
GSM7791001_AGGTTACGTTGCGTAT-1,residual,bulk,0.031725043153005936,0.02068429021398942,0.14792383541067622
GSM7791001_AGGTTACTCTACTATC-1,residual,bulk,-0.03209464754377093,0.016234391734778534,0.07860480749310454
GSM7791001_AGGTTGTAGCTGTGCC-1,residual,bulk,-0.026634199354383686,0.005413963480046782,-0.024553243439050427
GSM7791001_AGGTTGTTCTGTCCCA-1,residual,bulk,-0.14802357408735486,0.012458802548137264,-0.23237509711157112
GSM7791001_AGTAACCGTCTGTGCG-1,residual,bulk,-0.062420344087812635,0.012871143230839857,-0.06603267166058445
GSM7791001_AGTAACCGTGGTCCGT-1,residual,bulk,-0.017489530850970547,0.021105093092613415,0.40183939022680465
GSM7791001_AGTAACCGTTGGCTAT-1,residual,bulk,-0.16396748134068082,0.020427197302652553,0.23171750529512605
GSM7791001_AGTAACCTCCTGGGTG-1,residual,bulk,0.2940687109932067,0.020152012702354696,0.38686784948420566
GSM7791001_AGTACCAGTCCTGAAT-1,residual,bulk,-0.09511369466781616,0.011685377070155833,-0.15236542025519423
GSM7791001_AGTACTGCAACTGCTA-1,residual,bulk,0.10237272194453648,0.010062097944501676,0.0900744815140078
GSM7791001_AGTACTGGTCGACGCT-1,residual,bulk,-0.10697763488406227,0.013107176566315585,0.16225679758853181
GSM7791001_AGTACTGGTGTGCTTA-1,residual,bulk,0.02025672201126344,0.006484720297616537,-0.2088090216712742
GSM7791001_AGTACTGTCCTCAGAA-1,residual,bulk,0.06373623030526299,0.00862478583552043,-0.12029473625567857
GSM7791001_AGTAGTCAGTGGTTAA-1,residual,bulk,-0.12010188511439732,0.018686295490499646,0.2854182401816985
GSM7791001_AGTAGTCGTGTATTCG-1,residual,bulk,-0.045942550916520386,0.004851745364204258,-0.22143239617745814
GSM7791001_AGTAGTCTCTACGCAA-1,residual,bulk,0.024355106959267278,0.019976591518562976,0.3716993558045289
GSM7791001_AGTCAACGTTAGTTCG-1,residual,bulk,0.1397737590850346,0.021303724728266703,0.34620910294524493
GSM7791001_AGTCAACTCTGCATAG-1,residual,bulk,-0.06225735115626503,0.019538474395022695,0.28320215568631585
GSM7791001_AGTCACAAGGTAACTA-1,residual,bulk,0.09542048196943978,0.016603876236404507,0.33604594085847483
GSM7791001_AGTCACAGTGAACGGT-1,residual,bulk,-0.00015210106259300193,0.019525594249539625,0.2006757632113303
GSM7791001_AGTCATGAGTATGGCG-1,residual,bulk,0.0668484345693437,0.012444196273170244,-0.12835907941291844
GSM7791001_AGTCATGCACAGGATG-1,residual,bulk,0.08400331739395386,0.010562269074125056,-0.15325204755813826
GSM7791001_AGTCTCCAGGAGGTTC-1,residual,bulk,-0.002776327587309335,0.013961195101598578,0.2699298896703496
GSM7791001_AGTGACTAGGCTTCCG-1,residual,ciliated,1.6561824701702783,0.011390794043312889,-0.045512653017376684
GSM7791001_AGTGACTCATGAGTAA-1,residual,bulk,0.006402729882134306,0.009429033857039084,-0.029940604843366154
GSM7791001_AGTGATCGTCGATTCA-1,residual,bulk,-0.16950251533871608,0.0042457099812355775,-0.19727249746530814
GSM7791001_AGTGATCGTTACCCAA-1,residual,bulk,-0.12256147263542053,0.010923072519061962,0.055767279189338534
GSM7791001_AGTGCCGCAACGAGGT-1,residual,bulk,-0.16134894287775434,0.009244773285508654,-0.06526442623625435
GSM7791001_AGTGCCGTCGTCAGAT-1,residual,bulk,0.006510188087584495,0.017277547230253456,-0.038329315215598916
GSM7791001_AGTGCCGTCTCGTGGG-1,residual,bulk,-0.05353177479335239,0.013097637005986195,-0.09677470696136364
GSM7791001_AGTGTTGAGGATCACG-1,residual,bulk,-0.11844758722517226,0.012121423665360781,-0.2570301015378006
GSM7791001_AGTTAGCCACGCAAAG-1,residual,bulk,0.0299121417696514,0.01526658188666609,0.28970201435901477
GSM7791001_AGTTCCCGTTCCGCGA-1,residual,bulk,-0.16986891837347123,0.005881309781199005,-0.12495411672440261
GSM7791001_AGTTCCCTCCAGTGTA-1,residual,bulk,-0.1863311767578125,0.023135513360810305,0.32312989575852485
GSM7791001_AGTTCGAAGCTAATCC-1,residual,bulk,-0.025763520437573628,0.006675759247273458,-0.1048673952466598
GSM7791001_ATACCGAGTGGGCTTC-1,residual,ciliated,0.5361211888752286,0.021738672536625463,0.09266653591878615
GSM7791001_ATACCGATCGCCAATA-1,residual,ciliated,1.698235130915566,0.007940870597201033,-0.1321143098658252
GSM7791001_ATACCTTGTCATCCGG-1,residual,ciliated,0.8447428464132641,0.01273898547994791,-0.0034803069070426
GSM7791001_ATACTTCCAACAGAGC-1,residual,bulk,-0.005349385776217047,0.0041779769187846585,-0.1360265402842143
GSM7791001_ATACTTCCAGACCGCT-1,residual,bulk,0.13293668898325117,0.022956398067199818,0.20939986406207814
GSM7791001_ATAGAGACACTCACTC-1,residual,ciliated,0.8643165079752605,0.018183027814332703,0.20222520892232462
GSM7791001_ATAGAGACAGATCACT-1,residual,bulk,-0.13233245709585767,0.013675551611440762,0.08297579234894048
GSM7791001_ATAGAGACATTCTCCG-1,residual,ciliated,0.8829542608109731,0.019665362655855678,0.47135924045865085
GSM7791001_ATAGAGAGTCCATAGT-1,residual,bulk,-0.16604458400181363,0.017087031632268605,0.1364774689195129
GSM7791001_ATAGGCTCAATGAACA-1,residual,bulk,-0.10097437177385603,0.023088593934892078,0.423704227130621
GSM7791001_ATAGGCTCAATGCAAA-1,residual,bulk,0.2842349953121609,0.018945557339181615,0.36600179304976477
GSM7791001_ATAGGCTGTGTAGTGG-1,residual,bulk,-0.0022204461173405687,0.017704492808812807,0.022413565348911663
GSM7791001_ATATCCTCACAACGAG-1,residual,bulk,0.10694731515551373,0.02160665063691557,0.39116101592536145
GSM7791001_ATATCCTCAGGTTCAT-1,residual,bulk,-0.15950995309012278,0.021148873496663997,0.27922457456994854
GSM7791001_ATATCCTTCACCCTTG-1,residual,bulk,0.20028952522883336,0.01217541686321257,0.1358307872342019
GSM7791001_ATATCCTTCCAATCCC-1,residual,bulk,-0.22569994245256697,0.012551298276127653,-0.08514599893391414
GSM7791001_ATCACAGAGCTCCGAC-1,residual,bulk,-0.15240022931780134,0.021205599172514737,0.488051217955363
GSM7791001_ATCACAGGTATCGTGT-1,residual,bulk,0.32900579452514644,0.01187006657068137,-0.1280008331811815
GSM7791001_ATCACAGTCATTCACT-1,residual,bulk,-0.18991232887146964,0.02679197365191899,0.28964911035739027
GSM7791001_ATCACAGTCGTCGGGT-1,residual,bulk,-0.030578928447904996,0.011062376603363374,-0.21166856112541543
GSM7791001_ATCACGAAGCTGGTGA-1,residual,ciliated,1.4960667522369868,0.01088161517538061,-0.002092964440481566
GSM7791001_ATCACGACAGTTACCA-1,residual,bulk,-0.19035489763532365,0.02433255336347954,0.21957867505369175
GSM7791001_ATCACGACATTACGGT-1,residual,bulk,-0.09975785217587907,0.007489940568314888,-0.15020460053284318
GSM7791001_ATCACGAGTCGACGCT-1,residual,bulk,-0.1813822501046317,0.015236648171844636,0.11621162255211072
GSM7791001_ATCACGAGTGGACCTC-1,residual,bulk,-0.16115180651346842,0.008283688477850847,-0.038789956700562504
GSM7791001_ATCACGATCAAATGCC-1,residual,bulk,-0.06134974604561215,0.011770503749673611,0.026444090133846392
GSM7791001_ATCACTTAGAACCGCA-1,residual,bulk,0.09870546613420758,0.014100674916116593,-0.051838849327700075
GSM7791001_ATCACTTCAATGTCAC-1,residual,bulk,-0.027198992835150815,0.007840856359094359,-0.28841305913235976
GSM7791001_ATCATTCAGCCAGAGT-1,residual,bulk,0.1586623269792587,0.020976252440010584,0.6341493345488953
GSM7791001_ATCATTCTCACTGATG-1,residual,bulk,0.0009808484334794254,0.013881417234322953,0.13252294515600305
GSM7791001_ATCCACCAGCCAACCC-1,residual,bulk,0.07264233695136177,0.016763319729993908,0.24581915419915848
GSM7791001_ATCCACCCAGGTGGAT-1,residual,bulk,-0.19791380704395353,0.00887956002263855,-0.1696989511936272
GSM7791001_ATCCACCGTCGAGCTC-1,residual,bulk,0.05763006846110025,0.012414536362891885,0.1978208014764148
GSM7791001_ATCCACCGTTATGACC-1,residual,bulk,0.3693306741260347,0.022025240070383145,0.6344852044166193
GSM7791001_ATCCACCTCCTGGGTG-1,residual,bulk,0.11766862188066754,0.010513778918455603,-0.09159824163871981
GSM7791001_ATCCATTAGTGGAATT-1,residual,bulk,0.037514278775169774,0.010584551025267244,-0.017182233597468993
GSM7791001_ATCCCTGAGGGACAGG-1,residual,bulk,-0.036890792089795316,0.006946723957302676,-0.03131300556193293
GSM7791001_ATCCCTGCAATCGAAA-1,residual,bulk,0.10579292342776345,0.01478084759269555,0.309874768829086
GSM7791001_ATCCCTGCAGTTGTCA-1,residual,bulk,-0.07782032557896205,0.02336941402459281,0.5062148675170369
GSM7791001_ATCCCTGTCAAACCTG-1,residual,ciliated,1.8980765327574713,0.010615231458832908,-0.07006756869848385
GSM7791001_ATCCCTGTCCACGGAC-1,residual,bulk,-0.11387625709412588,0.009075886104655324,-0.26744818754196303
GSM7791001_ATCCGTCCAAATACAG-1,residual,bulk,-0.15210662841796874,0.02770578933128405,0.35275355552193793
GSM7791001_ATCCTATAGAGCTTTC-1,residual,bulk,0.0016210879976787246,0.01880143295815506,0.41991323139610337
GSM7791001_ATCCTATAGGGAGGCA-1,residual,bulk,0.2412139629182361,0.00908847040640992,-0.1689823318105221
GSM7791001_ATCCTATGTTGAGTCT-1,residual,bulk,-0.1260189345904759,0.023249908595261166,0.21041747811279302
GSM7791001_ATCGATGAGACAACTA-1,residual,bulk,0.051870638378082756,0.02530067123280345,0.292677878860133
GSM7791001_ATCGATGGTTAGGGTG-1,residual,bulk,-0.08183738050006685,0.01580935313140142,0.1561406051615175
GSM7791001_ATCGCCTAGACCGTTT-1,residual,bulk,0.13532416812957276,0.009733225491978338,-0.0747276569038507
GSM7791001_ATCGCCTTCAATCTTC-1,residual,bulk,-0.04401425497872488,0.024063025648425346,0.24840854568284254
GSM7791001_ATCGCCTTCGGTAAGG-1,residual,bulk,0.13229646198333253,0.00995517505148598,-0.08069715379065205
GSM7791001_ATCGGCGGTTGGGTTT-1,residual,bulk,-0.2082861328125,0.01226440814839524,0.05477444761627368
GSM7791001_ATCGGCGGTTTCGTAG-1,residual,bulk,0.07199257199726405,0.01888251259402299,0.17061832697841733
GSM7791001_ATCGTAGAGTAACGTA-1,residual,bulk,-0.14672152337573824,0.013647757283542698,-0.0504582160346432
GSM7791001_ATCGTAGCACGGGTAA-1,residual,bulk,-0.12884771074567522,0.02472419593339,0.5678973025368035
GSM7791001_ATCGTAGGTTGCGAAG-1,residual,bulk,-0.03918586655268594,0.009631844325407894,-0.1842986650989088
GSM7791001_ATCGTAGTCAACACGT-1,residual,bulk,-0.1645119367327009,0.01926616565075874,0.32526249600231544
GSM7791001_ATCGTGAAGCTATCCA-1,residual,bulk,-0.04375620160784041,0.011010676939514465,0.053197491612076715
GSM7791001_ATCTCTAGTACGGATG-1,residual,bulk,0.03269161981249612,0.017268360160017465,-0.1931986189479673
GSM7791001_ATGAAAGAGTTAGAAC-1,residual,bulk,-0.06204657963344029,0.007651809972829115,-0.06139757342933131
GSM7791001_ATGAAAGCATACAGCT-1,residual,ciliated,1.7602958231123667,0.011610500858978516,-0.014372668484028416
GSM7791001_ATGAAAGTCCTTCACG-1,residual,bulk,-0.008928946540469218,0.009253772180189586,-0.21295482635166021
GSM7791001_ATGACCAGTGCTAGCC-1,residual,bulk,0.07314814749218168,0.007825407913905447,-0.130749829242819
GSM7791001_ATGACCATCCGGGACT-1,residual,bulk,0.03525536431206597,0.019250062731154136,0.19326654877585384
GSM7791001_ATGAGGGAGCCGGAAT-1,residual,bulk,-0.12546534946986607,0.023405390590767405,0.3811777688345317
GSM7791001_ATGAGGGCAGATACCT-1,residual,bulk,0.10298057389637782,0.007362710564933273,-0.1897423114934419
GSM7791001_ATGAGGGTCACATTGG-1,residual,bulk,0.0416022383220612,0.015914410135888797,0.3267246351561202
GSM7791001_ATGAGGGTCGGTCTGG-1,residual,bulk,-0.022277454194568447,0.006422417901245023,-0.03239004945407214
GSM7791001_ATGAGGGTCTACCCAC-1,residual,bulk,-0.03389578864687967,0.010777222247931331,-0.1070358562039542
GSM7791001_ATGAGTCCATGACGGA-1,residual,bulk,-0.08518917798995973,0.01615580686072334,0.10964096848458281
GSM7791001_ATGATCGGTACGGTTT-1,residual,bulk,0.09042007037571498,0.00641340917171172,-0.18140538843519027
GSM7791001_ATGATCGGTTGGAGGT-1,residual,bulk,0.08085891360328307,0.007348919789656527,-0.1307602300333429
GSM7791001_ATGCATGAGTCAATCC-1,residual,bulk,-0.0659754398890904,0.01798937455524963,0.3908482781455762
GSM7791001_ATGCATGCAAATACGA-1,residual,bulk,-0.019930482894655252,0.015851094942468148,0.1265923057417538
GSM7791001_ATGCATGGTCTCGACG-1,residual,ciliated,0.6489523115612212,0.022286137441762947,0.3239914950922154
GSM7791001_ATGCCTCAGCAGCAGT-1,residual,bulk,-0.1578028106689453,0.022055253838483113,0.24100844556011783
GSM7791001_ATGCCTCCATGACGGA-1,residual,bulk,0.14546063483707486,0.008469414216708528,-0.14767637538561743
GSM7791001_ATGCCTCTCGAAGTGG-1,residual,bulk,-0.1269981002050733,0.008194203623412511,-0.027911393205401678
GSM7791001_ATGCCTCTCTCGACCT-1,residual,bulk,-0.035453262329101565,0.0125812339153643,-0.03747979007927825
GSM7791001_ATGCGATAGTCGGGAT-1,residual,bulk,0.06001807818337093,0.020739494562407295,0.47805448829840114
GSM7791001_ATGGAGGCAGACGGAT-1,residual,bulk,0.12639203313797243,0.007911500676985542,-0.15580176530582907
GSM7791001_ATGGAGGGTTCGTGCG-1,residual,bulk,-0.13651593889508928,0.018017617278116706,0.131214667544003
GSM7791001_ATGGATCCATACAGAA-1,residual,bulk,0.06080350391448491,0.01162029321534034,0.07284136535969801
GSM7791001_ATGGATCGTAACACGG-1,residual,bulk,0.4077738934471493,0.024715688012946956,0.42918330103958674
GSM7791001_ATGGATCGTAGTCTGT-1,residual,bulk,-0.021024310096861842,0.008801366404992414,-0.15861079952088625
GSM7791001_ATGGGAGGTCATGACT-1,residual,bulk,0.490424876440139,0.019159131754770718,0.26000218491757865
GSM7791001_ATGGGAGTCAAGTGGG-1,residual,bulk,-0.05751790001278831,0.009595376956708918,-0.1237821457210512
GSM7791001_ATGGGTTGTCGGAAAC-1,residual,bulk,-0.04648490042913529,0.018451815154322055,0.2362608859555575
GSM7791001_ATGGGTTTCTTTCCAA-1,residual,bulk,-0.12081407819475447,0.02530347015336188,0.3963577282448526
GSM7791001_ATGTCCCCAGCACAAG-1,residual,bulk,-0.11874910627092634,0.017252615188185463,0.35002584341929566
GSM7791001_ATGTCTTAGCATCAGG-1,residual,bulk,0.04664868218558174,0.009284049163000189,-0.2793079682126782
GSM7791001_ATGTCTTAGGTAGACC-1,residual,bulk,-0.05050662706768705,0.005519757088770831,-0.13775703937148834
GSM7791001_ATGTCTTGTTACCTGA-1,residual,bulk,-0.0469478147748917,0.013685364625204402,0.08307552546551165
GSM7791001_ATTACCTCACACTTAG-1,residual,bulk,-0.0657272720336914,0.01704590379348132,0.20708410915907513
GSM7791001_ATTACCTCATCTGCGG-1,residual,bulk,-0.09123183114188058,0.023388482003219267,0.4222552586697598
GSM7791001_ATTACTCCACAGGATG-1,residual,bulk,-0.12811607360839844,0.021082379365257465,0.44927330900478213
GSM7791001_ATTACTCTCATCGACA-1,residual,bulk,-0.09289219281030081,0.008058526521258932,-0.03197753011880768
GSM7791001_ATTCACTAGATGAATC-1,residual,bulk,-0.004529915461464529,0.007943966640033068,-0.14056501766089144
GSM7791001_ATTCACTAGTAACCTC-1,residual,bulk,-0.017763969860379647,0.008485536303182313,-0.08304036348457601
GSM7791001_ATTCACTCACAGAGAC-1,residual,bulk,0.06609280026148237,0.026131759831471747,0.5010761885472133
GSM7791001_ATTCAGGCATCTAGAC-1,residual,bulk,-0.21207680838448661,0.024603930693063002,0.24559726767470277
GSM7791001_ATTCATCAGATGAACT-1,residual,bulk,0.038069598334176225,0.007017527920592993,-0.18249029681840834
GSM7791001_ATTCATCGTTTACTGG-1,residual,bulk,-0.15949469430106028,0.018042921046437246,0.31609435965604604
GSM7791001_ATTCATCTCTTCACAT-1,residual,bulk,-0.06772561762068005,0.025557404684006052,0.2868428294360183
GSM7791001_ATTCCATTCACTCTTA-1,residual,bulk,0.05511407791622103,0.01148820093355016,-0.003949580502265097
GSM7791001_ATTCCATTCATGGCCG-1,residual,bulk,-0.09995198518510849,0.02328262276293497,0.1548269311306411
GSM7791001_ATTCCCGAGACAAGCC-1,residual,bulk,-0.08780845271216499,0.020049588432681547,0.2672839902855662
GSM7791001_ATTCCCGAGGTAAGTT-1,residual,bulk,-0.25632677269360377,0.006076077087600274,-0.24880710236379355
GSM7791001_ATTCGTTGTTTGGGTT-1,residual,bulk,0.003827663149152505,0.007045806144953132,-0.07814344310760467
GSM7791001_ATTCTACGTGCGGATA-1,residual,bulk,0.2984311707814534,0.01736759966472096,0.40357403057399094
GSM7791001_ATTCTTGAGAGCCGTA-1,residual,bulk,-0.09389883223034087,0.007411576282681015,-0.11977309404265685
GSM7791001_ATTCTTGCATGGTACT-1,residual,bulk,-0.05714768080484299,0.021048294078856663,0.23375502002590276
GSM7791001_ATTCTTGGTTGTGCCG-1,residual,bulk,0.2591719954354422,0.022500233721797314,0.4039432968221018
GSM7791001_ATTCTTGTCTAGGAAA-1,residual,bulk,-0.16067297265643166,0.008443818836826355,-0.17776715500532794
GSM7791001_ATTGGGTTCGATACTG-1,residual,bulk,-0.044137019278511186,0.011445642249698776,-0.10623264824413692
GSM7791001_ATTGTTCGTCTTTCAT-1,residual,bulk,-0.07959560159652954,0.012607971820175127,-0.025688439174868297
GSM7791001_ATTGTTCGTTCTCAGA-1,residual,bulk,-0.06488637023501925,0.010355195859880923,-0.1203152052075536
GSM7791001_ATTGTTCTCTAGTTCT-1,residual,bulk,0.08587425489274284,0.014542385049039605,0.3844219503959772
GSM7791001_ATTTACCCAGCATACT-1,residual,bulk,-0.06508780570257279,0.01813529005877153,0.28583129825563053
GSM7791001_ATTTACCGTCCATCTC-1,residual,bulk,-0.17619779314313616,0.023889488568488795,0.3155413360729957
GSM7791001_ATTTACCTCGTAGCTA-1,residual,bulk,-0.11496933134775311,0.007792061510378532,-0.10053156947447564
GSM7791001_ATTTCACAGCAGCCTC-1,residual,bulk,-0.067934828939892,0.0075683471616736836,-0.11500780866702351
GSM7791001_ATTTCACAGGTTAAAC-1,residual,bulk,-0.11865709577287946,0.023412745904542755,0.5298533802748424
GSM7791001_ATTTCACCAGGTCAAG-1,residual,bulk,-0.00976515429360526,0.018905507308298854,0.5574327285630114
GSM7791001_ATTTCACTCGTAACCA-1,residual,bulk,-0.13824493408203126,0.01722149981762791,0.22924053305717612
GSM7791001_ATTTCTGAGCTACGTT-1,residual,bulk,-0.1283406720842634,0.022356895232387458,0.3255893907741615
GSM7791001_ATTTCTGTCCTTATCA-1,residual,ciliated,1.5918541366334946,0.009766834585585256,0.03479260335390684
GSM7791001_ATTTCTGTCTGCTGAA-1,residual,bulk,-0.008691208021981376,0.019952469744367908,0.5735289771829855
GSM7791001_CAAAGAATCAGGAAGC-1,residual,bulk,-0.1135587405401563,0.010179058547660356,0.01684740677450939
GSM7791001_CAAAGAATCTGAGCAT-1,residual,bulk,-0.0631188824441698,0.013891801519810135,0.16279993380828475
GSM7791001_CAACAACAGATGTTCC-1,residual,bulk,-0.14366523784304422,0.01048932445886745,-0.07561334702630715
GSM7791001_CAACAACGTCTAGATC-1,residual,bulk,-0.037064846583775124,0.0076619925790086104,-0.1922650303561569
GSM7791001_CAACAACTCCATCGTC-1,residual,bulk,0.03356614158267063,0.008333580905288906,-0.13951824564062537
GSM7791001_CAACAACTCTATCCAT-1,residual,bulk,-0.0918255785154918,0.010396761344941875,-0.027211481923409636
GSM7791001_CAACAGTCACCTGCGA-1,residual,bulk,-0.019811420440673827,0.008624202466480626,-0.06326789057595351
GSM7791001_CAACAGTGTCTACTGA-1,residual,bulk,-0.15338050842285156,0.02351969456965887,0.422410638780612
GSM7791001_CAACCAAGTCACAGTT-1,residual,bulk,-0.17823849269321987,0.010533284748811041,0.05470732722985158
GSM7791001_CAACCAATCGCCTAGG-1,residual,bulk,-0.1628172629220145,0.021469169366753322,0.38114883971340563
GSM7791001_CAACCTCCACTGCATA-1,residual,bulk,-0.061498638107663095,0.0073714725477998415,-0.14500241470590727
GSM7791001_CAACCTCGTCCAAATC-1,residual,bulk,-0.20742512349098446,0.00715236842094746,-0.02600364781559722
GSM7791001_CAACCTCGTCGTTCAA-1,residual,ciliated,0.7350044728839209,0.011126253876033502,0.08649214883191428
GSM7791001_CAACCTCGTTATGTCG-1,residual,bulk,-0.15390208653041296,0.025195570484676764,0.2703815102231278
GSM7791001_CAACGATCATCATCCC-1,residual,bulk,-0.19829199654715401,0.019011632213408482,0.20245702168488147
GSM7791001_CAACGGCGTGTTGAGG-1,residual,bulk,-0.04356429508754185,0.020378295720681977,0.5367141155929523
GSM7791001_CAACGGCGTTCAAGGG-1,residual,bulk,0.05038564742557587,0.023746250942084966,0.505138877787816
GSM7791001_CAACGGCGTTGTAGCT-1,residual,ciliated,1.4975965076022677,0.012567741361225517,-0.22102966978454874
GSM7791001_CAACGGCTCAGCTGTA-1,residual,bulk,0.10471490193927097,0.011669421017955985,-0.14969862471292347
GSM7791001_CAACGGCTCGTTCAGA-1,residual,bulk,-0.07499471520620679,0.019149439572747617,0.22668415887028354
GSM7791001_CAAGACTTCGCTGACG-1,residual,bulk,-0.16224700927734376,0.008640352981227787,0.07370990788840477
GSM7791001_CAAGGGACAATGTGGG-1,residual,bulk,0.003743032576545846,0.012823865952749506,-0.09393808722908965
GSM7791001_CAAGGGATCATCGTAG-1,residual,bulk,-0.20787050519670758,0.012121302296605648,0.01549203518037377
GSM7791001_CAATACGTCTTGGTGA-1,residual,bulk,-0.16325847080775668,0.012867959270526098,0.0866222764736214
GSM7791001_CAATCGACAACTTGCA-1,residual,bulk,-0.008488892146519239,0.011129859714174694,0.015292679833697559
GSM7791001_CAATCGAGTGACGCCT-1,residual,bulk,0.050786990135435084,0.016919914983206937,0.5120609672829901
GSM7791001_CACACAAAGGGATCGT-1,residual,bulk,-0.19354832240513392,0.02672156802795287,0.2909070452313897
GSM7791001_CACACAATCAGTGATC-1,residual,bulk,-0.08947570255824498,0.028066088505477017,0.47680495441733367
GSM7791001_CACAGATAGTTGCCTA-1,residual,bulk,-0.19957072727263922,0.007716025352584644,-0.1397101295293739
GSM7791001_CACAGATCACTACAGT-1,residual,bulk,0.1848365895710294,0.008715836471547016,0.049246169138793656
GSM7791001_CACAGATGTTGGATCT-1,residual,bulk,0.11148677742670453,0.01867882344878596,0.5536691038286708
GSM7791001_CACAGATTCACCTGGG-1,residual,bulk,-0.1456384495326451,0.019021522448286064,0.3142144991009065
GSM7791001_CACAGATTCGTAGAGG-1,residual,bulk,0.058722950920226086,0.007444162302019755,-0.05151664277935521
GSM7791001_CACAGGCGTAGACACG-1,residual,bulk,0.49863208256070574,0.018246606068517628,0.14198884659631175
GSM7791001_CACAGGCTCAGGAGAC-1,residual,bulk,-0.0305977028892154,0.007006579200058384,-0.047357630852701255
GSM7791001_CACATGAAGAAACCAT-1,residual,bulk,-0.13203220912388394,0.01928564101359088,0.3758924614414091
GSM7791001_CACATGAAGCTGAAGC-1,residual,bulk,-0.03328084673200335,0.010954250951995112,-0.21115858794689635
GSM7791001_CACATGAAGGATTCAA-1,residual,bulk,0.07262129102434431,0.02404100436246027,0.0774366451096587
GSM7791001_CACATGAGTCAGGCAA-1,residual,ciliated,1.0618654148162356,0.01914541916740135,0.576974466841811
GSM7791001_CACCAAACACGTCGGT-1,residual,bulk,-0.09907776968819755,0.021949167139449107,0.2798600921863629
GSM7791001_CACCAAATCCCTAGGG-1,residual,bulk,0.11152643430800668,0.025060277453549554,0.2252498739961401
GSM7791001_CACGGGTCAGATGCGA-1,residual,bulk,-0.0004534471602666845,0.012632293856830946,0.04498962823485078
GSM7791001_CACGGGTGTCACAGTT-1,residual,bulk,0.07873599885002014,0.011396142618276348,0.09603616219763732
GSM7791001_CACGGGTGTGCTTCAA-1,residual,bulk,-0.11183999909294973,0.007805309643695707,-0.1680107192827706
GSM7791001_CACGGGTTCCTTATCA-1,residual,bulk,-0.09479069051288422,0.010970831435707965,0.06226296310415097
GSM7791001_CACGTGGAGGATCATA-1,residual,bulk,0.46111877108377125,0.009394289948312894,-0.12922128654558282
GSM7791001_CACGTGGTCCACGTCT-1,residual,bulk,-0.11392692565917968,0.014533901364245774,0.1943878439266571
GSM7791001_CACGTTCCAGCTTCGG-1,residual,bulk,-0.19504479544503348,0.01663870866959317,0.22979553432969016
GSM7791001_CACGTTCTCATGTCAG-1,residual,bulk,0.16059949208819677,0.007486713426724282,-0.07114516531368577
GSM7791001_CACGTTCTCTCGTTTA-1,residual,bulk,-0.018016808373587472,0.015595070087435249,0.43500008814349544
GSM7791001_CACTAAGAGTCACTAC-1,residual,bulk,-0.07698867464822437,0.010495243781335584,-0.12862155138559747
GSM7791001_CACTAAGCACATAACC-1,residual,bulk,-0.058829743899996345,0.008260141156615,-0.17512521234014355
GSM7791001_CACTAAGCACCCTTAC-1,residual,bulk,-0.039359530683547736,0.027950134948564263,0.3410970265441959
GSM7791001_CACTAAGCATCCAACA-1,residual,bulk,0.05286470110454258,0.024103571143654145,0.16394105317006016
GSM7791001_CACTGAAAGCAGCACA-1,residual,bulk,-0.1488090079171317,0.023732180438978047,0.3815691286402061
GSM7791001_CACTGGGGTCGATTCA-1,residual,bulk,0.0620975556449285,0.015151314073072774,-0.118627774410764
GSM7791001_CACTGTCGTCTCAGAT-1,residual,bulk,-0.11638423374720983,0.02101751770410451,0.4198333398361425
GSM7791001_CACTTCGAGACTTAAG-1,residual,bulk,-0.03514802213699099,0.01959977854015285,0.27093179812860324
GSM7791001_CACTTCGTCACGGGCT-1,residual,bulk,-0.04148470401763915,0.009015422248114772,-0.011705157922522458
GSM7791001_CAGAGCCAGTGGATAT-1,residual,bulk,0.03618509110950288,0.008732760996191007,-0.2558855535009055
GSM7791001_CAGATACTCCACGGAC-1,residual,bulk,0.4987069072420635,0.024895723931682358,0.21037114112676786
GSM7791001_CAGATCATCATCCCGT-1,residual,bulk,-0.1495199257986886,0.021673265192527526,0.3735182447901382
GSM7791001_CAGATTGCAAGTGGTG-1,residual,bulk,-0.04472207954951696,0.008838978816543172,-0.13376336744407583
GSM7791001_CAGATTGCACATTCTT-1,residual,ciliated,1.9373098367358008,0.010698200776770481,-0.06113782309071995
GSM7791001_CAGCAATAGGTATAGT-1,residual,bulk,0.14845750415135944,0.014450376905311643,0.03979822654319176
GSM7791001_CAGCAATAGTTGAAGT-1,residual,bulk,-0.12712478637695312,0.021638988930262778,0.4364103024797784
GSM7791001_CAGCAATCATACACCA-1,residual,bulk,-0.11708698499770391,0.014825721541600483,-0.07948001291771777
GSM7791001_CAGCAATGTAGGTTTC-1,residual,bulk,-0.020601958320254382,0.00631345109562334,-0.20483409191535987
GSM7791001_CAGCAATTCAGAATAG-1,residual,bulk,-0.20625806535993305,0.023580498861211635,0.24168717890715333
GSM7791001_CAGCAATTCCGAGAAG-1,residual,bulk,-0.08492887973785401,0.009298468560427663,-0.21987402402680184
GSM7791001_CAGCACGAGAAACCAT-1,residual,bulk,-0.2205607169015067,0.014028978330574165,0.12789102853813944
GSM7791001_CAGCACGTCAGAATAG-1,residual,bulk,-0.1279319641325209,0.009667672902704314,-0.10229069273528928
GSM7791001_CAGCACGTCTCATTGT-1,residual,bulk,0.02159795995742554,0.016014919195887906,0.06640343059130471
GSM7791001_CAGCAGCCACGGTGCT-1,residual,bulk,0.03879701326763821,0.008514985446548237,-0.1305712394574266
GSM7791001_CAGCAGCGTACCTGTA-1,residual,bulk,-0.2209696742466518,0.009572261857651405,0.014068974653335007
GSM7791001_CAGCAGCGTATTGCCA-1,residual,bulk,-0.0475182793632386,0.006128717074766358,-0.1246468136612823
GSM7791001_CAGCAGCGTGTGAGCA-1,residual,bulk,0.003052370056273457,0.01808415002436967,0.31642122715336835
GSM7791001_CAGCCAGGTAACAAGT-1,residual,bulk,0.08218861716134207,0.011171481730795152,-0.09371478066609754
GSM7791001_CAGCCAGTCGATACGT-1,residual,bulk,0.024324954350789352,0.005167198453622895,-0.20639576735779658
GSM7791001_CAGCGTGGTACTCGCG-1,residual,bulk,-0.057892811033460834,0.016274527882616407,0.33843293225775795
GSM7791001_CAGCGTGTCCTCGATC-1,residual,bulk,0.0003795590476384225,0.009577863260498412,-0.23441542013312636
GSM7791001_CAGGCCATCATTCGGA-1,residual,bulk,0.137065186273484,0.021457497822028184,0.3107532532738837
GSM7791001_CAGGCCATCCAAGCTA-1,residual,bulk,-0.030216862890455443,0.024419108523563063,0.4151510540865478
GSM7791001_CAGGGCTCACTCCGAG-1,residual,bulk,-0.06895698895530095,0.008617490765096927,-0.23365147660358898
GSM7791001_CAGGTATCAACGTATC-1,residual,bulk,0.03253307024637858,0.00990833912034595,-0.055556674766156014
GSM7791001_CAGGTATCAGATCCTA-1,residual,bulk,-0.13005629403250557,0.018691616182690517,0.48861390497576385
GSM7791001_CAGGTATTCGCGTTTC-1,residual,bulk,-0.10538802010672434,0.02246398010673625,0.47168984886729115
GSM7791001_CAGGTATTCTTTCCAA-1,residual,bulk,-0.026409061295645575,0.009706005509175277,-0.17132749913783096
GSM7791001_CAGTGCGAGACATGCG-1,residual,bulk,0.11836751968141584,0.0071496913941759815,-0.12403743100058465
GSM7791001_CAGTGCGAGAGAGCAA-1,residual,bulk,0.11187791233971006,0.006875726915649692,-0.18142617805852349
GSM7791001_CAGTTAGCACACAGCC-1,residual,bulk,0.013962799253917857,0.007096852683463879,-0.08884263113946779
GSM7791001_CAGTTAGGTTCCCACT-1,residual,bulk,-0.007889612667144302,0.021050089865427637,0.4422255634693277
GSM7791001_CATAAGCTCCAAGAGG-1,residual,bulk,0.012752644523741696,0.006029480236768552,-0.08047321984327557
GSM7791001_CATACAGAGGTCGTGA-1,residual,bulk,0.029229360686408162,0.02360495977821945,0.4022794027890421
GSM7791001_CATACAGGTAGCGCCT-1,residual,bulk,-0.06442296028137207,0.00921638877823236,-0.17989832306200404
GSM7791001_CATACAGGTCAACATC-1,residual,bulk,0.020178442152719633,0.008973721448301686,-0.190304385156104
GSM7791001_CATACAGGTCACTAGT-1,residual,bulk,0.17706918035234723,0.007193772427351444,-0.13342996125954676
GSM7791001_CATACAGTCTATCACT-1,residual,bulk,-0.08269882111322313,0.007805118400723085,-0.057764538413150705
GSM7791001_CATACCCAGCTCAGAG-1,residual,bulk,0.055121461323329374,0.007183168554327936,-0.1406979562063462
GSM7791001_CATACCCCAAATCCCA-1,residual,bulk,-0.039838610149565204,0.0169988345353035,0.13824613589938387
GSM7791001_CATACCCTCTTAGCCC-1,residual,bulk,-0.15227728707449778,0.027699660048993494,0.31166015618529375
GSM7791001_CATAGACAGCACTGGA-1,residual,bulk,-0.1448387254987444,0.020291240390346438,0.26649186770347544
GSM7791001_CATAGACAGCATGGGT-1,residual,ciliated,1.557510218544612,0.010744811122332453,-0.12469979559356581
GSM7791001_CATAGACCAGTGCGCT-1,residual,bulk,-0.015938584009806328,0.011423694646412196,-0.21477630538274156
GSM7791001_CATAGACTCTGCATGA-1,residual,bulk,-0.05235121469649057,0.008078828635295934,-0.11460237494777713
GSM7791001_CATCAAGGTACCAGAG-1,residual,bulk,-0.016777496792021257,0.006932436562216899,-0.19036175766859187
GSM7791001_CATCGCTAGTAGACAT-1,residual,bulk,-0.03707237992967877,0.026107150015936123,0.24163047252631015
GSM7791001_CATCGCTCAGTTGTTG-1,residual,bulk,0.13085527344355508,0.003617103553783557,-0.08702202330263462
GSM7791001_CATCGCTTCATGAGTC-1,residual,bulk,0.0386345914810423,0.021546768254495544,0.38808183191180606
GSM7791001_CATCGCTTCGACATAC-1,residual,ciliated,1.7823568907238188,0.010628367465254768,-0.15330673985579135
GSM7791001_CATCGTCGTGTGTCGC-1,residual,bulk,0.17521821067446752,0.01609981817306857,0.035109685045320894
GSM7791001_CATGAGTAGCCGATCC-1,residual,bulk,-0.19302518572126115,0.023954219374193605,0.32368631744700677
GSM7791001_CATGAGTAGGCATCGA-1,residual,bulk,-0.19878993443080356,0.019233937327456117,0.3101186915452363
GSM7791001_CATGAGTGTTCGTTCC-1,residual,bulk,-0.04191064191243006,0.027724905193051878,0.2697804406160727
GSM7791001_CATGAGTTCAGAACCT-1,residual,bulk,-0.1846044921875,0.021768169761719473,0.1862306607229141
GSM7791001_CATGCAATCTGCGGCA-1,residual,bulk,-0.008030108043125705,0.0119991862680018,-0.12409891892766281
GSM7791001_CATGCCTGTAGCACGA-1,residual,bulk,-0.07296515366387744,0.022004754972433375,0.391627180155754
GSM7791001_CATGCGGCAGACTGCC-1,residual,bulk,-0.021294839495704293,0.007051026033983321,-0.1319920394579397
GSM7791001_CATGCGGGTCTATGAC-1,residual,bulk,-0.2055414254324777,0.018914390909441095,0.3498053888447653
GSM7791001_CATGCGGTCCGTGTGG-1,residual,bulk,-0.1611579350062779,0.016937325872617277,0.2309329086649632
GSM7791001_CATGCTCAGAGCCGTA-1,residual,ciliated,0.8625785391671317,0.020596619930060695,0.23760884025210396
GSM7791001_CATGGATTCGTCGACG-1,residual,bulk,-0.07377818266550698,0.01415901476473112,0.013846140727893409
GSM7791001_CATGGTAAGCGCCATC-1,residual,bulk,0.4075525650145515,0.019680403445110795,0.3157963752277945
GSM7791001_CATTCCGAGGACAGTC-1,residual,bulk,0.07470929478842114,0.008906814672544542,-0.1874204462176621
GSM7791001_CATTCCGGTATACCCA-1,residual,bulk,0.0953358691079276,0.005989139035814829,-0.18594145800911846
GSM7791001_CATTCTAAGCGGATCA-1,residual,bulk,-0.12373251778738839,0.019182456081393875,0.32811955282858735
GSM7791001_CATTCTAGTCCGAAGA-1,residual,bulk,-0.1471055930001395,0.02001655391011071,0.11427520528542622
GSM7791001_CATTGAGGTGAAGCTG-1,residual,bulk,0.0006793878191993508,0.014460385865223139,0.02786892857538959
GSM7791001_CATTGCCCAGCGTAGA-1,residual,ciliated,1.5405643723502993,0.012627605335248373,-0.10585932115067528
GSM7791001_CATTGCCTCTGCGTCT-1,residual,bulk,-0.008994773834470726,0.01361207867611022,-0.03599874111364854
GSM7791001_CATTGTTCATAATGAG-1,residual,ciliated,0.7107276771182106,0.011076236194909227,-0.08933016732439873
GSM7791001_CCAAGCGAGACATATG-1,residual,bulk,0.334469641579522,0.01659406134707499,0.5253065464338026
GSM7791001_CCAAGCGGTGCATTTG-1,residual,bulk,-0.08774057955968949,0.014602567532071958,0.07018362243907914
GSM7791001_CCAATGAAGTCACAGG-1,residual,bulk,0.0005634431990366173,0.013382592153418766,-0.12267052334961966
GSM7791001_CCAATGAGTTCTCCTG-1,residual,bulk,0.0023950784168546013,0.009145050323302177,-0.10614675947989824
GSM7791001_CCACAAAGTGTCCGTG-1,residual,bulk,-0.15588506426130022,0.025370667077985177,0.2588730947368648
GSM7791001_CCACACTAGACTAGAT-1,residual,bulk,-0.0246363351458595,0.02325263950259059,0.26903858281640897
GSM7791001_CCACACTGTACCTAGT-1,residual,ciliated,1.6573453921363466,0.007773046865535494,-0.11638960339178424
GSM7791001_CCACCATGTCCACTCT-1,residual,bulk,-0.14205579572253757,0.020727642023952685,0.12829673787821208
GSM7791001_CCACGAGCAAGGTCGA-1,residual,bulk,-0.0714551697836982,0.007997600822551333,-0.1378499669365039
GSM7791001_CCACGAGGTCTTCATT-1,residual,bulk,-0.1797880674543835,0.009534463698129695,-0.1288305147553642
GSM7791001_CCACGTTTCCATTTCA-1,residual,bulk,0.0003974444525582377,0.02731649289097936,0.272792582316271
GSM7791001_CCACTTGAGCGACCCT-1,residual,bulk,0.1468977337791806,0.016969861660706256,0.2550520195528777
GSM7791001_CCACTTGGTGGAAATT-1,residual,bulk,0.3432787895202637,0.01881759231877099,0.6104385060292343
GSM7791001_CCACTTGTCTTGCAAG-1,residual,bulk,-0.1716992157224625,0.00800406229531554,-0.13930171007782524
GSM7791001_CCATCACCACTGGCGT-1,residual,bulk,-0.004235783304486956,0.024077679145734804,0.46800409291314266
GSM7791001_CCCAACTAGAGCAACC-1,residual,bulk,-0.1083848135811942,0.02540840486681874,0.4207426422885593
GSM7791001_CCCAACTAGCTATCCA-1,residual,bulk,0.06446204412551154,0.007402562446490742,-0.08420905158485774
GSM7791001_CCCAACTCACAGCGCT-1,residual,ciliated,1.8232325817289807,0.007048661121986944,-0.09173645455340285
GSM7791001_CCCATTGAGTACAACA-1,residual,bulk,0.01446098206535218,0.006259903689563958,-0.1657360214728463
GSM7791001_CCCATTGGTTCGAGCC-1,residual,bulk,-0.08185517447335379,0.02056266419776284,0.36499199159852336
GSM7791001_CCCATTGTCGGCAGTC-1,residual,bulk,-0.08045281546456473,0.01974538908656181,0.4338469852724741
GSM7791001_CCCGAAGCATGTGCTA-1,residual,ciliated,1.2019781960381404,0.013332539326818738,-0.131847271503322
GSM7791001_CCCGAAGGTAGTTACC-1,residual,bulk,-0.05917090824672154,0.022634634061443955,0.5002506202310116
GSM7791001_CCCGAAGTCAAAGACA-1,residual,bulk,0.20605435447087367,0.01764569183319594,0.1879718868714207
GSM7791001_CCCGAAGTCAGGGTAG-1,residual,bulk,-0.018889892517574253,0.006662089377573531,-0.22510154530169593
GSM7791001_CCCGAAGTCCACAAGT-1,residual,bulk,0.028415433414398672,0.019140052415213576,0.3746750473726848
GSM7791001_CCCTAACGTCCAAATC-1,residual,bulk,-0.11924644470214844,0.025950968060071387,0.42381903786671093
GSM7791001_CCCTAACTCTACTATC-1,residual,bulk,0.3430983855232359,0.021363347501468392,0.17755474589561812
GSM7791001_CCCTCTCGTCCAAGAG-1,residual,bulk,-0.093579252485245,0.010974329465948458,-0.07372047944633495
GSM7791001_CCCTCTCTCTTACGGA-1,residual,bulk,0.0027116491681053456,0.013815334676621334,-0.07398921925065427
GSM7791001_CCCTTAGCAAGAAATC-1,residual,bulk,-0.23603990827287946,0.023527826915110708,0.21229808448897033
GSM7791001_CCGAACGAGCATGCGA-1,residual,bulk,-0.12540930899362712,0.008640673908860573,-0.116462678046459
GSM7791001_CCGATCTCACTGTCGG-1,residual,bulk,0.05417421265253944,0.009978475583562674,-0.19074795858162408
GSM7791001_CCGATCTGTCTTGGTA-1,residual,bulk,-0.08808602469308036,0.011826009295115706,0.1506983981750405
GSM7791001_CCGATGGTCCCTATTA-1,residual,bulk,-0.031284387679327105,0.02316633363175022,0.3930891656697458
GSM7791001_CCGCAAGGTACTCCGG-1,residual,bulk,0.18512247903006418,0.0227214911788646,0.4063684660533145
GSM7791001_CCGGACAAGCTCACTA-1,residual,bulk,0.23534584227062405,0.01916036840895205,0.37630883457623376
GSM7791001_CCGGACAAGGCTCAAG-1,residual,bulk,-0.16166458129882813,0.011817661987551256,-0.01601448564220247
GSM7791001_CCGGACATCGCTTACC-1,residual,bulk,-0.04264517776549809,0.028203196931832125,0.44283170625171836
GSM7791001_CCGGACATCTGGAAGG-1,residual,bulk,0.057156111247955804,0.022718985087881605,0.3021059916830202
GSM7791001_CCGGGTAAGGGTCTTT-1,residual,bulk,0.0929168967595176,0.021411425718341762,0.4279217402959901
GSM7791001_CCGGGTATCATCTCTA-1,residual,ciliated,0.70507018982418,0.022903956943590018,0.31939501865785386
GSM7791001_CCGGGTATCCATCGTC-1,residual,bulk,-0.19042562416621617,0.005969858739181787,-0.07841932755617327
GSM7791001_CCGGGTATCTCATGGA-1,residual,bulk,0.2952119185432555,0.009982023768589744,-0.2316992133082313
GSM7791001_CCGGTAGAGAGTGAAG-1,residual,ciliated,1.8072950659857856,0.012594559897907314,-0.08045335416534455
GSM7791001_CCGGTAGAGTGCAAAT-1,residual,bulk,-0.11216495812885346,0.0194726620638685,0.12817461604844757
GSM7791001_CCGGTGAAGACGCCCT-1,residual,bulk,-0.21192347935267858,0.017861550159880325,0.14859830600484963
GSM7791001_CCGGTGACAGCGAGTA-1,residual,ciliated,1.2002140898931595,0.007123067620385737,-0.10361073435118845
GSM7791001_CCGTAGGCATAACCCA-1,residual,bulk,-0.007749872207641589,0.01050015865470056,-0.07049777771261326
GSM7791001_CCGTAGGGTCACGACC-1,residual,bulk,-0.030138229339841838,0.01077515489353492,-0.06361665030168391
GSM7791001_CCGTAGGTCTAGATCG-1,residual,bulk,-0.11554772513253349,0.020802506975360995,0.3602038265111445
GSM7791001_CCGTGAGAGACTGTTC-1,residual,bulk,-0.1565060632191007,0.016460639423844008,0.1156628093177118
GSM7791001_CCGTGAGCACTGGCCA-1,residual,bulk,0.27435090867299883,0.02306319058459857,0.2856498249736939
GSM7791001_CCGTTCACAAAGGAGA-1,residual,bulk,-0.1579227936835516,0.009433486709238999,-0.0852619316132619
GSM7791001_CCGTTCATCCAGCACG-1,residual,bulk,0.4335349588545542,0.015116446239307949,0.4999240419859132
GSM7791001_CCTAACCAGGGAGTGG-1,residual,bulk,-0.16930328119368782,0.008117100899140374,0.0018525522069108582
GSM7791001_CCTAACCCAATGGCCC-1,residual,bulk,-0.045245733034043084,0.009445142438801827,-0.11542035341093113
GSM7791001_CCTAACCCACGGTGTC-1,residual,bulk,-0.0806581918020097,0.0077246461141936016,-0.11697921340165378
GSM7791001_CCTAACCTCCGACAGC-1,residual,bulk,-0.06689714477175758,0.021852697653938803,0.2707291362745601
GSM7791001_CCTAAGAAGGAGAGGC-1,residual,bulk,-0.0669306400844029,0.01579530006115485,0.3843120913008525
GSM7791001_CCTAAGACATAGGAGC-1,residual,bulk,-0.10451269967215401,0.01729406602915853,0.5283092973440775
GSM7791001_CCTACGTAGCCTCCAG-1,residual,ciliated,1.562075114780002,0.02034889566064692,0.27760797079035
GSM7791001_CCTACGTTCTGCGGAC-1,residual,bulk,-0.13659190586635045,0.023241192339826557,0.3106556406043796
GSM7791001_CCTATCGCATGAATAG-1,residual,bulk,0.3296607006920709,0.018919388709630853,0.6491346895511049
GSM7791001_CCTATCGTCGTTTACT-1,residual,bulk,0.0,0.01784969208533104,0.6247969269081829
GSM7791001_CCTCAACCAAAGGCTG-1,residual,bulk,-0.18100137983049666,0.023797957767380987,0.2854623737921527
GSM7791001_CCTCACAAGAGCCGTA-1,residual,bulk,0.3105928097073994,0.01946910689453609,0.28175321344955834
GSM7791001_CCTCACAAGTTCTACG-1,residual,bulk,0.044775492047506665,0.007514709358468183,-0.05397071658897786
GSM7791001_CCTCATGGTACGCTAT-1,residual,bulk,-0.13396937779017856,0.018061013161373474,0.3550083910707047
GSM7791001_CCTCATGTCTTCCGTG-1,residual,bulk,-0.03095542983403282,0.008507925379823372,-0.1040422300571954
GSM7791001_CCTCCAAGTGCTGTCG-1,residual,bulk,0.36717271380954314,0.008868432868238267,-0.18448238094153976
GSM7791001_CCTCCTCTCCAGCCTT-1,residual,bulk,-0.04050509906950453,0.02651928651947213,0.20140947902147283
GSM7791001_CCTCTAGCATTGACCA-1,residual,bulk,-0.17186993190220423,0.011780564395140532,-0.026938512183839188
GSM7791001_CCTCTCCTCGCGATCG-1,residual,bulk,-0.16938371930803572,0.025788088054964912,0.3559269095013423
GSM7791001_CCTGCATTCCCATTCG-1,residual,bulk,-0.08212563650948661,0.019175805255522684,0.4603607417257636
GSM7791001_CCTGTTGGTACAGTCT-1,residual,bulk,-0.031055809808155865,0.006567746274672762,-0.13081069208990748
GSM7791001_CCTGTTGGTGCGGATA-1,residual,bulk,0.0012260605796935165,0.0039756366217338305,-0.08848496570729925
GSM7791001_CCTTCAGCAAAGCTCT-1,residual,bulk,-0.003940540495372957,0.008464757062141502,-0.08259355330931287
GSM7791001_CCTTCAGTCCCTATTA-1,residual,bulk,-0.03268324715750559,0.0077970785212993065,-0.2035436935876978
GSM7791001_CCTTGTGAGGCTTTCA-1,residual,bulk,-0.04658825995430113,0.018760827733900434,0.23072488839720354
GSM7791001_CCTTGTGTCGAGTCCG-1,residual,bulk,0.014816782663738925,0.008147340336115435,-0.1939171248497479
GSM7791001_CCTTGTGTCTAGTGAC-1,residual,ciliated,0.6591614026871938,0.02362179703418899,0.3788621649604315
GSM7791001_CCTTTGGAGTTTCGAC-1,residual,bulk,-0.14853427224689061,0.011249834778705638,-0.07657751774382447
GSM7791001_CCTTTGGCACGTCATA-1,residual,bulk,-0.12580022070142957,0.009053400066385562,-0.1627459378473368
GSM7791001_CCTTTGGCACTATCCC-1,residual,bulk,-0.041006889343261715,0.018754531294595506,0.5628342115451579
GSM7791001_CGAAGGACAGGGATAC-1,residual,ciliated,2.0738385142977274,0.01393303641500377,0.1026036890597297
GSM7791001_CGAAGGATCAGCTTGA-1,residual,bulk,-0.10325232369559152,0.021307704198817636,0.3249201863903704
GSM7791001_CGAAGTTCAGGACTTT-1,residual,bulk,0.13426904269627163,0.007490728757342693,-0.19298531432237662
GSM7791001_CGAAGTTCATTCACCC-1,residual,bulk,-0.11660992213657924,0.02542693148254229,0.49788702520023714
GSM7791001_CGAAGTTTCTTTACAC-1,residual,bulk,-0.03274537517910911,0.01267227310798943,0.07287021987005711
GSM7791001_CGAATTGAGACATAAC-1,residual,bulk,-0.09562845010606069,0.011919965298914667,-0.09612578034491256
GSM7791001_CGAATTGAGTCCGCCA-1,residual,bulk,-0.14666000366210938,0.02235631616245345,0.13652358749613902
GSM7791001_CGACAGCGTCATATGC-1,residual,bulk,-0.1475979941231864,0.012843879604374199,-0.08736362936135482
GSM7791001_CGAGAAGAGAAGTCAT-1,residual,bulk,-0.10771868138086228,0.010313935349795694,-0.0806592002060691
GSM7791001_CGAGAAGAGCTGTTAC-1,residual,bulk,-0.12357013172573511,0.00918850467473723,-0.16479208853815455
GSM7791001_CGAGAAGTCTAGCAAC-1,residual,bulk,0.036361918600778725,0.014906280440570564,0.14225217779689336
GSM7791001_CGAGGAAAGTTGTAAG-1,residual,bulk,0.08510408174423942,0.01812152266813622,-0.1330536367597912
GSM7791001_CGAGGAACATCGCCTT-1,residual,bulk,-0.01389946649944973,0.007832520445397603,-0.10117973897924105
GSM7791001_CGAGGAATCAGTCATG-1,residual,bulk,-0.18891277619770594,0.01227762169710644,-0.1259032131182623
GSM7791001_CGAGGCTGTAGCTTAC-1,residual,bulk,0.1749703436049204,0.008371112017588894,-0.07850912181011213
GSM7791001_CGAGGCTGTTCAAGGG-1,residual,bulk,0.06143282988714793,0.015307372069418597,0.1332109150470577
GSM7791001_CGAGGCTTCATTTGTC-1,residual,bulk,0.1824892090994214,0.009981838674392436,-0.1666060307546332
GSM7791001_CGAGGCTTCGTTCTCG-1,residual,bulk,-0.11180985117715503,0.011228866295200273,-0.07494304379273646
GSM7791001_CGAGTGCTCCCGAACG-1,residual,bulk,0.048202232481941346,0.02358217225203248,0.524807966597961
GSM7791001_CGAGTTAGTACTAACC-1,residual,bulk,0.21073001437717015,0.02172191573699759,0.47776615166952496
GSM7791001_CGATCGGAGCTAGCCC-1,residual,bulk,-0.20162826538085937,0.011443345461738263,-0.12290658875226368
GSM7791001_CGATCGGAGTGCTCGC-1,residual,bulk,-0.10633742196219308,0.017546938000986438,0.18207812522759825
GSM7791001_CGATCGGAGTTGCGCC-1,residual,bulk,-0.071619873046875,0.020598833317643547,0.38359781517926417
GSM7791001_CGATGGCGTGGTTTGT-1,residual,bulk,-0.1645318385532924,0.021592726504077057,0.30118946175300737
GSM7791001_CGATGGCTCGTAACCA-1,residual,bulk,-0.0911334380649385,0.0218495656170265,0.34748315532008006
GSM7791001_CGCAGGTAGGAGCTGT-1,residual,bulk,-0.06104932224939741,0.013272003790727335,-0.1355026995340046
GSM7791001_CGCAGGTTCAGGACAG-1,residual,bulk,-0.02416918451823885,0.00878373732984628,-0.19206629105426648
GSM7791001_CGCATAAAGTTCATGC-1,residual,bulk,-0.16899805341448101,0.02049872159797387,0.4171074361985349
GSM7791001_CGCATAACAGCTATTG-1,residual,bulk,-0.018251078393724224,0.0069430237615917805,-0.07733657352262369
GSM7791001_CGCATAAGTACGACTT-1,residual,bulk,0.032131314580402665,0.017577489010446617,0.42994618344505137
GSM7791001_CGCATAAGTTCCAGGC-1,residual,bulk,-0.07272727005065435,0.011158779392742837,-0.17024035172275517
GSM7791001_CGCCAGAGTTGTTGTG-1,residual,bulk,0.13006958916073755,0.011018165178763199,-0.1774300668069457
GSM7791001_CGCCATTCATACCAGT-1,residual,bulk,-0.1202940611233787,0.02400100651847821,0.27890400252551784
GSM7791001_CGCCATTCATACGCAT-1,residual,bulk,-0.11905653817313058,0.02229383957052838,0.43718145421410465
GSM7791001_CGCCATTGTCTGTGAT-1,residual,bulk,-0.06825813687036908,0.010644218870728375,-0.06621979857666184
GSM7791001_CGCGTGATCACGGACC-1,residual,bulk,0.11118558853391619,0.0075663936281319955,-0.11778903346189588
GSM7791001_CGCGTGATCTGCGGGT-1,residual,bulk,-0.09398309980119977,0.021950896894752273,0.5314011173673999
GSM7791001_CGGAATTAGACGCCAA-1,residual,bulk,-0.10754712785993303,0.021625780081982956,0.48525508872791523
GSM7791001_CGGAATTCAGCTGTTA-1,residual,bulk,-0.1825439453125,0.022652754828051364,0.3118928982178699
GSM7791001_CGGAATTGTGAGAGGG-1,residual,bulk,0.06415984956045001,0.010754660453627213,-0.1419202482709563
GSM7791001_CGGAATTTCCGACATA-1,residual,bulk,-0.1467344992501395,0.017699934411608952,0.22098273940073973
GSM7791001_CGGAGAACACAACGCC-1,residual,ciliated,1.881995084247892,0.012823095661171052,0.06497670312444082
GSM7791001_CGGAGAAGTACCGTCG-1,residual,bulk,0.013914277364337257,0.006854573942788699,-0.2342756419977748
GSM7791001_CGGCAGTTCGAACGCC-1,residual,bulk,-0.15218802841882856,0.01319388602933868,-0.3043285976165615
GSM7791001_CGGGACTCAGTCGCTG-1,residual,bulk,0.1843588532341851,0.011285691460318924,-0.061177971781682695
GSM7791001_CGGGACTTCCGTAGTA-1,residual,bulk,-0.0537239896683466,0.007079847245872198,-0.20245475972783641
GSM7791001_CGGGACTTCCTATTGT-1,residual,bulk,0.009699332524859716,0.006719454035976351,-0.13672711837406532
GSM7791001_CGGGCATAGCAGGGAG-1,residual,bulk,0.004635086967831575,0.010294013751544153,0.16681542828801438
GSM7791001_CGGGCATCACTCTGCT-1,residual,bulk,-0.13149620536773926,0.011603112530349076,-0.03191753279468779
GSM7791001_CGGGCATCATGACAAA-1,residual,bulk,-0.1401574489048549,0.017826684555888952,0.185598691428697
GSM7791001_CGGGCATGTGAACGGT-1,residual,bulk,-0.04055486376323397,0.0074714425461593955,-0.1432062334965804
GSM7791001_CGGGCATTCGAAGAAT-1,residual,bulk,0.20264491671607607,0.006144315133610942,-0.0946556273943904
GSM7791001_CGGGTCAAGACCTTTG-1,residual,bulk,0.08302130123925588,0.008579130392345943,-0.12959211218236943
GSM7791001_CGGGTGTAGCTGTTCA-1,residual,bulk,-0.10304920696076893,0.012170352633782133,-0.057229592339330365
GSM7791001_CGGGTGTAGTAATCCC-1,residual,bulk,0.0308767520813715,0.022502391029092014,0.5485927892044977
GSM7791001_CGGGTGTCAGCCTTCT-1,residual,bulk,-0.17775857107979912,0.021150528467303982,0.2818289953844751
GSM7791001_CGGGTGTCATCCGTTC-1,residual,bulk,-0.11574814141742767,0.013011309044597547,-0.0791595277828881
GSM7791001_CGGTCAGTCTTTCCGG-1,residual,bulk,-0.034050396510532925,0.015574567069532563,0.5554458395768748
GSM7791001_CGTAATGAGAGAGCGG-1,residual,ciliated,0.533258788093688,0.009381604509652692,-0.14519733133535792
GSM7791001_CGTAATGTCAAGGTGG-1,residual,bulk,0.04991727019113207,0.017107270751400457,0.4198697603294434
GSM7791001_CGTAGTACACCAAAGG-1,residual,bulk,-0.08048588344029017,0.025557322154668542,0.509472527714695
GSM7791001_CGTAGTACAGCGGATA-1,residual,bulk,0.24791260280306376,0.010969697884988985,0.04867253740606629
GSM7791001_CGTAGTACATGGAATA-1,residual,bulk,-0.09048552963468764,0.01650574344876024,0.12134888202361184
GSM7791001_CGTAGTATCCCTATTA-1,residual,bulk,-0.15599476405552457,0.020741991464977537,0.27414580538568417
GSM7791001_CGTCAAAAGGTGCTTT-1,residual,ciliated,1.992808059207977,0.011572428798123065,-0.11773699220635711
GSM7791001_CGTCCATCACCTCGTT-1,residual,bulk,-0.07535842199174186,0.011003643710446253,0.016457321274958553
GSM7791001_CGTGATAGTAGCTTAC-1,residual,bulk,-0.16404545375279017,0.019199866777065297,-0.0021731282749904604
GSM7791001_CGTGATAGTTGAGTCT-1,residual,bulk,-0.0002622873820956051,0.01053057156668327,-0.06530442635177595
GSM7791001_CGTGCTTTCCTGGGAC-1,residual,bulk,0.003335733792138501,0.01538419373317543,0.17767596500396363
GSM7791001_CGTGTCTAGCAAGTGC-1,residual,bulk,-0.02768305672539606,0.010737518922021343,-0.240719004193827
GSM7791001_CGTGTCTGTGGACCTC-1,residual,bulk,-0.14146602085658483,0.020553359632890615,0.48562036197493647
GSM7791001_CGTTAGAAGCATGATA-1,residual,ciliated,0.5208944802057176,0.020004025176182112,0.10502586013713487
GSM7791001_CGTTAGATCTTGGAAC-1,residual,bulk,-0.018926552439492844,0.015379788790171461,0.15272473610550108
GSM7791001_CGTTCTGCACTGAGTT-1,residual,bulk,0.08449062559339734,0.01978229023157657,0.4150179125787209
GSM7791001_CGTTCTGGTAAGACCG-1,residual,bulk,0.12042342125423372,0.009093392921892018,-0.2178774449464098
GSM7791001_CGTTCTGGTCACGTGC-1,residual,bulk,7.410155402290397e-05,0.020590143230279474,0.23661988567242362
GSM7791001_CGTTCTGGTTGTGCAT-1,residual,ciliated,1.3533864660111683,0.023141182781122874,0.2719639959271049
GSM7791001_CGTTGGGAGGTCCCTG-1,residual,bulk,-0.10237103250291615,0.006787467947956335,-0.2538895890267862
GSM7791001_CGTTGGGCAATCCAGT-1,residual,bulk,-0.09064476172129313,0.006985937873045539,-0.17716990812205116
GSM7791001_CGTTGGGCACGCTTAA-1,residual,bulk,0.10156818147689575,0.01024617121642217,-0.24668646229505894
GSM7791001_CGTTGGGGTCAAGTTC-1,residual,bulk,-0.14821087428501675,0.016643584471793822,0.46830156553507263
GSM7791001_CTAACCCAGGTCTACT-1,residual,bulk,0.154994565872919,0.020761722559674192,0.26686664956115225
GSM7791001_CTAACCCTCGTGGGAA-1,residual,bulk,-0.0683636806881617,0.014841166626698883,0.06196738607873761
GSM7791001_CTAACTTCAGCACCCA-1,residual,bulk,-0.1551868656703404,0.01650511474687053,0.30795245309754476
GSM7791001_CTAAGTGAGGTGCCTC-1,residual,bulk,-0.08239430079384455,0.02341710466185963,0.21499468659610743
GSM7791001_CTACAGAAGCGGTATG-1,residual,bulk,0.01541256828913612,0.011440761262701816,-0.31361219786490674
GSM7791001_CTACAGAAGCGTATAA-1,residual,ciliated,1.9584186929369727,0.007903768917271957,-0.1290939121000908
GSM7791001_CTACATTAGGAAAGTG-1,residual,bulk,0.005161689728025415,0.012518264562649708,-0.05502655656429731
GSM7791001_CTACATTTCAGGCGAA-1,residual,bulk,-0.08128094446091425,0.008897282913160958,-0.10866466812224634
GSM7791001_CTACCCACAGCAGTCC-1,residual,bulk,0.03562019060528471,0.00689160617127232,-0.07828090376221399
GSM7791001_CTACCCATCATGGATC-1,residual,bulk,-0.12085508074079242,0.02157333499245547,0.20779658571325194
GSM7791001_CTACCCATCTAGAGCT-1,residual,bulk,0.07415675435747418,0.009640726207347284,-0.20533749908308419
GSM7791001_CTACCTGCACGATTCA-1,residual,bulk,-0.0050139613378615555,0.00789589058553309,-0.10063202652085934
GSM7791001_CTACGGGCAACTGAAA-1,residual,bulk,0.1912319909958612,0.006174162349213383,-0.11718058219093119
GSM7791001_CTACGGGCAGTCGCTG-1,residual,bulk,-0.07455128813546802,0.006920389483795066,-0.06667765799250196
GSM7791001_CTACGGGGTACTCCGG-1,residual,bulk,-0.058728907448904855,0.008118171443656426,-0.11579101529283324
GSM7791001_CTACGGGGTGTTATCG-1,residual,bulk,-0.0974794728415353,0.013035427697301713,-0.11896457533179827
GSM7791001_CTACTATGTCTGTGGC-1,residual,bulk,0.2560755201369997,0.011100403146069544,0.07588841120907014
GSM7791001_CTAGGTAAGTCTTCCC-1,residual,bulk,0.14396040265522306,0.0075936834031646175,-0.09677287102870052
GSM7791001_CTAGGTAAGTTTGAGA-1,residual,bulk,-0.002754474216037306,0.008355581981268194,0.012676792447163914
GSM7791001_CTAGGTATCGGTCATA-1,residual,bulk,-0.12634735107421874,0.02249796182161298,0.35041292320712875
GSM7791001_CTATAGGCAATCGCGC-1,residual,ciliated,1.1680669160873172,0.019955118377309337,0.22362062103837213
GSM7791001_CTATAGGGTTACAGCT-1,residual,bulk,-0.09913637433733259,0.02423447594576911,0.4224021653035188
GSM7791001_CTATCTAAGTCACGAG-1,residual,bulk,0.09316303631616019,0.02059352177415685,0.4196339230285991
GSM7791001_CTATCTATCTTGGAAC-1,residual,bulk,-0.14603368168785458,0.009282808415341813,-0.12928414955162928
GSM7791001_CTCAACCTCTCCTGCA-1,residual,bulk,-0.2202878679547991,0.02257279731018335,0.3041670832459103
GSM7791001_CTCACTGAGGTTCTAC-1,residual,bulk,-0.04610294145251076,0.011878655600209965,-0.14952918912631327
GSM7791001_CTCACTGTCGAGCCAC-1,residual,bulk,-0.025201949921865308,0.00988127229116275,-0.030261501573579205
GSM7791001_CTCAGAACAGCAAGAC-1,residual,bulk,-0.08732444218226841,0.017130038608776956,0.3584984565106434
GSM7791001_CTCAGAAGTACTCGCG-1,residual,bulk,0.11336475955115426,0.018163144493859213,0.4446517295022999
GSM7791001_CTCAGGGAGCAACTTC-1,residual,bulk,-0.01220173215109202,0.010902528520662483,-0.0686622238656702
GSM7791001_CTCAGGGGTAGGTAGC-1,residual,bulk,-0.06278802538674974,0.020182229554904098,0.24350805960537325
GSM7791001_CTCAGTCCAACCGCCA-1,residual,bulk,-0.09245700915654499,0.012418005637473214,0.1130959766554215
GSM7791001_CTCATCGAGTAGGGTC-1,residual,bulk,-0.06064061255682082,0.00900315030329153,-0.01626497473312318
GSM7791001_CTCATTATCAGCAATC-1,residual,bulk,-0.1207964479355585,0.018646593206668897,0.15751915436228198
GSM7791001_CTCATTATCGATACAC-1,residual,bulk,0.006235793582976823,0.023454067449616537,0.4625854368671279
GSM7791001_CTCCACAAGAAGCGGG-1,residual,bulk,-0.012863843176099982,0.01767741890273715,0.2920144502498699
GSM7791001_CTCCACACACAGTACT-1,residual,bulk,0.015635786283583863,0.0166433102807005,0.11236522952630595
GSM7791001_CTCCACATCGCCTATC-1,residual,bulk,0.12609193483988446,0.008426097067922248,-0.07456285738482656
GSM7791001_CTCCACATCTAGACCA-1,residual,bulk,-0.03830149722477745,0.011506183700913875,-0.04770342439562138
GSM7791001_CTCCACATCTGATGGT-1,residual,bulk,0.07564117810082815,0.009821478070760196,-0.008304662695951861
GSM7791001_CTCCCTCGTCTCGACG-1,residual,bulk,0.06773790965004572,0.009313615968518287,-0.2645125082195902
GSM7791001_CTCCCTCTCGCTGATA-1,residual,bulk,-0.13550896266150098,0.02304923346844726,0.27381565054957174
GSM7791001_CTCCTCCAGTTGTCAC-1,residual,bulk,-0.10332134386849783,0.012515803827886635,0.1894643246094222
GSM7791001_CTCCTCCTCTGAATGC-1,residual,bulk,0.11287041527884348,0.01111593113615654,-0.030150414130257746
GSM7791001_CTCGAGGAGGCAATGC-1,residual,bulk,0.04752902893793015,0.006952156872011848,-0.1194525601458431
GSM7791001_CTCGAGGCAGAACCGA-1,residual,bulk,-0.2044429321516128,0.008390656784938307,-0.09557238026672413
GSM7791001_CTCGAGGGTATGTCTG-1,residual,bulk,-0.008004715631878573,0.012671937456592158,-0.07369061440630367
GSM7791001_CTCTCAGCACCACTGG-1,residual,bulk,0.07993439129420689,0.03306489055330736,0.47317034979575995
GSM7791001_CTCTCAGGTAACGGTG-1,residual,bulk,0.06238919757661368,0.011818083679058587,0.048112641635648205
GSM7791001_CTCTCGAAGGCGAACT-1,residual,bulk,-0.0957667958925641,0.014996100114378902,0.08973042354610826
GSM7791001_CTCTCGATCTACTTCA-1,residual,bulk,0.04650613497173975,0.010360298035073011,0.011985103992278201
GSM7791001_CTCTGGTGTTCCCAAA-1,residual,bulk,-0.08780392238071986,0.020216990881142184,0.5537162340337812
GSM7791001_CTGAGCGGTAGCTTTG-1,residual,bulk,-0.05970368744835022,0.012011694584793495,0.03259851883124003
GSM7791001_CTGAGGCAGCATTGTC-1,residual,bulk,0.06010987804049539,0.025946791447866206,0.3142832899743826
GSM7791001_CTGAGGCCACCTTCGT-1,residual,bulk,-0.014983245834471692,0.02213761981387558,0.42699630832907076
GSM7791001_CTGCAGGCACGCACCA-1,residual,bulk,0.337264192520626,0.01940584724910146,0.5857897124298366
GSM7791001_CTGCAGGGTTTCGTGA-1,residual,bulk,-0.0900983884977916,0.024054252260822872,0.13830933842803894
GSM7791001_CTGCAGGTCTGGTGGC-1,residual,bulk,-0.16686527585226393,0.006310273446440011,-0.10036474354796006
GSM7791001_CTGCATCGTGTTGAGG-1,residual,bulk,-0.01553173375508142,0.016673282939485508,0.1265927272965201
GSM7791001_CTGCCATCAATGCAAA-1,residual,bulk,-0.08285045101529077,0.015381322203004253,-0.09282768641597536
GSM7791001_CTGCCTAAGGTTCACT-1,residual,bulk,0.03210793578435503,0.020005505890953006,0.19375692319162305
GSM7791001_CTGCCTACATGCGTGC-1,residual,bulk,-0.1579709200253562,0.008061008859378233,-0.2153339442777994
GSM7791001_CTGCGAGAGTAATACG-1,residual,bulk,-0.0443307724453154,0.012474939408337491,-0.05041471076782326
GSM7791001_CTGCGAGAGTGATAAC-1,residual,bulk,-0.09806631254771399,0.022490677459640018,-0.08981149233409062
GSM7791001_CTGCGAGCACTAGAGG-1,residual,bulk,0.40201530486818343,0.009119660217982394,-0.10877077422392825
GSM7791001_CTGCGAGTCCCGATCT-1,residual,bulk,-0.030610252486334907,0.022249564860138692,0.2915307794203134
GSM7791001_CTGCTCAAGCTGACCC-1,residual,bulk,0.043781161308288574,0.020004950372722253,0.20930995066453903
GSM7791001_CTGGACGAGACTACGG-1,residual,bulk,0.21384024181063213,0.011214828539764835,-0.18449197031926573
GSM7791001_CTGGTCTTCGGCTTCT-1,residual,bulk,-0.014859252430143799,0.01736647141798705,0.267157198571729
GSM7791001_CTGTACCAGCCGATTT-1,residual,bulk,-0.05889603221227252,0.006046389025761673,-0.2295805929803769
GSM7791001_CTGTACCAGGGCCAAT-1,residual,bulk,0.049684803675091455,0.012019189737403896,-0.01672555639086779
GSM7791001_CTGTACCAGTAGATCA-1,residual,bulk,0.004071469988141729,0.008920025545881657,-0.04522762462563589
GSM7791001_CTGTACCTCGTAGTCA-1,residual,bulk,0.07393578377981036,0.007672444706996588,-0.20754335081054245
GSM7791001_CTGTAGAAGAGGTATT-1,residual,bulk,0.07583113435714965,0.018283890414356217,0.49275956188676434
GSM7791001_CTGTAGACAACGAGGT-1,residual,bulk,0.1324928020295643,0.00843670594444293,0.00506997263974962
GSM7791001_CTGTAGACAGTTCTAG-1,residual,bulk,-0.1528311266217913,0.01589385200388974,0.18051082610209807
GSM7791001_CTGTAGACATTGGATC-1,residual,bulk,-0.0939837428501674,0.023570749577509847,0.3842197383837932
GSM7791001_CTGTATTAGACAGCTG-1,residual,bulk,-0.06649957414657348,0.012801035298223557,0.002567663119740446
GSM7791001_CTGTATTTCACCATGA-1,residual,bulk,-0.09057220084326609,0.020976879551792182,0.31264022907358785
GSM7791001_CTGTCGTAGTATTAGG-1,residual,bulk,0.16429921074519077,0.01199828676841386,-0.20808447677777103
GSM7791001_CTGTCGTCACCAACAT-1,residual,bulk,-0.023485168653821192,0.019392979289316475,0.014651207725713763
GSM7791001_CTGTCGTCATCTAGAC-1,residual,bulk,-0.04681144986833846,0.012981693016539127,0.0270326737335397
GSM7791001_CTGTCGTCATGTGGCC-1,residual,bulk,-0.11963665432400172,0.012205277243397619,-0.10435550537462399
GSM7791001_CTGTCGTTCTTACGGA-1,residual,bulk,-0.15187259129115513,0.01936605494018012,0.04018806511888852
GSM7791001_CTGTGAACATGTTTGG-1,residual,bulk,-0.06350767953055246,0.017873227856581044,0.4020080360869993
GSM7791001_CTGTGAATCCGCAAAT-1,residual,bulk,-0.05753027825128465,0.0234227408073397,0.2749477739718403
GSM7791001_CTGTGGGAGTCACACT-1,residual,bulk,0.03258467477465435,0.007776990210199748,-0.1035092239061421
GSM7791001_CTGTGGGCATGAGATA-1,residual,ciliated,1.4296755866398887,0.010699993317366761,-0.2183261153588882
GSM7791001_CTTACCGAGGCATGGT-1,residual,bulk,-0.07254847992034187,0.017292976222964645,0.2388624766858861
GSM7791001_CTTACCGCACTCAGAT-1,residual,bulk,-0.10166548592703684,0.023524609210938064,0.5020443548723569
GSM7791001_CTTACCGTCTCCCATG-1,residual,bulk,-0.12646454947335378,0.010902039817816109,0.007251590405501439
GSM7791001_CTTAGGAGTCCAAGAG-1,residual,bulk,-0.06982102874725583,0.017987720387376695,0.1698400479075321
GSM7791001_CTTAGGATCAGCGCGT-1,residual,bulk,-0.05966557926601834,0.006911843675671298,-0.057743312717156194
GSM7791001_CTTCAATTCAAGCCTA-1,residual,bulk,0.09451708990430072,0.009874074803446264,-0.11121590266257109
GSM7791001_CTTCCGAGTGAGTGAC-1,residual,bulk,0.14086659840175086,0.003549997792062021,-0.14167359802369425
GSM7791001_CTTCCGATCCCGAGAC-1,residual,bulk,0.17767489614940823,0.009806917401731617,-0.12386982909291651
GSM7791001_CTTCCTTCAGCCCACA-1,residual,bulk,-0.037846712990412645,0.008845152099806027,-0.06885763812936123
GSM7791001_CTTCCTTTCTTAATCC-1,residual,bulk,-0.10750660487583705,0.029783059891291104,0.3412075585063261
GSM7791001_CTTCGGTCACAGTATC-1,residual,bulk,-0.12333340236118862,0.019938628439935876,0.29385294455711264
GSM7791001_CTTCGGTCACTTTATC-1,residual,bulk,-0.07341581041850742,0.008993352404473817,-0.22832426496540428
GSM7791001_CTTCGGTGTACTGTTG-1,residual,bulk,-0.06948777879987444,0.02360543179775599,0.5142322208891955
GSM7791001_CTTCGGTTCATTCGTT-1,residual,bulk,-0.12367250003511944,0.009031934509193493,-0.024786761433005046
GSM7791001_CTTCGGTTCTACTCAT-1,residual,bulk,-0.10265759884365022,0.01229812741169418,-0.20585826953895725
GSM7791001_CTTCTCTCATTATGCG-1,residual,bulk,-0.12538204893233285,0.019307125575888612,0.2882749748704694
GSM7791001_CTTCTCTGTATGCGGA-1,residual,bulk,-0.018703059241885228,0.006767905491601181,-0.11449795937357876
GSM7791001_CTTCTCTTCTGAGCAT-1,residual,bulk,0.1467711285939292,0.01651227687753454,0.316657792426196
GSM7791001_CTTGATTTCCAATCCC-1,residual,bulk,-0.01774763568999277,0.022562627416806827,0.37266892428499354
GSM7791001_CTTGATTTCTTTCTAG-1,residual,bulk,-0.10014577593122209,0.020171518769755464,0.4490534201275649
GSM7791001_CTTTCAACAATCGTCA-1,residual,bulk,-0.12670856044405981,0.008916615884011382,0.019545447002763266
GSM7791001_CTTTCAAGTACCTATG-1,residual,bulk,0.14151292997693257,0.009527768545796235,-0.23385201554878118
GSM7791001_CTTTCGGCACGATTCA-1,residual,bulk,-0.0636876131996276,0.02269430268535607,0.1919222452283555
GSM7791001_CTTTCGGCATAGGTAA-1,residual,ciliated,0.7649603319924976,0.026878048205205243,0.2863945709077617
GSM7791001_CTTTCGGGTAGATTAG-1,residual,bulk,-0.12643985067095076,0.009366921446046795,-0.1471305114254017
GSM7791001_CTTTCGGGTGGATGAC-1,residual,bulk,-0.14579334713163827,0.007809975437068755,-0.16183197996352242
GSM7791001_CTTTCGGTCCGCAACG-1,residual,ciliated,0.7682595710148887,0.021553650926762633,0.12088555175525484
GSM7791001_GAAACCTCACCACATA-1,residual,bulk,0.00390474864414761,0.008225702015661137,-0.062023615052645045
GSM7791001_GAAACCTTCTTAGGAC-1,residual,bulk,-0.025619525152539457,0.009575615002556818,-0.025781148657707458
GSM7791001_GAAATGAAGCTTAGTC-1,residual,bulk,-0.07900590397062757,0.009591882298225437,0.06361637869581689
GSM7791001_GAAATGATCAATCCAG-1,residual,bulk,-0.1376883093894474,0.010034243964837916,-0.06948625439800722
GSM7791001_GAAATGATCGCGTGCA-1,residual,bulk,-0.08015268598284041,0.014776257861914947,0.47661932644091204
GSM7791001_GAAATGATCGCTTGAA-1,residual,bulk,-0.17498185808696443,0.010676958990306278,-0.04842246193848701
GSM7791001_GAACACTTCCGATAGT-1,residual,bulk,0.04703848944769967,0.010061090474228233,-0.05141544703735071
GSM7791001_GAACGTTAGTCGTTAC-1,residual,bulk,-0.08522915613083612,0.008287038011426188,-0.06894400442659461
GSM7791001_GAACGTTCAGAGGCTA-1,residual,bulk,0.4113744874984499,0.0182784507553496,0.3672101937431412
GSM7791001_GAACGTTTCCTTATGT-1,residual,bulk,-0.0676657976422991,0.018802912330319804,0.3676604078194318
GSM7791001_GAAGAATGTTGTCCCT-1,residual,bulk,0.19450129145667663,0.00585948636747183,-0.13215176039364598
GSM7791001_GAAGCCCTCAGACAAA-1,residual,bulk,0.014974252004472055,0.008782881574670207,-0.24634112797788446
GSM7791001_GAAGCCCTCTTTGCGC-1,residual,bulk,-0.22327255249023437,0.012832768722143544,-0.01195773511314476
GSM7791001_GAAGCGAGTGTTCCAA-1,residual,bulk,0.49750308929927767,0.02280314968383821,0.1771199652674749
GSM7791001_GAAGCGATCCGCTAGG-1,residual,bulk,-0.04037790695826214,0.024316303262075394,0.27982189151503367
GSM7791001_GAAGCGATCGTGCGAC-1,residual,bulk,-0.0645348715403723,0.008591158214523897,-0.16574056265592413
GSM7791001_GAAGGGTAGGGCCAAT-1,residual,bulk,0.06571497674972293,0.005367533609220165,-0.09464527029850701
GSM7791001_GAAGGGTCATCATTTC-1,residual,bulk,-0.05661190032958984,0.016526210714900888,0.5398564338530487
GSM7791001_GAAGTAAAGCACGTCC-1,residual,bulk,0.28891500321645586,0.02063623206445817,0.27057919065258607
GSM7791001_GAAGTAACACCGTCTT-1,residual,bulk,-0.11618458339146205,0.020517283741881946,0.3063507589891202
GSM7791001_GAAGTAATCATGGCCG-1,residual,ciliated,1.6605372183663505,0.011989893717587139,-0.08729387850164715
GSM7791001_GAAGTAATCGAAGCCC-1,residual,bulk,-0.0044698241400339955,0.0061651316821137725,-0.162547238576952
GSM7791001_GAAGTAATCTCTGCTG-1,residual,ciliated,0.628588119991242,0.005474922672496738,-0.1427552339771359
GSM7791001_GAATAGAAGTCGCCCA-1,residual,bulk,-0.16834845406668528,0.022100874782342204,0.33775977634391885
GSM7791001_GAATAGACACATGACT-1,residual,bulk,-0.10534338966248527,0.00820680114873718,-0.1223769442668577
GSM7791001_GAATCACCAAACCATC-1,residual,bulk,0.14861850193568638,0.01924362389560191,0.3404952454778602
GSM7791001_GAATCACGTGTATACC-1,residual,bulk,-0.13026560571458604,0.008889168239917837,-0.08446112665445403
GSM7791001_GAATCACGTTATTCCT-1,residual,bulk,-0.07805133993663484,0.014964786718488469,-0.16372124962613513
GSM7791001_GAATCACGTTCAAAGA-1,residual,bulk,-0.11959156581333705,0.026158038749791824,0.44857307179710104
GSM7791001_GAATCGTAGATGCTGG-1,residual,bulk,-0.13868954249790735,0.013626804350396692,0.21035039866543537
GSM7791001_GAATCGTGTTGGACCC-1,residual,bulk,0.04271901198795863,0.022659055706931372,0.4955172499086539
GSM7791001_GACACGCAGAGTACCG-1,residual,bulk,0.013787668773106165,0.010689412606787067,-0.17710291691069566
GSM7791001_GACACGCAGCATATGA-1,residual,bulk,0.23881001018342518,0.02279689268795707,0.35950299263458996
GSM7791001_GACACGCAGTGGTTCT-1,residual,bulk,-0.0030876840863909016,0.010726469331863688,-0.1428950643498648
GSM7791001_GACACGCGTTGCATTG-1,residual,bulk,-0.10290778981314765,0.015222696898765868,0.13395985328488547
GSM7791001_GACAGCCGTTGCGTAT-1,residual,bulk,-0.14462791442871092,0.025512481494047647,0.43862855188878175
GSM7791001_GACATCAAGCACTCGC-1,residual,ciliated,1.6896368747287327,0.011769864358136822,-0.13557367937834963
GSM7791001_GACATCAAGGCGTTAG-1,residual,bulk,-0.014505730886307994,0.0218305421610688,0.336066351499118
GSM7791001_GACATCAAGTGTACAA-1,residual,bulk,0.03540282748994372,0.009512181177718659,-0.13942411414817035
GSM7791001_GACATCATCCAAAGGG-1,residual,bulk,-0.07847936902727398,0.01750531456578212,0.2237236111674882
GSM7791001_GACCAATAGGCGTTGA-1,residual,ciliated,0.5287033038669162,0.017382428734442026,0.22648425857621032
GSM7791001_GACCAATGTTCAAGTC-1,residual,bulk,-0.06428323117513507,0.017854917873263494,0.1511854601511401
GSM7791001_GACCAATTCCCTCTTT-1,residual,bulk,0.061901054155258914,0.01845249770673536,0.4368128481113504
GSM7791001_GACCAATTCTCGACGG-1,residual,bulk,-0.16360906328473773,0.015574773153796712,-0.005022396503066528
GSM7791001_GACCCAGAGGAGACCT-1,residual,bulk,-0.1603049509865897,0.008375928948716044,-0.16998042211164843
GSM7791001_GACCCAGGTGAGACCA-1,residual,bulk,-0.05562980409652468,0.009306897549952698,-0.21920113214190812
GSM7791001_GACCCAGTCTACTTCA-1,residual,bulk,-0.13551441737583705,0.025379583139544946,0.5329316263935047
GSM7791001_GACCCTTGTAGCTGCC-1,residual,bulk,-0.09922130766369046,0.017031141076835916,-0.10081997624359172
GSM7791001_GACCCTTGTTGCATTG-1,residual,bulk,-0.10311676365988592,0.009688731235579213,-0.09069996493291796
GSM7791001_GACCCTTTCAAAGGTA-1,residual,bulk,-0.15163545880998883,0.012792324654419178,0.010389048885606857
GSM7791001_GACCCTTTCAATGTCG-1,residual,bulk,-0.15290682111467635,0.023141334403883208,0.3409984129905532
GSM7791001_GACCCTTTCATGGGAG-1,residual,bulk,0.03081176016065812,0.0066514725951750155,-0.11370260436948235
GSM7791001_GACCGTGAGAATAACC-1,residual,bulk,-0.1711802237374442,0.008818958353002929,-0.03227382804215656
GSM7791001_GACCGTGAGTAGGTTA-1,residual,bulk,-0.020601801039680623,0.005021139032539667,-0.1969558640624465
GSM7791001_GACCGTGAGTCCTGTA-1,residual,bulk,-0.12573674966418552,0.007891113499525471,-0.10135362480528888
GSM7791001_GACCGTGGTTCCAAAC-1,residual,bulk,-0.11420580799617465,0.01236980945060449,-0.1314466401386888
GSM7791001_GACCTTCTCAACGAGG-1,residual,bulk,-0.03701371858990382,0.016764116556477297,0.20223880261254415
GSM7791001_GACGCTGGTTCCTAGA-1,residual,bulk,0.11231605605473596,0.022211000260417668,0.3160567355378432
GSM7791001_GACGTTATCTTGTGCC-1,residual,bulk,-0.12773177010672432,0.019658064286425764,0.29288904941139465
GSM7791001_GACTATGCAATGTGGG-1,residual,bulk,-0.12019844055175781,0.01875942029918337,0.44602735526967535
GSM7791001_GACTATGGTCAACCAT-1,residual,ciliated,0.6192714775933159,0.01926897520685499,0.15754037742046106
GSM7791001_GACTCAATCATCTACT-1,residual,bulk,0.19764314121670193,0.009626975862955212,-0.12776871992451763
GSM7791001_GACTCTCCAACCAACT-1,residual,bulk,-0.16040933881487165,0.017345390500217894,0.22095955837191888
GSM7791001_GACTTCCCATTCACAG-1,residual,bulk,-0.021158962703886508,0.009387293063695196,-0.0840931463317827
GSM7791001_GACTTCCGTCGAAACG-1,residual,bulk,0.11946095981295149,0.01433738939942155,-0.05643421513948363
GSM7791001_GACTTCCGTGTTTCTT-1,residual,bulk,0.16850212702675468,0.021528924273987032,0.400121887819694
GSM7791001_GACTTCCTCAACCCGG-1,residual,bulk,-0.15046286571593515,0.021596535251014765,0.19636155692096405
GSM7791001_GAGAAATAGAAGTCTA-1,residual,bulk,0.07581133312649196,0.020885477556109165,0.24285084330833256
GSM7791001_GAGAAATCAGCACAGA-1,residual,bulk,0.019475684695773654,0.008795945322029262,-0.05049731503524064
GSM7791001_GAGACCCAGCTTAGTC-1,residual,bulk,-0.07185840443959313,0.01338482687395324,0.22813082742061355
GSM7791001_GAGACCCGTCAAAGTA-1,residual,bulk,-0.04928379603794643,0.020849688847392335,0.6174745979656986
GSM7791001_GAGACCCGTGTGCCTG-1,residual,bulk,-0.07768817901611329,0.02130057548444248,0.487205976387187
GSM7791001_GAGACTTAGGGTGAGG-1,residual,bulk,0.16916605888851108,0.008244002544510663,-0.14236784896754365
GSM7791001_GAGACTTTCCAGTTCC-1,residual,bulk,-0.14299298967633928,0.00923933602735066,0.055989942728541596
GSM7791001_GAGACTTTCTATGTGG-1,residual,bulk,-0.05783273606073289,0.006109180124534789,-0.12069458467836372
GSM7791001_GAGATGGCAGGCACTC-1,residual,bulk,-0.016857991142878448,0.01859891680475693,0.14974726897401255
GSM7791001_GAGCCTGAGATGTAGT-1,residual,bulk,0.020536934988839295,0.015556135448119195,0.06705754262968908
GSM7791001_GAGCCTGCAAGAGTAT-1,residual,bulk,0.06597276634640163,0.014500933855344669,0.28143505843707933
GSM7791001_GAGCCTGGTGTCATGT-1,residual,bulk,-0.13351724651124744,0.013630062765047158,-0.14641895050294015
GSM7791001_GAGGCCTAGGAACGTC-1,residual,ciliated,2.0968930059766016,0.02008325637586829,0.23005338953932455
GSM7791001_GAGGCCTAGTATAACG-1,residual,bulk,0.07246201318407819,0.008192397813640466,-0.2253614936439674
GSM7791001_GAGGGATCAGTCCGTG-1,residual,bulk,0.14780761930677627,0.01112037435732589,0.0496830536226036
GSM7791001_GAGGGTAAGTAGAGTT-1,residual,bulk,0.07506207965669179,0.012060628272096974,-0.09716667897725784
GSM7791001_GAGGGTAGTAAGAACT-1,residual,bulk,-0.19096505301339287,0.012368393262359237,-0.09303176240520807
GSM7791001_GAGTCATAGCGGACAT-1,residual,bulk,0.06575939382825578,0.017942653841799792,0.3449509276324345
GSM7791001_GAGTCATGTACGGTTT-1,residual,bulk,-0.04552647181919643,0.01894513152812737,0.36345368948764206
GSM7791001_GAGTCATGTTACGTAC-1,residual,bulk,0.0006742311659313494,0.019728409506402794,0.4282503011169325
GSM7791001_GAGTCATGTTTATGCG-1,residual,bulk,0.2834814601474338,0.009763148073011183,-0.11955376123388527
GSM7791001_GAGTCATTCAACTCTT-1,residual,bulk,0.00930390040079751,0.010162004394405347,0.002014518954546242
GSM7791001_GAGTCTAAGGAACTAT-1,residual,ciliated,1.6198924328031994,0.017814355651684304,0.07988840357907628
GSM7791001_GAGTCTACATTCATCT-1,residual,bulk,-0.14304782322474888,0.02595054084146783,0.31439432914822873
GSM7791001_GAGTCTAGTCTTCAAG-1,residual,bulk,0.1006962940427992,0.013686506956382988,0.49270820195664716
GSM7791001_GAGTCTAGTGTCCCTT-1,residual,bulk,-0.11106249695732481,0.0077037401928594035,-0.14767703276382715
GSM7791001_GAGTGTTGTCTGGTTA-1,residual,bulk,-0.15734025735703727,0.013138220436875537,-0.060645455155974776
GSM7791001_GAGTGTTGTGCCCGTA-1,residual,bulk,-0.07222366832551502,0.006497098699099584,0.039508775900510024
GSM7791001_GAGTTGTAGGCGAACT-1,residual,bulk,0.11566681892152816,0.00604219969606497,-0.15857428703412563
GSM7791001_GAGTTGTAGGGATCTG-1,residual,bulk,-0.0664877059724596,0.0141209137242567,0.13893089256298374
GSM7791001_GAGTTGTGTCGTGCCA-1,residual,bulk,-0.1493928745814732,0.021517958139382665,0.3002566547620016
GSM7791001_GAGTTTGGTTGTCAGT-1,residual,bulk,-0.1542108917236328,0.02107364729344423,0.30069259745880605
GSM7791001_GATAGAAGTAGACGTG-1,residual,bulk,0.04873693405635776,0.007712533648221573,-0.28084166667144433
GSM7791001_GATAGAAGTGGCGCTT-1,residual,bulk,0.019228692433190753,0.005098863954940326,-0.12236256659380998
GSM7791001_GATAGCTTCTGGGATT-1,residual,bulk,0.3250284279717339,0.021399200375272858,0.36997540603517826
GSM7791001_GATCACACAATCAGCT-1,residual,bulk,-0.06133210893661256,0.019252266734331926,-0.14918378498228407
GSM7791001_GATCAGTAGAGTTGAT-1,residual,bulk,-0.028238578069777698,0.007092692365770303,-0.17560705270881893
GSM7791001_GATCAGTGTCGATGCC-1,residual,bulk,-0.14540391104561942,0.027376302695002682,0.4697160287828603
GSM7791001_GATCAGTTCCTGTACC-1,residual,bulk,-0.1302108655657087,0.021777803351322837,0.292067199802751
GSM7791001_GATCATGAGTCTAGAA-1,residual,bulk,-0.0018549929724799297,0.022229892630407047,0.20336316208665836
GSM7791001_GATCATGGTCCACTTC-1,residual,bulk,-0.08200169593568829,0.009335388543319998,-0.0767566358727856
GSM7791001_GATCATGGTTCTCGTC-1,residual,bulk,0.1691910922338092,0.021206065880932105,0.3257264242687022
GSM7791001_GATCATGTCAGGGATG-1,residual,bulk,0.07727937032306004,0.018840463912918153,0.28734041583565284
GSM7791001_GATCGTACAATTGGTC-1,residual,bulk,0.07063789170885845,0.01056870984721424,-0.0769244119068641
GSM7791001_GATCGTAGTGGCCACT-1,residual,bulk,-0.04585849065629266,0.008991925685885275,-0.11868871622128306
GSM7791001_GATCGTAGTTCCGTTC-1,residual,bulk,-0.003958864060659262,0.006106295728816739,-0.22655645725265436
GSM7791001_GATGACTTCAACGTGT-1,residual,bulk,-0.07103787187546018,0.005915157948737274,-0.20170445135297538
GSM7791001_GATGAGGAGCTAATGA-1,residual,bulk,0.1400262650989351,0.007026921843237297,-0.14352300815321423
GSM7791001_GATGAGGGTGGCCCAT-1,residual,bulk,-0.12515495913369315,0.011130520277801249,-0.1968752885559613
GSM7791001_GATGAGGTCTCGACGG-1,residual,bulk,-0.19153819492885044,0.020615386316665145,0.1483691787357642
GSM7791001_GATGATCAGTATAGAC-1,residual,bulk,0.06635291114686026,0.02210382397354463,0.2464453618591793
GSM7791001_GATGCTACATTCCTCG-1,residual,bulk,0.011111632528759186,0.011316509040346154,-0.07157896558262794
GSM7791001_GATGCTAGTCACCACG-1,residual,bulk,0.14178452597724067,0.016470079586358106,0.36155280660690614
GSM7791001_GATGGAGTCCCGTGTT-1,residual,bulk,-0.028991412510947584,0.0138251617888672,-0.10869323595293669
GSM7791001_GATGGAGTCCTGGCTT-1,residual,bulk,0.06941328525543213,0.019595988678543876,0.5181795416797965
GSM7791001_GATGTTGAGGTTCACT-1,residual,bulk,0.003921883900960266,0.008940235826592058,-0.11457504614100739
GSM7791001_GATGTTGGTTAAACCC-1,residual,bulk,0.0018207129221113894,0.008472362334568164,-0.10942316899243011
GSM7791001_GATGTTGTCCTGCCAT-1,residual,bulk,-0.12948026384626116,0.02616449774479804,0.3083571614768137
GSM7791001_GATTCGAAGGGTGAAA-1,residual,ciliated,1.8605775112575955,0.01878280900985012,-0.10843283749621789
GSM7791001_GATTCGACACCCTGAG-1,residual,bulk,0.02106337971157496,0.019344962530291804,0.2457992668202785
GSM7791001_GATTCTTTCTAGCCTC-1,residual,bulk,-0.07225827527424647,0.012453389350922286,-0.12946682525523825
GSM7791001_GATTGGTGTGCTGTCG-1,residual,bulk,0.14122266194177052,0.016336601778193585,0.2991650114254042
GSM7791001_GATTGGTTCTTTCTAG-1,residual,bulk,-0.15290938241141183,0.024344545424092135,0.4189097218436229
GSM7791001_GATTTCTCACGAGAAC-1,residual,bulk,-0.06878444043416826,0.006709847429948502,-0.13521113427068762
GSM7791001_GCAACATTCGACCATA-1,residual,bulk,0.4050862920851934,0.018111295998493673,-0.00438659603665098
GSM7791001_GCAACATTCGTTGTAG-1,residual,ciliated,1.8416179547991072,0.009489928498704593,-0.1374201172087917
GSM7791001_GCAACCGAGGCGTTAG-1,residual,bulk,-0.15560052054268972,0.018151544114200297,0.30072230035351166
GSM7791001_GCAACCGAGTGAGGTC-1,residual,ciliated,0.5032628362140958,0.008934005429720891,-0.1533747826079696
GSM7791001_GCAACCGCACAGTCCG-1,residual,bulk,0.14540538212609672,0.014834007743787153,0.1986466647331536
GSM7791001_GCAACCGCAGCATTGT-1,residual,bulk,-0.08927583421979632,0.02379360535212059,0.4751163519501495
GSM7791001_GCAACCGTCCAGCAAT-1,residual,ciliated,1.5867450792827302,0.016028170079719805,0.08902401505536123
GSM7791001_GCACATACAGGACTAG-1,residual,bulk,-0.19506273542131697,0.01895909786992737,0.23389370356055506
GSM7791001_GCACATACATCAACCA-1,residual,bulk,-0.07844938005719866,0.020290047300407243,0.5134224380461015
GSM7791001_GCACATAGTGTAGCAG-1,residual,bulk,-0.13379526108030287,0.008106216282968431,-0.15162544389215316
GSM7791001_GCACGGTTCCCTCATG-1,residual,bulk,-0.1427358437341357,0.0038833553285965564,-0.07484291060576012
GSM7791001_GCACGTGAGATGCGAC-1,residual,bulk,0.020347881468515516,0.005498111578402085,-0.22946772281418965
GSM7791001_GCACGTGAGTGGTTCT-1,residual,bulk,-0.1561741660511683,0.009693668737716018,-0.14897239310315172
GSM7791001_GCACGTGTCCTACCGT-1,residual,bulk,0.005139192702278264,0.019748500037449625,0.37584185656143343
GSM7791001_GCACTAACATTCATCT-1,residual,bulk,0.02638304437909808,0.009016059836554258,-0.07962680956262622
GSM7791001_GCACTAATCATCGACA-1,residual,bulk,-0.04610064037262446,0.022022095035135344,0.3305414991193194
GSM7791001_GCAGCCAAGAATCCCT-1,residual,bulk,-0.03638080324445452,0.01882983829235193,0.5123388178374059
GSM7791001_GCAGCCAAGCATGTTC-1,residual,bulk,-0.09561001172141423,0.009762587375011646,-0.04877851395450495
GSM7791001_GCAGCCAGTGAGTTTC-1,residual,bulk,-0.03834589549473354,0.02160155500289848,0.6134797492011838
GSM7791001_GCAGCCATCGAAGCCC-1,residual,bulk,-0.17122012600066172,0.009356590929653293,-0.09713521051079645
GSM7791001_GCAGCTGAGGGCCCTT-1,residual,bulk,-0.16670286996023995,0.021964429011531277,0.5338330500579174
GSM7791001_GCAGCTGCAGTTGGTT-1,residual,bulk,0.12051578294663201,0.010854909940212964,-0.08815839032466259
GSM7791001_GCAGCTGTCAGAGTGG-1,residual,bulk,-0.07347129848268297,0.010637116441543299,-0.11309788913702068
GSM7791001_GCAGCTGTCCGGACGT-1,residual,bulk,-0.1476513889857701,0.021447748899049563,0.32524956369279473
GSM7791001_GCAGTTAAGAAACCCG-1,residual,bulk,-0.04671782357352121,0.018421972337186225,0.4279138980368933
GSM7791001_GCATCGGTCAACACGT-1,residual,bulk,-0.04831505366734096,0.02268765746876208,0.6202169646104363
GSM7791001_GCATCGGTCAATCAGC-1,residual,bulk,0.020898610069638196,0.015756026160044158,-0.164727211259717
GSM7791001_GCATCGGTCCCAAGCG-1,residual,bulk,-0.09664572621148729,0.016348175009388673,0.1280135712848507
GSM7791001_GCATCTCAGGATAATC-1,residual,bulk,0.37761667433239166,0.015073106420839536,0.4692140678912321
GSM7791001_GCATCTCAGTAGCAAT-1,residual,bulk,-0.15403554386562773,0.007939057118839327,-0.1897854181366969
GSM7791001_GCATCTCTCCTAGCCT-1,residual,bulk,-0.04412422747839065,0.015915369782386023,-0.10296033052736177
GSM7791001_GCATCTCTCGGACTGC-1,residual,bulk,0.08810332071213495,0.005754822140202885,-0.20298737733836783
GSM7791001_GCATGATAGCGATTCT-1,residual,bulk,0.021290965912834053,0.009192408692844274,-0.17293533215598883
GSM7791001_GCATGATAGTGAGGTC-1,residual,bulk,-0.057261930193219866,0.01988892150733028,0.4688617036003526
GSM7791001_GCATGATCAAATGAAC-1,residual,bulk,-0.0839548328944615,0.02423515398400528,0.5801188042181522
GSM7791001_GCATTAGAGAGCACTG-1,residual,bulk,0.04680105966234965,0.009725450541289657,-0.08858948301136464
GSM7791001_GCATTAGAGCGAGTAC-1,residual,bulk,-0.010303119931902204,0.02014508186530273,0.5775000692387622
GSM7791001_GCATTAGGTAGTATAG-1,residual,bulk,0.03617373360527884,0.01276584824809653,-0.1033397017522175
GSM7791001_GCATTAGTCATACAGC-1,residual,bulk,-0.18976005830462017,0.010030092052301164,-0.053074396193628776
GSM7791001_GCATTAGTCTCGTCAC-1,residual,bulk,0.20728140906682094,0.02526461103014731,0.33372453156018833
GSM7791001_GCCAACGGTAGAGTTA-1,residual,bulk,-0.048992189679827006,0.02410893272606176,0.6458759247266574
GSM7791001_GCCAACGTCTACTCAT-1,residual,bulk,0.02447700803242031,0.005270729390950656,-0.10643083140030295
GSM7791001_GCCAGTGCAGAGGAAA-1,residual,ciliated,1.6531011732797776,0.007503763560955342,-0.09581157528909137
GSM7791001_GCCAGTGTCCAATCTT-1,residual,bulk,-0.21910932268415179,0.022983815453512392,0.24888525411682658
GSM7791001_GCCCAGAAGATGGCAC-1,residual,bulk,-0.07602333341326031,0.013356362700386842,-0.004498504491566664
GSM7791001_GCCCAGAAGCTGCGAA-1,residual,bulk,-0.10557480948311943,0.022035805132385507,0.3915403741694705
GSM7791001_GCCCAGACAATAACGA-1,residual,bulk,-0.011936546810089599,0.010018984918871578,-0.1835138959827912
GSM7791001_GCCCGAAAGCTACGTT-1,residual,bulk,0.022931061774965317,0.01840023301201807,0.29554122868802346
GSM7791001_GCCCGAACATCGATAC-1,residual,bulk,-0.19476787022181918,0.025399276462646603,0.3264782962463306
GSM7791001_GCCGTGAAGATGCTTC-1,residual,bulk,-0.10294866584596181,0.0165201329525911,0.030580677423002193
GSM7791001_GCCGTGATCAGAGTGG-1,residual,bulk,-0.038732931954520086,0.02221897588056392,0.5502724194862569
GSM7791001_GCCGTGATCGCCAACG-1,residual,bulk,0.04910721566942,0.008864399498854921,-0.21901501692057707
GSM7791001_GCCTGTTCATGACCCG-1,residual,bulk,-0.037833666120256695,0.022539544158811924,0.608501098406979
GSM7791001_GCCTGTTGTGCGAACA-1,residual,bulk,0.1367394943842812,0.011117968671756654,-0.016745793914235873
GSM7791001_GCCTGTTTCCCGAACG-1,residual,bulk,-0.006398207952105828,0.007584353092094727,-0.05934365394328523
GSM7791001_GCGAGAAGTCATCGCG-1,residual,bulk,0.05142541219317723,0.017291309494376506,0.34775660595079655
GSM7791001_GCGAGAATCGAGGCAA-1,residual,bulk,-0.03659834725516183,0.019262721680717673,0.5778503219017986
GSM7791001_GCGATCGTCGAAACAA-1,residual,bulk,0.12731775344364227,0.00697092703741191,-0.10152792448612775
GSM7791001_GCGATCGTCGACCATA-1,residual,bulk,-0.06230002267020089,0.020688276137439933,0.44816037411415577
GSM7791001_GCGGAAACACTGCACG-1,residual,bulk,0.06043725505707756,0.010081845466976698,-0.10174283382994091
GSM7791001_GCGGAAACATAGCACT-1,residual,bulk,-0.19569998604910716,0.019540980046748053,0.23333434718247922
GSM7791001_GCGGAAAGTTAACAGA-1,residual,bulk,-0.0659600269983685,0.008554747099685598,-0.032766854733574
GSM7791001_GCGGAAATCTAGTACG-1,residual,bulk,-0.07448319450257318,0.005277328587434957,-0.06216488256841349
GSM7791001_GCGGATCAGACCACGA-1,residual,bulk,-0.04920964452955459,0.008726039753059456,-0.1946078769299344
GSM7791001_GCGGATCCAGCTGTAT-1,residual,bulk,-0.04503604321252733,0.014921857107714747,0.09159407417479276
GSM7791001_GCGGATCCATGTGGTT-1,residual,bulk,-0.09179583526792981,0.01131418965665153,-0.10496021974821534
GSM7791001_GCGTGCAAGTACCATC-1,residual,bulk,-0.011277658333854065,0.017240250988901754,0.2378225385704058
GSM7791001_GCGTTTCAGCAAATCA-1,residual,ciliated,1.9059314764113653,0.009697012722993472,-0.17504017298360638
GSM7791001_GCGTTTCCAAGCACCC-1,residual,bulk,0.13202204129052542,0.018923600623727003,0.28526959812227953
GSM7791001_GCTACAAAGCACTAAA-1,residual,ciliated,0.9923705636887322,0.014653265209919516,-0.2518943618828757
GSM7791001_GCTACAACACGGTGCT-1,residual,bulk,0.0019439108409578798,0.020861936693411378,0.38699050772266197
GSM7791001_GCTACAAGTTGTGGCC-1,residual,bulk,-0.08613581604427761,0.007914093156113087,-0.1206067624843311
GSM7791001_GCTACCTAGCGAGGAG-1,residual,ciliated,1.8711295233832463,0.01484781483197887,-0.07316746008709997
GSM7791001_GCTCAAAAGTCATTGC-1,residual,bulk,0.015282746042524067,0.016221566409330233,0.2506730569883165
GSM7791001_GCTCAAACAGCTGTAT-1,residual,bulk,-0.01936998231070382,0.021690370683906942,0.5691343850434062
GSM7791001_GCTGAATAGGTGAGAA-1,residual,bulk,-0.09438943915896947,0.007516488212629316,-0.1998252994499109
GSM7791001_GCTGAATAGTATAGAC-1,residual,bulk,0.008388221150352843,0.014738569130961252,0.32448909759158057
GSM7791001_GCTGAATCACCGTGAC-1,residual,bulk,-0.1342295784420437,0.00766143553156962,-0.1892494450195676
GSM7791001_GCTGAATGTTCTCGCT-1,residual,bulk,-0.07979182996447125,0.022690014704128503,0.17588776546292
GSM7791001_GCTGGGTAGTCCGCGT-1,residual,bulk,-0.1591807120186942,0.017318127700502735,0.24948072924721565
GSM7791001_GCTGGGTAGTTCAACC-1,residual,bulk,-0.016441573339795318,0.012113367167394619,-0.13883384779095784
GSM7791001_GCTGGGTTCTATGCCC-1,residual,bulk,-0.19855372451600578,0.006045009649119704,-0.09304135101933671
GSM7791001_GGAACCCCAAATGGTA-1,residual,ciliated,0.5878491837637765,0.019543539018498896,0.27274922463972356
GSM7791001_GGAACCCCAGAGGTTG-1,residual,bulk,-0.16878388692462254,0.013710452480290122,-0.22208909409383018
GSM7791001_GGAAGTGGTCATCGCG-1,residual,bulk,-0.07475745344918872,0.008611169413984066,-0.09660681180932716
GSM7791001_GGAATCTCAATGGGTG-1,residual,bulk,-0.11199090140206473,0.02096303395275311,0.2993173371073836
GSM7791001_GGAATCTCAGGTAGTG-1,residual,bulk,0.10165069368150498,0.010550275974975506,0.018197216162073673
GSM7791001_GGAATCTGTAACTTCG-1,residual,bulk,0.016439250158885158,0.023918945602888257,0.35266422929914776
GSM7791001_GGAATGGAGTGTAGTA-1,residual,bulk,-0.19117497035435269,0.019652149627729525,0.12816496034981087
GSM7791001_GGAATGGCATAACGGG-1,residual,bulk,-0.1908919416155134,0.020157595267511246,0.28322108281757513
GSM7791001_GGAATGGCATCCTCAC-1,residual,bulk,0.059050243468511676,0.006238140649453123,-0.0674547197737565
GSM7791001_GGAATGGGTATTAAGG-1,residual,bulk,-0.14676957266671317,0.015752220378281043,0.02993277831172504
GSM7791001_GGAATGGTCATCGTAG-1,residual,bulk,-0.09647513995094906,0.010019773191410052,-0.26726114490931946
GSM7791001_GGACGTCCACACCAGC-1,residual,bulk,-0.18272156851632254,0.01130832717163643,-0.09207725484302533
GSM7791001_GGACGTCCACTGTCCT-1,residual,bulk,-0.06712641398111976,0.007930604623647985,-0.20513666433324407
GSM7791001_GGAGAACAGACTGTTC-1,residual,bulk,-0.061539437430245536,0.01844098454610881,0.42128017586506405
GSM7791001_GGAGATGAGACATATG-1,residual,bulk,0.08502355363633898,0.01668934225472838,0.294926771893421
GSM7791001_GGAGATGGTACACGTT-1,residual,bulk,0.06943617381746808,0.016322968555043164,0.09806801451327526
GSM7791001_GGAGATGGTTATTCCT-1,residual,bulk,-0.04692747615632556,0.005590435424533504,-0.10049949943092151
GSM7791001_GGAGATGTCTCCGCAT-1,residual,bulk,-0.1454239092932807,0.008017288031803587,-0.23437768267957199
GSM7791001_GGAGCAAAGTTACGGG-1,residual,bulk,-0.055458177536252984,0.005612688579609874,-0.14773088720132102
GSM7791001_GGAGCAAGTGACGTCC-1,residual,bulk,-0.07642150333949498,0.020219504901949365,0.5224270247613214
GSM7791001_GGAGCAAGTGGCCTCA-1,residual,bulk,0.07179532308427114,0.010527227607041903,-0.1708299953611641
GSM7791001_GGAGCAAGTGTTCGTA-1,residual,bulk,0.07438145440722271,0.012971577600834866,-0.1089174502194032
GSM7791001_GGAGGATAGTCCCGGT-1,residual,bulk,0.0038850973522852605,0.008334443088998491,-0.22210003068271486
GSM7791001_GGAGGATCACCGCTAG-1,residual,bulk,-0.08574310544937377,0.010584916188546806,-0.10587123164527373
GSM7791001_GGAGGATCATACCACA-1,residual,bulk,0.3663193757193429,0.02365051697334555,0.38828233826747427
GSM7791001_GGAGGATGTACTGGGA-1,residual,ciliated,0.8372243754069011,0.019715284438497616,0.17176556688561054
GSM7791001_GGAGGATGTGACAGGT-1,residual,ciliated,1.9094239552815757,0.00806988103760801,-0.10809933789856138
GSM7791001_GGAGGATTCCTAAACG-1,residual,bulk,0.13004299201662578,0.019708346111030856,0.5325035537940406
GSM7791001_GGAGGATTCCTATGGA-1,residual,bulk,0.2201831917535691,0.004400801040358037,-0.1017308877371043
GSM7791001_GGAGGTAAGCCAGACA-1,residual,bulk,-0.06004522596086775,0.015023672073083187,0.3132899697226314
GSM7791001_GGAGGTAGTACAGCGA-1,residual,bulk,-0.14768185278726004,0.0046227714989444816,-0.06425112737599081
GSM7791001_GGAGGTAGTGCACGCT-1,residual,bulk,-0.21532503400530134,0.021475043313836376,0.20040703248301608
GSM7791001_GGATCTAAGACGCCAA-1,residual,bulk,-0.19293690272739955,0.015939181156243373,0.11530106020737113
GSM7791001_GGATCTACATAGAATG-1,residual,bulk,-0.10780407852596707,0.010330339886327816,-0.12504748102779656
GSM7791001_GGATCTATCAAGCGTT-1,residual,bulk,0.18310312891763356,0.008797056658578079,-0.08125484857041584
GSM7791001_GGATCTATCATCGCAA-1,residual,bulk,-0.20340114048549107,0.02190128669247735,0.174851241053325
GSM7791001_GGATGTTAGCGGTAGT-1,residual,bulk,-0.21216666085379465,0.017640519578555634,0.003678065797463326
GSM7791001_GGATGTTAGTCGCTAT-1,residual,bulk,-0.026574705820234995,0.010205935027064156,-0.2730916898619884
GSM7791001_GGCACGTGTTTGATCG-1,residual,bulk,-0.045721915108816964,0.0228459944987216,0.48655609676200473
GSM7791001_GGCACGTTCTCGCAGG-1,residual,bulk,-0.030934386707487577,0.007890458211743724,-0.2334035526691399
GSM7791001_GGCACGTTCTCGCTCA-1,residual,bulk,0.10890619928874667,0.015408531693949226,0.1964413738892591
GSM7791001_GGCAGTCCACATCCCT-1,residual,bulk,-0.06196384543464298,0.011340151774749499,-0.08538264203714127
GSM7791001_GGCGTCATCACCTTGC-1,residual,bulk,-0.11884534169757177,0.008094556036395983,-0.13429279541365718
GSM7791001_GGCGTCATCTATTGTC-1,residual,bulk,-0.09279339381626674,0.014589090711265918,0.35092162934540655
GSM7791001_GGCTGTGAGCAGATAT-1,residual,bulk,-0.03239012407878086,0.01881981953303914,0.16220038437217743
GSM7791001_GGCTGTGAGTGGAATT-1,residual,bulk,0.002256256890675379,0.009457668955646788,-0.1328600332130711
GSM7791001_GGCTGTGGTAACACGG-1,residual,bulk,0.028776453714522088,0.0076641499009996415,-0.21031932898638545
GSM7791001_GGCTGTGGTGCGCTCA-1,residual,bulk,0.20659676506405789,0.007206391433570182,-0.28131580564948994
GSM7791001_GGCTGTGGTTGCATTG-1,residual,bulk,-0.16153076171875,0.02265760421378335,0.28251958743246947
GSM7791001_GGCTGTGTCGTTCCTG-1,residual,bulk,-0.10910713929978627,0.008243821534508089,-0.19639056593933502
GSM7791001_GGCTTGGAGAGAAGGT-1,residual,ciliated,1.599120852758014,0.013186137365569893,0.1254632537869917
GSM7791001_GGCTTGGCAGTCGGAA-1,residual,bulk,-0.03792560668218703,0.010601061168941734,-0.2189669897954435
GSM7791001_GGCTTTCCATGTAACC-1,residual,ciliated,0.8736503716120644,0.018281324017654695,0.40156644630717564
GSM7791001_GGCTTTCTCGGCACTG-1,residual,bulk,-0.15962021963936943,0.019587709748801745,0.09930686636354266
GSM7791001_GGGAAGTAGACGGATC-1,residual,bulk,0.08214589989374554,0.018576095541426002,0.21694709657251346
GSM7791001_GGGAAGTTCAAGTCTG-1,residual,bulk,-0.13569193158830914,0.0201175037670792,0.42196402675475403
GSM7791001_GGGACAACATCCGTTC-1,residual,bulk,-0.03547023144979325,0.010320475089991373,-0.02159576395863362
GSM7791001_GGGACCTAGAAGGATG-1,residual,bulk,0.09665490263984318,0.020805340885595793,0.26208598181562826
GSM7791001_GGGACCTCACGATTCA-1,residual,bulk,-0.15671221498459104,0.015423158094978552,0.04931567490656146
GSM7791001_GGGACCTGTTCAAGGG-1,residual,bulk,0.0002154400235130638,0.01689163577987586,0.19398955751455998
GSM7791001_GGGACCTGTTGTTTGG-1,residual,bulk,-0.14593504042852495,0.009083137110314169,-0.12452029432859127
GSM7791001_GGGACTCAGGCTATCT-1,residual,bulk,-0.022318528947376085,0.02601173530883106,0.37543273830621543
GSM7791001_GGGACTCCACACGGTC-1,residual,bulk,0.008310953170534152,0.00628852589381404,-0.13530908143435766
GSM7791001_GGGAGATCAGAGACTG-1,residual,bulk,-0.06289659409295945,0.008134525016204765,-0.1439930323510603
GSM7791001_GGGAGATGTGCGTCGT-1,residual,bulk,0.12809991700308665,0.019023631023170933,0.568652019314077
GSM7791001_GGGAGTACACCTATCC-1,residual,ciliated,1.6051793028816344,0.01601057410577414,0.04868774072129574
GSM7791001_GGGAGTAGTTAACCTG-1,residual,bulk,-0.13734660557338169,0.019099808361828,0.4070113384076128
GSM7791001_GGGATGATCATGCCCT-1,residual,bulk,0.027130907149541944,0.01355567757888328,-0.07560686312361388
GSM7791001_GGGCCATGTGAATGTA-1,residual,bulk,-0.07281726163531108,0.012457919830057545,0.07536335149375674
GSM7791001_GGGCCATTCCCTCGTA-1,residual,bulk,-0.1455284117138575,0.011648169640978397,-0.07167723765392033
GSM7791001_GGGCGTTGTGACTCGC-1,residual,bulk,0.035597440023270865,0.008273306894148333,-0.11004491581878607
GSM7791001_GGGCTACCAATGAACA-1,residual,bulk,-0.10104134181189156,0.008023398500660767,-0.07201621570345723
GSM7791001_GGGCTACGTCCTACAA-1,residual,bulk,0.04219830391898988,0.010940946540310418,-0.12580622888958976
GSM7791001_GGGCTACTCTAGGCAT-1,residual,bulk,-0.008403571522425102,0.016114024356935257,0.1636360530748273
GSM7791001_GGGCTCACACTGCGTG-1,residual,bulk,-0.028053090004693915,0.007222953072429393,-0.1378120737617172
GSM7791001_GGGTAGAGTGACTCTA-1,residual,bulk,0.01992833243476022,0.011338028056923813,-0.21892385348446441
GSM7791001_GGGTAGAGTTGAATCC-1,residual,bulk,0.021569713410877045,0.007334934227205432,-0.15948371698010108
GSM7791001_GGGTAGATCAACACCA-1,residual,bulk,-0.12672428676060268,0.02526232530156463,0.3853980038127983
GSM7791001_GGGTATTAGGATTACA-1,residual,bulk,0.15367762270427887,0.018418809650210928,0.5466562389191008
GSM7791001_GGGTATTCACGGTAGA-1,residual,bulk,0.04871367393978057,0.010972569556401638,-0.05708993594504311
GSM7791001_GGGTCACTCGTAGAGG-1,residual,bulk,-0.08345659081898038,0.008967258857572049,-0.07892079198880542
GSM7791001_GGGTCTGTCTGCTCTG-1,residual,bulk,0.026824295180184504,0.009146442472102594,-0.17097955547048296
GSM7791001_GGGTGAATCAGCTCTC-1,residual,bulk,0.028176101654294947,0.02012841032712979,0.30321543372302306
GSM7791001_GGGTGAATCTATCCAT-1,residual,bulk,0.024256210175771564,0.012279507624299673,0.2440925431192757
GSM7791001_GGGTGTCAGTAGGGTC-1,residual,bulk,0.30994506381806874,0.018176429395521915,0.3531054216843748
GSM7791001_GGGTGTCCACGTGTGC-1,residual,bulk,-0.030261932251945373,0.02301011516290201,0.40794809594760845
GSM7791001_GGGTGTCCAGATACCT-1,residual,bulk,-0.07816261669946095,0.0061619865822882475,-0.10800758886979112
GSM7791001_GGGTGTCCATATGCGT-1,residual,bulk,0.03162028570023795,0.007961835046222053,-0.08935290472499381
GSM7791001_GGGTGTCTCCATCTAT-1,residual,bulk,-0.14677340916224887,0.023308819951730807,0.2776342027606422
GSM7791001_GGGTGTCTCTAGTGTG-1,residual,bulk,0.08964794537377738,0.012422511364467885,0.020620560539223592
GSM7791001_GGGTTTATCGTTCCCA-1,residual,bulk,-0.010164818233913853,0.0071090088018731365,-0.11469717315738609
GSM7791001_GGTAACTCAGGACTTT-1,residual,bulk,0.10123282462831526,0.011987019328576494,-0.12276898102574832
GSM7791001_GGTAACTCAGGCTCTG-1,residual,ciliated,0.6255562655131022,0.00835802368154274,-0.12633706471627731
GSM7791001_GGTAACTGTTTCACTT-1,residual,bulk,-0.009929161450219534,0.02186000975620284,0.2792781942738225
GSM7791001_GGTAACTTCCAAGGGA-1,residual,bulk,0.4988925525120327,0.014163234157704825,-0.10840809011786043
GSM7791001_GGTAATCAGGGCAACT-1,residual,bulk,0.2664960237533327,0.01147573184032072,-0.07568305184272893
GSM7791001_GGTAGAGGTTGTAAAG-1,residual,bulk,0.23528054570394846,0.014469088012652453,-0.07458315121614732
GSM7791001_GGTAGAGTCACCATCC-1,residual,bulk,-0.15037866827041385,0.011726870299774282,-0.054864862625620354
GSM7791001_GGTCACGCAATCGCCG-1,residual,bulk,-0.23215181623186384,0.012369637213398673,0.10307619072972875
GSM7791001_GGTCACGGTCGCAGTC-1,residual,bulk,0.09905191482059539,0.007616047163524243,-0.08594979487606623
GSM7791001_GGTCACGGTTATGTGC-1,residual,bulk,0.14413124190436472,0.010549138535146848,-0.0757014583885522
GSM7791001_GGTGAAGCACTCTGCT-1,residual,bulk,-0.15826481894841268,0.008952356495031637,-0.1461432515256218
GSM7791001_GGTGAAGGTGCGTTTA-1,residual,bulk,-0.14694403512137277,0.01740802330644327,0.16627244163942986
GSM7791001_GGTGATTTCCATTTCA-1,residual,bulk,-0.15764960152762278,0.020185552751703903,0.21454176670027275
GSM7791001_GGTGGCTAGATACAGT-1,residual,bulk,-0.007469910515679246,0.00670641950625389,-0.1344447277237542
GSM7791001_GGTGGCTCAGATTCGT-1,residual,bulk,-0.06753330105826967,0.017834229039210923,0.1857399925035059
GSM7791001_GGTGGCTGTTCGAAGG-1,residual,bulk,0.3612122911120218,0.013293819399407781,-0.14666907008418328
GSM7791001_GGTGTCGAGCTAGAGC-1,residual,ciliated,1.5172161780463322,0.00899663587410811,-0.15314188863858264
GSM7791001_GGTGTCGTCTCGTCGT-1,residual,bulk,0.2070742573813787,0.02322427859199575,0.4987736445306967
GSM7791001_GGTGTTACAAGATTGA-1,residual,bulk,0.11742923297579327,0.009584051819435814,-0.18963829916214095
GSM7791001_GGTTAACCACATATCG-1,residual,ciliated,1.4390148090180896,0.01373464367822046,-0.060831576118378944
GSM7791001_GGTTCTCAGCTACGTT-1,residual,bulk,0.022873556424701014,0.027161101653999455,0.413493387587115
GSM7791001_GGTTCTCGTTTCAGAC-1,residual,ciliated,0.8853439222063337,0.022665801831951386,0.26357119710850846
GSM7791001_GGTTCTCTCTCGGTCT-1,residual,bulk,0.1358413877184429,0.01992506970698832,0.49569839355428225
GSM7791001_GGTTGTATCGGACTTA-1,residual,bulk,-0.10532742000761489,0.007801604001216795,-0.08581619888707025
GSM7791001_GTAACCACACTAACGT-1,residual,bulk,-0.08086935300675649,0.021444567772014908,0.22524508831689605
GSM7791001_GTAACCACAGTTAAAG-1,residual,bulk,0.07059863453819643,0.006510579191724745,-0.2769889819399188
GSM7791001_GTAACCAGTTGCTCCT-1,residual,bulk,0.05983112653096517,0.024032783497558684,0.45355364371006807
GSM7791001_GTAACCAGTTTGTTCT-1,residual,bulk,0.09288721326797728,0.0088238681804983,-0.18987357601257973
GSM7791001_GTAAGTCCACAATGCT-1,residual,bulk,-0.10114382562183197,0.006180753326791891,-0.14828802480745346
GSM7791001_GTAAGTCGTGGCCCAT-1,residual,bulk,-0.06582610539027622,0.021951433745854537,0.2613968766684147
GSM7791001_GTAATCGCAGTATACC-1,residual,bulk,-0.08872873578752791,0.02237000886262758,0.5088083293333316
GSM7791001_GTAATGCGTATGGAGC-1,residual,bulk,-0.007566859987046981,0.013509770038822847,-0.0291682412751205
GSM7791001_GTACAACAGTGGCCTC-1,residual,ciliated,1.1875037099444676,0.024262603654029814,0.1983266053345616
GSM7791001_GTACAGTCACGGTCTG-1,residual,bulk,-0.22937105451311385,0.018253249941410074,0.03081722989688872
GSM7791001_GTACAGTTCGGCTGGT-1,residual,bulk,-0.04749225003378732,0.005506350747897419,-0.16449683161947712
GSM7791001_GTAGAAAAGAGCACTG-1,residual,bulk,0.09987901278904507,0.013977400677197108,-0.28416829755559014
GSM7791001_GTAGAAAGTAAGCAAT-1,residual,ciliated,1.959138855707078,0.012478867652753422,-0.19625530984498432
GSM7791001_GTAGAGGTCAAGAATG-1,residual,bulk,-0.14834933689662388,0.02522279069946071,0.4137520495547098
GSM7791001_GTAGATCGTTTCGACA-1,residual,bulk,-0.08066664275668918,0.01657536868302569,0.11286877475469942
GSM7791001_GTAGATCTCTTCCGTG-1,residual,bulk,-0.10976076398577009,0.023013125770252284,0.43572240302334847
GSM7791001_GTAGCTATCTTTCGAT-1,residual,bulk,-0.21673028128487723,0.01599081551210847,0.08535550277654318
GSM7791001_GTAGGAGAGGAAACGA-1,residual,ciliated,1.584338596888951,0.009096546093169837,-0.09570170477453868
GSM7791001_GTAGGAGCACGCGTCA-1,residual,bulk,-0.04540933790661042,0.008351238682469666,-0.12478318305100397
GSM7791001_GTAGGAGCAGAACTCT-1,residual,bulk,-0.08260768678453234,0.010476955327153675,-0.09390477951386127
GSM7791001_GTAGGAGGTATTCCTT-1,residual,bulk,-0.17757828212919688,0.007338983006707489,-0.12130708054717869
GSM7791001_GTAGGTTAGAGAGTGA-1,residual,bulk,-0.07107963372790621,0.0076031598292454405,-0.17920056064085146
GSM7791001_GTAGGTTCAGGGCTTC-1,residual,bulk,0.09745471379113577,0.022062365514736955,0.21887311963568698
GSM7791001_GTAGGTTGTGCAGGAT-1,residual,bulk,-0.05082811249627006,0.008503242562766019,-0.16386710258193182
GSM7791001_GTAGTACCATGAGTAA-1,residual,bulk,0.0597176200624496,0.005457925575397362,-0.11950258127752249
GSM7791001_GTAGTACTCAAGCCAT-1,residual,bulk,0.0296245349399627,0.008051533469637355,-0.14162802149362017
GSM7791001_GTATTGGAGCGAGAAA-1,residual,bulk,-0.06653030395507813,0.01862920509835348,0.5160124352462206
GSM7791001_GTATTGGCAACCGACC-1,residual,bulk,0.1098274338434613,0.013361248264913403,-0.13980504639012903
GSM7791001_GTATTGGCACAGACGA-1,residual,bulk,-0.007490268510485454,0.012168165180705385,0.023418617871538726
GSM7791001_GTATTTCAGGCACGAT-1,residual,bulk,-0.12654391231990997,0.013257898788891375,0.051522862705265605
GSM7791001_GTATTTCTCGCTAAAC-1,residual,bulk,-0.13162228175571986,0.020847922257684722,0.3193422365828203
GSM7791001_GTCAAACTCCACCTCA-1,residual,bulk,-0.01059127103714716,0.012279100708709923,0.03202794150320303
GSM7791001_GTCAAACTCGCCGATG-1,residual,bulk,-0.034497089158921024,0.0079474442939195,-0.131799916043652
GSM7791001_GTCAAGTCACCTGTCT-1,residual,bulk,-0.15939810616629466,0.01975048401869544,0.2398120750903239
GSM7791001_GTCAAGTCAGGTCTCG-1,residual,bulk,-0.04215243748256138,0.01690386106925262,0.5202502761684463
GSM7791001_GTCAAGTGTGCGTGCT-1,residual,bulk,0.06208205298771938,0.008779301280917218,-0.1676193964971915
GSM7791001_GTCAAGTGTGTAACGG-1,residual,bulk,-0.013035782783750505,0.020582369530344428,0.44056755139901854
GSM7791001_GTCAAGTGTTTACACG-1,residual,bulk,-0.08806446620396205,0.012777066459905126,-0.12151188352898108
GSM7791001_GTCAAGTTCCGAAATC-1,residual,bulk,-0.13793855939592634,0.015729854328214797,0.17605601359555084
GSM7791001_GTCAAGTTCGCTGTTC-1,residual,bulk,-0.04075233292958094,0.009096817887533918,-0.04023872026833018
GSM7791001_GTCAAGTTCTAGTTCT-1,residual,bulk,-0.08092690868983193,0.007905486324161876,-0.1456907375156839
GSM7791001_GTCACGGGTGCCCACA-1,residual,bulk,-0.07252038138253349,0.019011904592762315,0.43923484577108407
GSM7791001_GTCACTCCAACAAGTA-1,residual,bulk,-0.009924526517353344,0.00859212175570485,-0.11301630021612544
GSM7791001_GTCACTCGTAATGCGG-1,residual,bulk,-0.009455109399462508,0.012013515522794779,-0.10053707166660772
GSM7791001_GTCAGCGCAGGTCAAG-1,residual,ciliated,0.9729656092325847,0.018381946767001646,0.2576292566015179
GSM7791001_GTCAGCGGTGAGAGGG-1,residual,bulk,-0.01443843205769857,0.007301731547726789,-0.07745833653910394
GSM7791001_GTCAGCGGTGCGTGCT-1,residual,bulk,-0.058511766327751985,0.01001047859184347,-0.10205890731388882
GSM7791001_GTCATCCGTTCACGAT-1,residual,bulk,0.06188423035636781,0.01709798500102837,0.2514828629901621
GSM7791001_GTCATGAAGATGCAGC-1,residual,bulk,-0.06832371303013393,0.01999128539134772,0.37589755735773867
GSM7791001_GTCATGACAAGTCCCG-1,residual,bulk,0.28848363058907645,0.01842473702451098,0.29607415063434017
GSM7791001_GTCATTTAGGACAGCT-1,residual,bulk,-0.0688878113125998,0.006945123321632754,-0.19000313945998243
GSM7791001_GTCATTTCAAAGCGTG-1,residual,bulk,-0.012692690349760505,0.017562271764924153,0.21688671487157635
GSM7791001_GTCATTTTCCTCCACA-1,residual,ciliated,1.5514538737705776,0.01449491499692465,0.12788718337954774
GSM7791001_GTCCACTCAGTCGCTG-1,residual,bulk,0.17321578949216815,0.010480517470590596,-0.07441019398872636
GSM7791001_GTCCACTTCCACCCTA-1,residual,bulk,0.051354416287134566,0.0207503213363717,0.3375456482408966
GSM7791001_GTCCCATAGACGCATG-1,residual,bulk,-0.03925192454504586,0.009308681295533196,-0.08579330322259145
GSM7791001_GTCCCATCACCTGCGA-1,residual,bulk,-0.06767830667041594,0.006927774896861215,-0.2664447542280652
GSM7791001_GTCCTCAAGTTAACGA-1,residual,bulk,0.3023826983618358,0.00691191123210637,-0.20567051312807902
GSM7791001_GTCGAATAGGCCTTGC-1,residual,bulk,0.07375125726064047,0.02068199128547799,0.4666592555956714
GSM7791001_GTCGAATGTCTTCCGT-1,residual,bulk,0.36919035230364117,0.01841532871619062,0.23384191588126862
GSM7791001_GTCGAATTCACCCTGT-1,residual,bulk,-0.0954677296820141,0.02120880306844114,0.24276980342437804
GSM7791001_GTCGCGAGTTCGATTG-1,residual,bulk,-0.02788286655668229,0.02409541042867804,0.3486569085417259
GSM7791001_GTCGCGATCGCCGAAC-1,residual,bulk,0.44845703215826127,0.021828950458551984,0.43508511409741435
GSM7791001_GTCGTAAAGGTCGTCC-1,residual,bulk,-0.06049378027991642,0.018491572886677177,0.15547490705959413
GSM7791001_GTCGTAAAGTAGCAAT-1,residual,bulk,0.35933349094693623,0.011079265535451148,-0.08848193582004399
GSM7791001_GTCGTAATCAACTGAC-1,residual,bulk,0.03238508754306371,0.016266457510541416,0.18939768661085118
GSM7791001_GTCGTTCAGGAAGTGA-1,residual,bulk,-0.07466575622558594,0.02477893820548603,0.5379760464885515
GSM7791001_GTCGTTCAGGCATGGT-1,residual,bulk,-0.09241192938789489,0.01261833579411467,-0.15191698475436777
GSM7791001_GTCGTTCTCCGCTAGG-1,residual,ciliated,1.5046796429346478,0.014450126059389235,0.11538926129346777
GSM7791001_GTCTACCAGCATCCCG-1,residual,bulk,-0.06187172874571786,0.011635152629847238,-0.004599708969765469
GSM7791001_GTCTAGAGTATGAAAC-1,residual,bulk,-0.17600382123674665,0.016237790952099873,0.17691524842631343
GSM7791001_GTCTAGAGTCGCACGT-1,residual,bulk,-0.11487509379311214,0.011870456690755512,-0.2099399593166797
GSM7791001_GTCTCACCATGTTCAG-1,residual,bulk,0.4325315033443391,0.018160176232730495,0.47623221896775725
GSM7791001_GTCTGTCAGACCCGCT-1,residual,bulk,-0.06177996703556607,0.011404933533242734,-0.08448136502625565
GSM7791001_GTCTGTCAGTTTCTTC-1,residual,bulk,-0.04423502331688292,0.01695373271792663,0.0009779286436826303
GSM7791001_GTCTGTCCACAATTCG-1,residual,bulk,0.047269416687980514,0.00982825443196257,-0.1804466276371015
GSM7791001_GTCTGTCCAGCGGATA-1,residual,bulk,-0.06488065409281897,0.01979275360408297,0.2055219105676115
GSM7791001_GTCTGTCCAGGATCTT-1,residual,bulk,-0.04271385624295189,0.011298774349268327,0.09242508894212789
GSM7791001_GTCTGTCGTGTTAGCT-1,residual,bulk,-0.19172803606305805,0.019211456946292817,0.2627764490106955
GSM7791001_GTCTTTACAGTGGCTC-1,residual,bulk,-0.07449160795363169,0.025552161774680705,0.2662479829765746
GSM7791001_GTCTTTAGTAGACGGT-1,residual,bulk,-0.030043391348823667,0.016128307351545416,0.1136531831411499
GSM7791001_GTCTTTAGTGTATACC-1,residual,bulk,-0.08636250995454334,0.010620083693624235,0.030216749291959645
GSM7791001_GTGACGCAGAAGCTCG-1,residual,bulk,0.03108519160558304,0.007785019755112384,-0.25276043325246944
GSM7791001_GTGACGCGTAGTCTGT-1,residual,bulk,-0.17023290361676896,0.020654389565792568,0.2982268250574867
GSM7791001_GTGACGCTCCGGGACT-1,residual,bulk,0.03970904244316947,0.013866537727227807,-0.15450158192546357
GSM7791001_GTGAGCCAGTAAATGC-1,residual,bulk,-0.06708538853932941,0.019222305929222028,0.15931061064520693
GSM7791001_GTGAGCCCACTTACAG-1,residual,bulk,-0.10738575609903486,0.022235454811633026,0.2727780822404042
GSM7791001_GTGAGCCCATCTGGGC-1,residual,bulk,-0.006280917515830431,0.006588723621494115,-0.1834652616577723
GSM7791001_GTGAGGAAGCCTCAAT-1,residual,bulk,0.041401199461921806,0.009064328118799755,-0.2100815018945647
GSM7791001_GTGATGTAGATAGCTA-1,residual,bulk,0.027649339797004818,0.009132235820334303,-0.25838118759000095
GSM7791001_GTGATGTCATCATTGG-1,residual,bulk,-0.04679840330093625,0.018921506250114756,0.2461177768825942
GSM7791001_GTGATGTTCGACATTG-1,residual,ciliated,1.4425268148997474,0.010858253837693545,-0.11673714198679602
GSM7791001_GTGCACGAGAGGCCAT-1,residual,bulk,0.14606322500440813,0.010061994810552317,-0.0643620324200101
GSM7791001_GTGCACGCAAGACTGG-1,residual,bulk,-0.034618927637736,0.008760116245347126,-0.11809660759436397
GSM7791001_GTGCACGCACAAGGTG-1,residual,bulk,0.2477688259548611,0.009872270332281366,-0.1932001124872128
GSM7791001_GTGCACGCAGGACGAT-1,residual,bulk,-0.09708946409679595,0.006574034099382629,-0.09626731601945579
GSM7791001_GTGCACGGTCTGGTTA-1,residual,bulk,-0.16973697117396763,0.019718033707560565,0.29251067803775954
GSM7791001_GTGCACGGTTATGGTC-1,residual,bulk,-0.12398963928222656,0.025759352559318046,0.44548879366871774
GSM7791001_GTGCAGCGTACCGCGT-1,residual,bulk,-0.05544584001813616,0.022610125399867263,0.6094329169321218
GSM7791001_GTGCAGCGTCTGTGTA-1,residual,ciliated,1.8394740150088358,0.011006201134716358,-0.06195052815767805
GSM7791001_GTGCAGCTCCACGGGT-1,residual,ciliated,0.6948345844329349,0.011054095458379872,-0.1437332077633115
GSM7791001_GTGCGTGGTGAATATG-1,residual,bulk,-0.017556207861219128,0.012346293471579336,0.21079595092514838
GSM7791001_GTGCTGGCACTTGACA-1,residual,bulk,-0.10336832841237385,0.01654944606814463,-0.03442281059210874
GSM7791001_GTGCTGGGTATTCCGA-1,residual,bulk,0.08360220666915652,0.012050291031187557,-0.01667915543567361
GSM7791001_GTGCTTCCAGAATGTA-1,residual,bulk,-0.11330674462848239,0.013173899317365683,0.048936279115231365
GSM7791001_GTGCTTCTCTAACGCA-1,residual,bulk,-0.02255290667215981,0.008995525616120412,-0.050457416817585726
GSM7791001_GTGGAGACATACGCAT-1,residual,ciliated,1.7422281029110864,0.020698760997568472,0.09630487937658222
GSM7791001_GTGGCGTAGACATATG-1,residual,bulk,-0.1347265425182524,0.01076118108073299,-0.17217950213978966
GSM7791001_GTGGCGTAGACTTGTC-1,residual,bulk,-0.2127563694545201,0.019623647889460586,-0.26470561576521584
GSM7791001_GTGGCGTCAATCCAGT-1,residual,ciliated,0.8662802342006138,0.020113077467188118,0.480735947006345
GSM7791001_GTGGCGTCAATTGTGC-1,residual,bulk,-0.08975975581577846,0.020904086538351258,0.40720823157106584
GSM7791001_GTGGCGTGTCCAAGAG-1,residual,bulk,0.07161519913446336,0.017509861069785394,0.35027467387716893
GSM7791001_GTGGCGTGTGCATCTA-1,residual,bulk,-0.01626905176374646,0.013141602140105681,-0.12516893230269296
GSM7791001_GTGGGAATCATGGCCG-1,residual,bulk,0.02150501387459891,0.02214601911451752,0.3475780930525504
GSM7791001_GTGGTTAGTGAGTTGG-1,residual,bulk,0.12315954995533779,0.006856461600979663,-0.1589688381933947
GSM7791001_GTGGTTATCCTACACC-1,residual,bulk,-0.20307268415178573,0.01680659253433037,0.07089779069431319
GSM7791001_GTGTAACCACAATGAA-1,residual,bulk,0.046128068651471815,0.01165358143178138,-0.04546460233767506
GSM7791001_GTGTAACCACCAGACC-1,residual,bulk,0.13396747952415833,0.005066518558427703,-0.07727087854069221
GSM7791001_GTGTGGCAGGGAGATA-1,residual,bulk,-0.16074261256626673,0.02001719411898892,0.3106583812528611
GSM7791001_GTGTTAGGTTACAGCT-1,residual,bulk,-0.06817971861551678,0.017760506557839704,0.18107028785441248
GSM7791001_GTTACAGAGCATGCAG-1,residual,bulk,-0.08041389465332031,0.027264573203413748,0.48442368980358874
GSM7791001_GTTACAGAGGGAGATA-1,residual,bulk,-0.09146264212472098,0.019288760043260605,0.320863356730241
GSM7791001_GTTACAGAGGTAAGGA-1,residual,bulk,-0.03087480272565568,0.005706220059241906,-0.1980059329421646
GSM7791001_GTTACCCGTGCAACAG-1,residual,bulk,-0.026707508147708947,0.010181885799281585,-0.07496210935690305
GSM7791001_GTTACGAAGCAGCCTC-1,residual,bulk,-0.1871728273043557,0.006267988488405489,-0.0813545285081012
GSM7791001_GTTACGAGTGAACTAA-1,residual,bulk,0.18286192848568872,0.020394185492557594,0.4298982966164683
GSM7791001_GTTACGATCGTCTCAC-1,residual,bulk,0.04418164101857988,0.008256947897297692,-0.09699515617997702
GSM7791001_GTTAGACTCATGAAAG-1,residual,bulk,-0.12996312822614398,0.02201827400213705,0.36729069697350286
GSM7791001_GTTAGTGCAGAAATTG-1,residual,bulk,-0.0705703353881836,0.012296435495340059,0.14026055032102425
GSM7791001_GTTAGTGGTGACTCTA-1,residual,bulk,-0.04262046745845249,0.008696447556026509,-0.08442380465576445
GSM7791001_GTTAGTGTCACCTGTC-1,residual,bulk,0.19389064516339982,0.007965367173816202,-0.09958570742396577
GSM7791001_GTTCATTAGTGCGCTC-1,residual,bulk,-0.1745917686583504,0.006798710543238169,-0.17534836008798851
GSM7791001_GTTCATTCAAGACGAC-1,residual,bulk,0.08890881122104706,0.021929645822308767,0.37511542470189657
GSM7791001_GTTCCGTAGGAAGTGA-1,residual,bulk,0.19164938124399336,0.02007820579224813,0.40289824555549214
GSM7791001_GTTCCGTAGTCCCAAT-1,residual,bulk,-0.0937129667070177,0.0077630471393479355,-0.018156027487253014
GSM7791001_GTTCGCTAGGGAGGAC-1,residual,bulk,-0.18357009887695314,0.013901732192150065,0.1267297531295224
GSM7791001_GTTCGCTAGTCCCAAT-1,residual,bulk,0.008992303742302782,0.01901916371458094,0.3758898040743057
GSM7791001_GTTCGCTAGTGCACCC-1,residual,bulk,-0.059088787427024225,0.007859484445627849,0.03935234106339765
GSM7791001_GTTCGCTTCAAGCCGC-1,residual,bulk,-0.09793173282865497,0.006785848531629639,-0.1960127333076829
GSM7791001_GTTCTATAGCACTCAT-1,residual,bulk,0.13681901538182817,0.02036446583595187,0.3812662944547142
GSM7791001_GTTCTATAGGTTGACG-1,residual,bulk,0.051146660986400805,0.02176593335789925,0.3798224106839295
GSM7791001_GTTCTATGTAGCTTTG-1,residual,bulk,0.01863051414489747,0.006110642355158069,-0.11015982241393586
GSM7791001_GTTCTATGTCCGGTGT-1,residual,bulk,-0.053196562661065,0.01932187003242752,0.2553313000949597
GSM7791001_GTTGAACAGCATCTTG-1,residual,bulk,-0.03865876969837004,0.008044741835689885,-0.10705312715418727
GSM7791001_GTTGCGGGTTATTCTC-1,residual,bulk,-0.04429687643808031,0.015071265990565737,0.11715159566420856
GSM7791001_GTTGCTCCAAGCACAG-1,residual,bulk,-0.19697662353515624,0.023781872121155595,0.3329185153053116
GSM7791001_GTTGCTCCAGGCATGA-1,residual,bulk,-0.08369579754178487,0.012162316064288772,-0.014932604595330133
GSM7791001_GTTGCTCGTACGAGTG-1,residual,bulk,0.06293151567852687,0.010587628377450989,-0.16407821565193662
GSM7791001_GTTGCTCTCTCACTCG-1,residual,bulk,0.14799145812080022,0.02223023919015518,0.5857631842379081
GSM7791001_GTTGTCCGTCTCGGAC-1,residual,bulk,-0.07464225133260091,0.007351383586178804,-0.025896702060936097
GSM7791001_GTTGTGAAGGTATTGA-1,residual,bulk,-0.029668887229192822,0.01652721347061533,0.22905774544000954
GSM7791001_GTTGTGACAGCAATTC-1,residual,bulk,0.03867319879077728,0.018348547333351718,0.44688800551300417
GSM7791001_GTTGTGAGTGCGGTAA-1,residual,bulk,-0.009496185211908259,0.019822921867261062,-0.08439489363459649
GSM7791001_GTTGTGAGTTCGGTAT-1,residual,bulk,-0.005085803440638942,0.0083638172099147,-0.1640332801189332
GSM7791001_GTTGTGATCCCAATAG-1,residual,bulk,-0.1875884791782924,0.013062823131609048,0.06605851872640528
GSM7791001_TAACACGCACATACGT-1,residual,bulk,0.011761269645085448,0.004733674798272914,-0.1102959975452662
GSM7791001_TAACACGCACTGAGTT-1,residual,bulk,-0.08406528594001891,0.008788298862689647,-0.07549345991322065
GSM7791001_TAACCAGAGGCCCACT-1,residual,bulk,-0.0764209965297154,0.018462608695250172,0.43807154491860906
GSM7791001_TAACCAGCAGAATTCC-1,residual,bulk,0.08155344433254666,0.026293914874521263,0.34265993901174097
GSM7791001_TAACGACTCCATCCGT-1,residual,bulk,0.49490979815286307,0.015168920802249687,0.453569882261253
GSM7791001_TAACTTCAGCGACATG-1,residual,bulk,0.00929153442382813,0.02264231969623533,0.1969613589295402
GSM7791001_TAAGCACGTCCCTGTT-1,residual,bulk,-0.05895558130173456,0.012524097317328816,-0.01944067798211231
GSM7791001_TAAGCACTCTATTCGT-1,residual,bulk,-0.09613450186593192,0.024900990975789395,0.4636415087372162
GSM7791001_TAAGCCAAGCATTTCG-1,residual,bulk,0.08055635497683572,0.02676665352471854,0.4774125988950968
GSM7791001_TAAGCCAGTGCATCTA-1,residual,bulk,-0.16564688958818952,0.011070769610615712,-0.07131314696474292
GSM7791001_TAAGCCAGTTGACTAC-1,residual,bulk,-0.033606051793174135,0.012908532072975841,-0.017207503745910152
GSM7791001_TAAGCCATCGCTCCTA-1,residual,ciliated,0.7183135959080287,0.02132918315954279,0.42287109417395585
GSM7791001_TAAGCGTAGCACTCCG-1,residual,bulk,0.09316774277460005,0.008324524464391608,-0.1306935440714194
GSM7791001_TAAGCGTCAGGTTCGC-1,residual,bulk,0.1637654648129902,0.018524813494784017,0.5124613575824719
GSM7791001_TAAGTCGCAGAGTAAT-1,residual,bulk,0.08229662335108198,0.009669260714445772,-0.0007893144711205374
GSM7791001_TAAGTCGCAGCCCAGT-1,residual,bulk,-0.03448439416431247,0.023562502811885835,0.33269826470406155
GSM7791001_TAAGTCGGTTATCTGG-1,residual,bulk,0.09054916987343437,0.016709197943622286,0.12090203208169818
GSM7791001_TAATCTCAGAGTCAGC-1,residual,bulk,-0.053971906389508925,0.01717046865560477,0.4999760486746387
GSM7791001_TAATCTCAGCTCCATA-1,residual,ciliated,0.7311454167441717,0.025346511382749935,0.235066561101697
GSM7791001_TAATCTCCAGGCCCTA-1,residual,bulk,-0.06653709267813063,0.02115772018694991,0.2973718218541537
GSM7791001_TAATCTCTCCGATAAC-1,residual,bulk,0.0689464827946254,0.009869567022006578,-0.03578104616538528
GSM7791001_TAATTCCCACACAGCC-1,residual,bulk,-0.08477304685683476,0.00841332534521961,-0.2014159121618348
GSM7791001_TACAACGAGCGAGTAC-1,residual,bulk,0.014320075776841884,0.007855249658446386,-0.15787565423947308
GSM7791001_TACAACGCACTCATAG-1,residual,bulk,0.12317489843519906,0.025144825878871426,0.5245897801327125
GSM7791001_TACAACGCATCAGTGT-1,residual,ciliated,1.2374724675738622,0.01639513242637604,-0.1547617993893935
GSM7791001_TACAACGGTCGATTAC-1,residual,bulk,-0.08755047934395926,0.02281921729329559,0.5129080601814252
GSM7791001_TACACCCCACGCCAGT-1,residual,bulk,-0.004812779426574709,0.010214249759372863,-0.07864564808807777
GSM7791001_TACACCCGTCAACCAT-1,residual,bulk,0.10161387632763576,0.022880804990979504,0.36794769643994
GSM7791001_TACACCCGTTGCTCGG-1,residual,bulk,-0.13081067774030897,0.009447922762057361,0.033632021784181405
GSM7791001_TACAGGTTCCGGACGT-1,residual,ciliated,1.7097382282075428,0.009469433428446295,-0.08957442821741156
GSM7791001_TACATTCAGAGATTCA-1,residual,bulk,-0.05137925284249442,0.01581125152754553,0.4956595798624219
GSM7791001_TACATTCAGCCATTCA-1,residual,bulk,0.12344269056168813,0.011209837120112623,-0.15704664160045034
GSM7791001_TACATTCCAGCGCGTT-1,residual,bulk,0.07505562479533848,0.009263667999351913,-0.08730249323219154
GSM7791001_TACATTCTCCCGTGAG-1,residual,bulk,0.08812131715199305,0.009774044959018662,0.10318206394722217
GSM7791001_TACCCACAGCGCCGTT-1,residual,bulk,0.4202685228983561,0.012694193847059105,-0.02718642213493857
GSM7791001_TACCCACCAGAGTTCT-1,residual,ciliated,0.9893741880144392,0.009247832952299693,-0.25740413385822986
GSM7791001_TACCCACGTCGCTCGA-1,residual,bulk,0.1715476335797991,0.014051305457298756,0.4266680349816278
GSM7791001_TACCCACTCACAGAGG-1,residual,bulk,-0.014705060247390975,0.02473250240402034,0.33331289857764446
GSM7791001_TACCGAAGTGCAGTGA-1,residual,bulk,-0.09079017639160156,0.02476087615075099,0.5015749155063606
GSM7791001_TACCGAATCCTCATAT-1,residual,bulk,0.05492067215934632,0.010149741961825354,-0.06734084546980801
GSM7791001_TACCGAATCGGCCAAC-1,residual,bulk,-0.03421679527040511,0.0066398938231789755,-0.07284644859019436
GSM7791001_TACCGGGAGCATATGA-1,residual,bulk,0.3084616615658714,0.012783881812768674,-0.08782988265535514
GSM7791001_TACCGGGGTCGCCACA-1,residual,bulk,-0.1465573754007854,0.01976391019657993,0.14855978919392482
GSM7791001_TACCGGGTCAAGCGTT-1,residual,ciliated,0.921259629385812,0.018733362451237155,0.5184405688724405
GSM7791001_TACCTCGCAAATGAGT-1,residual,bulk,-0.14296324544482764,0.01566446911425108,0.06303466282390348
GSM7791001_TACCTGCCAAACCGGA-1,residual,bulk,0.11592290832882837,0.00660460374977594,-0.004662039025930962
GSM7791001_TACGGGCGTCATCCCT-1,residual,bulk,-0.08779155201382108,0.01831300308982639,0.26545258708576847
GSM7791001_TACGGGCGTCTAGATC-1,residual,bulk,-0.08176156180245536,0.008686144300030186,-0.22085357672003825
GSM7791001_TACGGGCGTTTACACG-1,residual,bulk,-0.02033077875773112,0.008988203074949993,-0.04002792531254724
GSM7791001_TACGGTATCGTAACCA-1,residual,bulk,-0.07910571484338672,0.007084119315148052,-0.07957923053279913
GSM7791001_TACGTCCTCTTCTTCC-1,residual,bulk,-0.17573432763417562,0.015264619363016842,-0.10689131943057176
GSM7791001_TACTGCCCAACTCGAT-1,residual,bulk,0.08038770478869245,0.00943891005618067,-0.10905567601555768
GSM7791001_TACTGCCCATGATCTG-1,residual,bulk,0.14540998156108556,0.010656989837287181,-0.01516009002249809
GSM7791001_TACTTACAGGGAGGGT-1,residual,ciliated,1.3277674326820978,0.01040386083903137,-0.1553150730817748
GSM7791001_TACTTACAGGTATAGT-1,residual,bulk,-0.17377982646699935,0.013294235138514212,-0.006626362289803794
GSM7791001_TACTTCAAGAGATCGC-1,residual,bulk,0.42115988716246583,0.020708735674875467,0.44377339858576553
GSM7791001_TACTTCAGTGTTGATC-1,residual,bulk,0.017782749902634398,0.012645181710281398,-0.03378328180529188
GSM7791001_TACTTCATCATTCTTG-1,residual,bulk,0.4581249945504325,0.021324257082095,0.2357748390137646
GSM7791001_TACTTGTTCTCCCAAC-1,residual,bulk,0.030816075764005135,0.007325283780923068,-0.09332567278799957
GSM7791001_TAGACCAGTGAGCAGT-1,residual,bulk,-0.04203848778255401,0.020967352010901823,0.3311498399401959
GSM7791001_TAGACTGGTCCAGCAC-1,residual,bulk,0.26653010353209483,0.013574054397673502,0.007326742197613852
GSM7791001_TAGACTGGTTAGGGTG-1,residual,bulk,-0.0015536580766950525,0.005707939182430766,-0.15717492983239797
GSM7791001_TAGACTGTCTCTATAC-1,residual,ciliated,1.3721652839297338,0.010499896154339397,-0.032745503220529805
GSM7791001_TAGAGTCCATACTGTG-1,residual,bulk,-0.1446205030168806,0.01667199900047489,-0.008744778038149634
GSM7791001_TAGAGTCGTACAGTCT-1,residual,ciliated,1.3037533036489335,0.015088652015519646,0.2476253500020743
GSM7791001_TAGATCGAGTGCTCAT-1,residual,bulk,-0.06382293701171875,0.017206778644549857,0.5296215125521654
GSM7791001_TAGATCGCACACGGAA-1,residual,bulk,-0.006685060319446379,0.009764437172527294,-0.10985461081166852
GSM7791001_TAGCACACAATCAGCT-1,residual,bulk,0.07226731088426375,0.009050011357477347,-0.17402011488003752
GSM7791001_TAGCACATCGCCATAA-1,residual,bulk,-0.044974626813616074,0.019353373022026714,0.5438576710832781
GSM7791001_TAGGGTTTCCGTAGTA-1,residual,bulk,-0.16576482500348771,0.016293403294836008,0.22117683075508823
GSM7791001_TAGGTACCACATTCGA-1,residual,bulk,0.09954760551452638,0.020995289223500885,0.3589830783853412
GSM7791001_TAGGTACGTCTGTAGT-1,residual,bulk,-0.06866267613002233,0.018088901528665966,0.07276985613300735
GSM7791001_TAGGTTGCAAGAGGTC-1,residual,bulk,-0.03395257253495476,0.005032485417545878,-0.13544953078471283
GSM7791001_TAGGTTGCACAGTGAG-1,residual,bulk,-0.03144876464964852,0.006765639217099703,-0.13132588777503465
GSM7791001_TAGGTTGCAGCGAACA-1,residual,bulk,0.12017978849865141,0.019927447649489415,0.1618888599438917
GSM7791001_TAGTGCAAGCCATTGT-1,residual,bulk,-0.012399617982289168,0.010350079509989991,0.001562478977445875
GSM7791001_TATATCCAGCGTCGAA-1,residual,bulk,-0.1811900874546596,0.016540526824975896,0.14045754816138553
GSM7791001_TATATCCCAGCGATTT-1,residual,bulk,-0.06741442544119698,0.015838198191504196,0.2905193529635307
GSM7791001_TATATCCGTCCGTTTC-1,residual,bulk,-0.15919699123927525,0.010900406240899975,-0.043607063832772755
GSM7791001_TATATCCGTTGTGCCG-1,residual,ciliated,0.9083200763520741,0.017319998273256747,0.10836830570509216
GSM7791001_TATCAGGCATTGACAC-1,residual,bulk,-0.24102543422154019,0.019978581557657256,0.22652605980314322
GSM7791001_TATCCTAAGCGAATGC-1,residual,bulk,0.051509931201026565,0.018844945212868478,0.3089324281299738
GSM7791001_TATCCTAAGGGCAACT-1,residual,bulk,0.022952834386674198,0.010802830459837768,-0.029406723738355362
GSM7791001_TATCTGTCAGAACTTC-1,residual,bulk,0.36865460713704434,0.023180315030110546,0.1668934052162894
GSM7791001_TATCTGTTCAGGACAG-1,residual,bulk,0.03272081844390384,0.010459040252875945,-0.23740624043400105
GSM7791001_TATCTTGCATTCAGGT-1,residual,bulk,0.01207086971827917,0.015812012114804336,0.09387945409407619
GSM7791001_TATCTTGGTCTACAGT-1,residual,bulk,0.04023359041365365,0.007619025082051334,-0.12065094153839978
GSM7791001_TATTGGGCAAGTCCAT-1,residual,bulk,0.26720869064331054,0.007659117764026997,-0.16756375597757886
GSM7791001_TATTGGGCATGGCTAT-1,residual,bulk,0.1196796038794139,0.010149491207498232,-0.026330000735350478
GSM7791001_TATTGGGGTGCTCTCT-1,residual,bulk,-0.01387453518216572,0.03240412574588428,-0.2832878808183709
GSM7791001_TATTTCGAGCCTTGAT-1,residual,bulk,-0.14361097063337053,0.024940296755480887,0.32887255002794524
GSM7791001_TCAAGACAGAGAGTTT-1,residual,bulk,-0.18655881609235492,0.019507708699331848,0.16181073061618798
GSM7791001_TCAAGACTCTGGTTGA-1,residual,bulk,-0.05188528878348214,0.019391809283090828,0.633154051152708
GSM7791001_TCAAGCACAACTGATC-1,residual,bulk,0.318562745593843,0.027861593571961336,0.49402254646368093
GSM7791001_TCAAGCAGTAGGACTG-1,residual,bulk,-0.08668701701694065,0.006463921196319107,-0.2375838490427621
GSM7791001_TCAAGCAGTATCACGT-1,residual,bulk,-0.022684900420052667,0.01342038695253888,0.11117522257168987
GSM7791001_TCAAGTGAGACTCAAA-1,residual,bulk,0.1319590807717944,0.007722469769472201,-0.061421267775131266
GSM7791001_TCAAGTGGTGATTGGG-1,residual,bulk,0.3330311990162683,0.02105872627563489,0.17915518231971386
GSM7791001_TCAAGTGTCGACATTG-1,residual,bulk,-0.1600046103341239,0.022109653512072443,0.24470054237262254
GSM7791001_TCAATCTAGATGCTAA-1,residual,bulk,-0.0007144605545770233,0.008047586588286174,-0.006951721549858912
GSM7791001_TCAATCTCAACAGCTT-1,residual,bulk,0.14070289248511905,0.015032210949777814,0.38817200438131716
GSM7791001_TCAATTCAGTCATGGG-1,residual,bulk,-0.11224931323339069,0.007475604881119905,-0.13523065231879347
GSM7791001_TCACAAGGTCGAAGCA-1,residual,bulk,-0.09408960614885603,0.01915666384395581,0.5632418715883808
GSM7791001_TCACAAGTCTCGCAGG-1,residual,bulk,-0.11817351205008371,0.02072825044114403,0.2861566375112436
GSM7791001_TCACACCAGGCTGAAC-1,residual,bulk,0.15561621120997837,0.022174464183446325,0.46386392692772926
GSM7791001_TCACACCTCGCATGAT-1,residual,bulk,-0.13083999796519205,0.010235195900424177,-0.021048195637430808
GSM7791001_TCACACCTCGGCATCG-1,residual,bulk,-0.011989019787500776,0.011483182410806219,0.0012359203165728063
GSM7791001_TCACATTAGATCACTC-1,residual,bulk,0.1722877281431168,0.006544825364847912,-0.2255934980622306
GSM7791001_TCACATTTCCTCATAT-1,residual,bulk,-0.04928580026777962,0.007491602653482796,-0.16579308160740064
GSM7791001_TCACATTTCGCTGTCT-1,residual,bulk,-0.1504034320134965,0.0258721666774413,0.3148679039904836
GSM7791001_TCACGCTAGCACCCAC-1,residual,bulk,-0.013525636839488181,0.025868964998808634,0.43501009508569494
GSM7791001_TCACTATAGCAACTTC-1,residual,bulk,-0.20029644763658916,0.009462442325087922,-0.026912910445902882
GSM7791001_TCACTATAGGCCTGCT-1,residual,bulk,-0.03987409440297929,0.008430987697701836,-0.17539656067087334
GSM7791001_TCACTCGGTAGTATAG-1,residual,bulk,-0.017644700095767102,0.007367936125891868,-0.07454755398986941
GSM7791001_TCAGCAAAGCAGCAGT-1,residual,ciliated,1.1773046342153397,0.007655495098180923,0.04876967369245799
GSM7791001_TCAGCAACAAGCAGGT-1,residual,bulk,-0.06184456969064378,0.014369736243814348,-0.12733503412420344
GSM7791001_TCAGCAAGTGAGCAGT-1,residual,bulk,0.010706632402208122,0.019455270828249376,0.21317177768959444
GSM7791001_TCAGCCTCATCCGGCA-1,residual,bulk,-0.05172225407191685,0.026912926293660003,0.6060656131460944
GSM7791001_TCAGGGCAGGCAATGC-1,residual,bulk,0.005797327132452124,0.008592864807277634,-0.24474295653167752
GSM7791001_TCAGGGCAGGCAGTCA-1,residual,bulk,-0.13672708783830914,0.0209599047677275,0.2483274747896493
GSM7791001_TCAGGTACACTGTGTA-1,residual,bulk,-0.0035276954893082024,0.010781025369191049,-0.11993085147597687
GSM7791001_TCAGGTAGTCTAACTG-1,residual,bulk,-0.062479864415668315,0.01543973272150037,0.13658554181831142
GSM7791001_TCAGTCCAGTCGGGAT-1,residual,bulk,-0.18099515642438616,0.022101015008133423,0.34007986139743923
GSM7791001_TCAGTCCCAATTGGTC-1,residual,bulk,-0.021874680064973367,0.006440784577456008,-0.16276904597621505
GSM7791001_TCAGTCCTCAGGAAGC-1,residual,bulk,-0.022610719998677573,0.020016369264568304,0.2630629485477877
GSM7791001_TCAGTTTAGCTGAGTG-1,residual,bulk,-0.06537409752134293,0.006957293036035026,-0.12471264304192434
GSM7791001_TCAGTTTAGTATAGAC-1,residual,bulk,-0.10319903782435826,0.024555800021302893,0.47892337563615467
GSM7791001_TCAGTTTCAGCTCCTT-1,residual,bulk,0.27179573392111156,0.02950474046604138,0.3314762679502899
GSM7791001_TCAGTTTGTCCGTTTC-1,residual,bulk,0.018154988970075336,0.008383419254894674,-0.16314717037242743
GSM7791001_TCAGTTTGTTATTCCT-1,residual,bulk,-0.1664351763044085,0.022641476898779066,0.2855494691824793
GSM7791001_TCATATCGTGTTGATC-1,residual,bulk,-0.13852824695526608,0.006700160277117558,-0.18446122689865427
GSM7791001_TCATCATCAGCGACCT-1,residual,bulk,-0.11704838344029019,0.016575399894223,0.2688043158531534
GSM7791001_TCATCCGGTCGTTGGC-1,residual,bulk,0.05372408473302448,0.007060403492049469,-0.19009916261076845
GSM7791001_TCATGAGCAAGAGTTA-1,residual,ciliated,0.8150153199453202,0.014579149995888671,0.3266120213372964
GSM7791001_TCATGAGCAGGGCTTC-1,residual,bulk,-0.14557383946010044,0.020292723259776317,0.36463373860332055
GSM7791001_TCATGAGTCAGATTGC-1,residual,bulk,-0.0172492956358289,0.014273930580325259,0.17467114424004082
GSM7791001_TCATGCCCAGCGTAGA-1,residual,bulk,0.00412809440067835,0.01756905792013015,0.142858136743369
GSM7791001_TCATGCCGTCGTATTG-1,residual,bulk,-0.06238601707276842,0.00952729632809293,-0.07407503117833542
GSM7791001_TCATGGAAGCGAGGAG-1,residual,bulk,0.09202293592786032,0.009230113311310474,-0.15839950599760322
GSM7791001_TCATGGAAGTGATAGT-1,residual,bulk,-0.11897250584193639,0.018644627209667298,0.30762117163594577
GSM7791001_TCATGGATCACCGCTT-1,residual,bulk,-0.03962613620455305,0.013215242228518217,0.08472367320870873
GSM7791001_TCATGGATCCAAGCCG-1,residual,bulk,-0.08048432418278284,0.012019786028204537,-0.052987654702445944
GSM7791001_TCATGTTTCGACCAAT-1,residual,bulk,-0.15503905640708077,0.009518601721133755,-0.17897248617904093
GSM7791001_TCATTCAAGTTCGGTT-1,residual,bulk,-0.07687248835487973,0.007754175757771108,-0.1929729704896415
GSM7791001_TCATTCAGTCCTTAAG-1,residual,bulk,0.005795539674304767,0.010116991023572228,-0.09215002325452036
GSM7791001_TCATTGTCAACTGCTA-1,residual,bulk,-0.13448495565898835,0.008454787623561786,-0.0921719136451128
GSM7791001_TCATTGTCATAGGTAA-1,residual,bulk,-0.05972551875644261,0.008284042422725334,-0.07620008942805574
GSM7791001_TCATTGTGTCTTGCGG-1,residual,bulk,-0.11341154915945871,0.01927174789234101,0.4267095984912555
GSM7791001_TCATTTGGTGCAATAA-1,residual,bulk,-0.08940821019430009,0.021211864272933683,0.22726144146520294
GSM7791001_TCCACCAAGCCTGTCG-1,residual,bulk,-0.008017808520604686,0.0086549249753412,-0.15279236902992263
GSM7791001_TCCACCACACTGCACG-1,residual,bulk,0.06388215927850632,0.0055295505239436014,-0.1542540753733667
GSM7791001_TCCACCAGTGGCTGCT-1,residual,bulk,-0.07307081105217103,0.021250496470721497,0.29803264183211514
GSM7791001_TCCACCATCAGGTAAA-1,residual,bulk,0.01617779383583673,0.008810512373647224,-0.0784858217228713
GSM7791001_TCCACGTCATGGAACG-1,residual,bulk,-0.1370418003627232,0.023044611056869287,0.3540788032127951
GSM7791001_TCCACGTTCTTTGATC-1,residual,ciliated,0.9672857871888176,0.026028089693997173,0.365272172771097
GSM7791001_TCCAGAAAGAATCGTA-1,residual,ciliated,1.7648444027370878,0.010121876172201156,-0.13764809938051886
GSM7791001_TCCAGAATCGACACCG-1,residual,bulk,-0.16282665112661937,0.009122220934997876,-0.10450044801622886
GSM7791001_TCCATCGTCTGTCCCA-1,residual,bulk,-0.033880049387613936,0.01414799534726427,-0.06647522452785358
GSM7791001_TCCATGCAGGTGCGAT-1,residual,bulk,0.4113158852713449,0.018310241980342454,0.2587570834013039
GSM7791001_TCCATGCCATTGGATC-1,residual,bulk,-0.09624483267466225,0.006278172319135025,-0.26087552009364345
GSM7791001_TCCATGCGTTCATCTT-1,residual,bulk,0.05811342428600978,0.02317590451871325,0.4937102813949129
GSM7791001_TCCCACACACGACCTG-1,residual,bulk,-0.03971799562847805,0.016174785977297015,-0.06085382708612843
GSM7791001_TCCCAGTGTAGTCACT-1,residual,bulk,-0.1271207754952567,0.01411178246517437,0.1502384260515786
GSM7791001_TCCCATGAGGCATCAG-1,residual,bulk,0.011715439690483942,0.020641509612665296,0.11568153032969951
GSM7791001_TCCGAAAAGTCAGCGA-1,residual,bulk,0.043511727196829664,0.02281319088699661,0.274069852839151
GSM7791001_TCCGAAACAGAAGTGC-1,residual,bulk,-0.05883434295654297,0.018535032953116478,0.5367246739175006
GSM7791001_TCCGATCTCCGCTGTT-1,residual,ciliated,1.8228475940038287,0.0075713434174726575,-0.07392871664781085
GSM7791001_TCCGGGAAGCCTCTCT-1,residual,bulk,-0.060777895942566884,0.015164109217769178,-0.034697847809247534
GSM7791001_TCCGGGACAGTGAGCA-1,residual,ciliated,1.6235846068367126,0.01183989402127688,-0.10748974130316544
GSM7791001_TCCGTGTCATTCACCC-1,residual,bulk,-0.13403489249093192,0.01755667731274259,0.2784069730346451
GSM7791001_TCCTAATAGTCAGCCC-1,residual,bulk,-0.0187748222502451,0.019630856681944378,0.30656217868805435
GSM7791001_TCCTAATCACGAGGAT-1,residual,bulk,-0.16772417340959822,0.023672306437549147,0.39607626052192996
GSM7791001_TCCTAATCATCATCCC-1,residual,bulk,-0.16033363342285156,0.016254247870067014,0.09356779424716836
GSM7791001_TCCTCCCAGGAAAGTG-1,residual,bulk,0.0533107594838218,0.024463055078656995,0.514903293570745
GSM7791001_TCCTCCCTCGCTTGCT-1,residual,bulk,-0.19867355346679688,0.02184839925696513,0.336551639185103
GSM7791001_TCCTCGACATCACAGT-1,residual,bulk,-0.0576964606936016,0.010342734525640003,-0.04376450996864887
GSM7791001_TCCTCTTCAAGATGGC-1,residual,bulk,-0.09175813304053415,0.006701610655324389,-0.17750583978170784
GSM7791001_TCCTCTTCACCTCGTT-1,residual,bulk,0.08002565732077949,0.02221468473229307,0.19797229460628757
GSM7791001_TCCTGCAAGGTTGGTG-1,residual,bulk,-0.024924696362207788,0.008506028715842483,-0.1477828791244138
GSM7791001_TCCTGCAGTGTCCTAA-1,residual,bulk,0.3344987230452281,0.006871811514667018,0.05142650929548156
GSM7791001_TCCTTCTAGGCAGGGA-1,residual,ciliated,1.8855182126968626,0.013269585469288442,0.017236408448643565
GSM7791001_TCCTTCTGTCCGGACT-1,residual,bulk,0.014989394081963425,0.008865818257542932,-0.039136424214202006
GSM7791001_TCCTTCTGTGAGGAAA-1,residual,bulk,0.022589472967480817,0.008863642019738742,-0.10671357200768203
GSM7791001_TCGAACAAGTTGGCGA-1,residual,ciliated,1.2987931290883865,0.010192526280226514,-0.0885551283807539
GSM7791001_TCGAACACAACCGTAT-1,residual,bulk,-0.09217811523921907,0.02036905547989325,0.26395108266881334
GSM7791001_TCGAACATCAGAGCAG-1,residual,bulk,-0.1849517822265625,0.02036019839436741,0.2684300732316677
GSM7791001_TCGAAGTAGAGATGCC-1,residual,bulk,-0.050339239286997975,0.015303496255899695,-0.059746138172412366
GSM7791001_TCGAAGTAGGACGGAG-1,residual,bulk,-0.09928633553641183,0.020130243726697975,0.4876618973220032
GSM7791001_TCGAAGTCAAACACGG-1,residual,bulk,0.09979202149406313,0.0061369688180013485,-0.16520358989214054
GSM7791001_TCGAAGTGTCAGACTT-1,residual,bulk,0.037519631461491676,0.005532659251744413,-0.29387317536192664
GSM7791001_TCGACCTGTATAGCTC-1,residual,ciliated,1.0616226365831163,0.023232180922062515,0.13205995385422364
GSM7791001_TCGATTTCACTCTCGT-1,residual,ciliated,1.6757747868129185,0.01636629490556076,-0.052199002276651196
GSM7791001_TCGATTTCACTGTGAT-1,residual,bulk,0.04372503855871773,0.008944265694352678,-0.13452481611831288
GSM7791001_TCGATTTTCCGTGTGG-1,residual,bulk,-0.1825014465574234,0.007385031250131882,-0.01952376730479784
GSM7791001_TCGATTTTCGAGAATA-1,residual,bulk,-0.08407954624720983,0.022954603848354602,0.5206574375244534
GSM7791001_TCGATTTTCTCTCTAA-1,residual,bulk,-0.16718399835011316,0.014889669213043077,0.04336828293456312
GSM7791001_TCGCACTAGATTGGGC-1,residual,bulk,-0.10312935965401786,0.016712983626984448,0.4305721051843799
GSM7791001_TCGCACTCACGTCGGT-1,residual,bulk,-0.10510609233190144,0.009388633055923436,-0.2711063373738014
GSM7791001_TCGCACTCAGGATGAC-1,residual,bulk,-0.034867681056734115,0.019462921539785353,0.30612156487098874
GSM7791001_TCGCAGGTCAGCACCG-1,residual,bulk,-0.0442771846150595,0.01504451356778991,0.0794731374309624
GSM7791001_TCGCAGGTCATTATCC-1,residual,bulk,-0.18599496201863364,0.009790790066608048,-0.12040783502677999
GSM7791001_TCGCTCAAGGAGGGTG-1,residual,bulk,-0.09256330471190194,0.008355860600263396,-0.1382457307475927
GSM7791001_TCGCTCATCCTTCTTC-1,residual,bulk,0.2216504268040733,0.014805355552247754,0.3758485798711999
GSM7791001_TCGCTTGAGGATACGC-1,residual,ciliated,1.1254882891215974,0.010106590691810137,-0.07910009780919802
GSM7791001_TCGCTTGGTCGTAATC-1,residual,bulk,0.21455540884108773,0.008228120289642845,-0.10315019151497838
GSM7791001_TCGCTTGTCCGTACGG-1,residual,bulk,-0.0137894558528113,0.021823147692386677,0.28125597482307435
GSM7791001_TCGCTTGTCTCGCAGG-1,residual,bulk,0.008022427634587367,0.0216202119407758,0.27322534046652713
GSM7791001_TCGGATACAGTAGTTC-1,residual,bulk,-0.11254296439034599,0.024321130490494922,0.5710280731442274
GSM7791001_TCGGATACATTGACTG-1,residual,bulk,-0.1767457035609654,0.012538001207476801,-0.10321303068571308
GSM7791001_TCGGATAGTTGAATCC-1,residual,bulk,-0.18136716570172992,0.021966372373396433,0.2366500441036575
GSM7791001_TCGGGACAGATAGCTA-1,residual,bulk,0.04013466759333534,0.00901097262677974,-0.10866322175811205
GSM7791001_TCGGGACCAAAGCACG-1,residual,bulk,0.21122490761772034,0.008676589843337766,-0.23029730540515406
GSM7791001_TCGGGACGTGAGTAAT-1,residual,bulk,-0.13887657165527345,0.017968321956373046,0.1768406302081772
GSM7791001_TCGGGCACATGTGGCC-1,residual,ciliated,0.6380997012910389,0.0211857263191229,0.1729598616737051
GSM7791001_TCGGGTGCAACGCCCA-1,residual,bulk,-0.04049288795107889,0.009037692145092572,-0.14926688875113608
GSM7791001_TCGGGTGGTGAACGGT-1,residual,bulk,0.14603653271993003,0.020335980328067743,0.6089364008843771
GSM7791001_TCGGGTGTCAAGTAAG-1,residual,bulk,-0.027124403090704047,0.010652015246597191,-0.11933777640910402
GSM7791001_TCGGGTGTCTCGAGTA-1,residual,bulk,-0.09025428306488763,0.017992088934222866,0.2614307928575722
GSM7791001_TCGGTCTAGCTGGAGT-1,residual,bulk,0.07758924968658931,0.019669048757591092,0.22302089109337436
GSM7791001_TCGGTCTCATTGCCTC-1,residual,ciliated,1.3950328451489646,0.015678420843453833,-0.027367735914983173
GSM7791001_TCGTAGAAGCGCCCAT-1,residual,bulk,-0.06764835459845406,0.017555706095936135,0.1524382639886367
GSM7791001_TCGTAGAAGTCGGCAA-1,residual,bulk,-0.008702756942264578,0.006463302624967766,-0.207547899586931
GSM7791001_TCGTAGAGTACGCTTA-1,residual,bulk,-0.11225973946707589,0.017828609151999953,0.44795686028612575
GSM7791001_TCGTAGAGTCAACACT-1,residual,bulk,-0.09792215619768416,0.017507138997846814,0.3909504845470441
GSM7791001_TCGTAGAGTCCGGTCA-1,residual,ciliated,1.8900025273883154,0.014178652684998724,0.0022502950071550086
GSM7791001_TCGTAGAGTCTTGAGT-1,residual,ciliated,1.7567516302683999,0.016029106401157435,0.1958688115514234
GSM7791001_TCGTAGAGTGAGTCAG-1,residual,bulk,-0.04076111521039691,0.01998139913568739,0.2678021742383667
GSM7791001_TCGTAGATCGCTAATG-1,residual,bulk,0.024199146240476588,0.006561657780404717,-0.14101912894470425
GSM7791001_TCGTCCACATGACCCG-1,residual,ciliated,1.5330232051062207,0.023327824962492815,0.20315099540709766
GSM7791001_TCGTCCATCAAAGACA-1,residual,bulk,-0.12320067269461496,0.022579956344070683,0.39376070624809556
GSM7791001_TCGTCCATCCATCTAT-1,residual,bulk,0.4504243941534133,0.019458153200399637,0.26883766654457153
GSM7791001_TCGTCCATCCTCTCGA-1,residual,ciliated,1.2976037294902498,0.023930554553982995,0.33427672011096404
GSM7791001_TCGTGCTAGGCATGGT-1,residual,bulk,0.03663581674061123,0.01290928156605132,-0.15143811756474873
GSM7791001_TCGTGCTGTAACAGTA-1,residual,bulk,-0.13444244411256578,0.012019424867456321,-0.17048912010872364
GSM7791001_TCGTGCTTCGCCTTTG-1,residual,bulk,-0.09463994707380022,0.020186197301567392,0.4245139763843091
GSM7791001_TCTAACTCATTGACCA-1,residual,bulk,0.03457166838267492,0.012590599756921473,-0.09789728158345641
GSM7791001_TCTAACTGTGAATTGA-1,residual,bulk,0.1446330942426409,0.01268561461440985,-0.25070915364942414
GSM7791001_TCTACATAGGGTTAGC-1,residual,bulk,-0.12617737906319754,0.023561211576686506,0.4748202838527404
GSM7791001_TCTACATAGTTAGTGA-1,residual,bulk,0.0080578699566069,0.02011077615976663,0.34507174841747396
GSM7791001_TCTACATTCATGGCCG-1,residual,bulk,-0.15089965033152747,0.01289372814754705,-0.053769908686071094
GSM7791001_TCTACCGAGGTGGGTT-1,residual,bulk,-0.04111899572705466,0.015024813192029696,-0.006482043462355629
GSM7791001_TCTATACAGCGCATCC-1,residual,bulk,-0.10000138933696444,0.018064671995679116,0.27636432194338867
GSM7791001_TCTATACAGCGGGTAT-1,residual,ciliated,0.9980125233483692,0.019954750683282493,0.22678654136745077
GSM7791001_TCTATACCACGTCGGT-1,residual,bulk,-0.10916681562151227,0.02141524105930546,0.4137762927225644
GSM7791001_TCTATACGTGCCTTCT-1,residual,bulk,-0.09096797893917749,0.0191781022092794,0.20373107837918775
GSM7791001_TCTATACGTTGGATCT-1,residual,ciliated,1.5860360826764788,0.017397273524322365,-0.07766931404607995
GSM7791001_TCTCACGAGGGTCACA-1,residual,bulk,-0.05216642387329587,0.02616499412945392,0.2902913933304514
GSM7791001_TCTCACGCATTCTTCA-1,residual,bulk,0.026480152644808352,0.00640294174185771,-0.2620465642692324
GSM7791001_TCTCACGGTATCGTAC-1,residual,bulk,-0.06764795030866351,0.02609122438764794,0.35978465107333535
GSM7791001_TCTCACGTCCCATTTA-1,residual,bulk,-0.06394309603978718,0.011341651641486202,-0.1187521809799765
GSM7791001_TCTCTGGAGCGGTATG-1,residual,bulk,-0.03202642516484336,0.0217576736005778,0.2472586591870493
GSM7791001_TCTCTGGCACGTAGTT-1,residual,bulk,0.047508231117611835,0.017123291379085647,0.2624584146741422
GSM7791001_TCTGCCAAGCCTAGGA-1,residual,bulk,0.00645802664378331,0.006446307353161364,-0.1724864419347985
GSM7791001_TCTGTCGAGGCATGCA-1,residual,bulk,-0.048064763054015136,0.008820181957734905,-0.008441464961311703
GSM7791001_TCTGTCGGTTGTTGCA-1,residual,bulk,0.11601473497965978,0.018157509076278812,0.5113330982176448
GSM7791001_TCTTAGTCAACAGATA-1,residual,bulk,-0.07220350712064712,0.020371648506857874,0.13997210855673847
GSM7791001_TCTTAGTTCCATCACC-1,residual,ciliated,0.6705260443308997,0.014449190826297583,-0.07744102189699092
GSM7791001_TCTTCCTAGCATCGAG-1,residual,bulk,-0.10965809413364955,0.023726259357425863,0.47633478906143933
GSM7791001_TCTTCCTCATACCAGT-1,residual,bulk,-0.02139106493147591,0.0062179124899876155,-0.11901161656786177
GSM7791001_TCTTCCTGTCGTAATC-1,residual,bulk,0.13101823095291382,0.0072103731675954115,-0.2311383381763232
GSM7791001_TCTTCCTGTTCACGAT-1,residual,bulk,-0.0983616468641493,0.013485119639250948,0.05254808831683346
GSM7791001_TCTTCCTTCGCCTTGT-1,residual,bulk,-0.16106840905689057,0.007670793666333766,-0.10013559667129893
GSM7791001_TCTTCCTTCGGCTTGG-1,residual,bulk,0.033539359380328454,0.0223855425226017,0.2308494381995446
GSM7791001_TCTTGCGTCCGATAAC-1,residual,bulk,-0.07539272527846078,0.012385387501767441,0.0499963785799899
GSM7791001_TCTTTGAAGACCGCCT-1,residual,bulk,-0.023113595644632973,0.023564597489547152,0.3057061947148196
GSM7791001_TCTTTGAAGTCAATCC-1,residual,bulk,-0.1206748526436942,0.016159096707028222,0.3100345166252548
GSM7791001_TGAACGTGTACCTAGT-1,residual,bulk,0.23028813468085396,0.013493797212396673,0.05346933254883984
GSM7791001_TGAATCGCAACACGAG-1,residual,ciliated,0.8089424369448707,0.008888877553849301,-0.22040791024690262
GSM7791001_TGAATCGCACGTTCGG-1,residual,bulk,0.06685663465469605,0.009156201907096822,-0.11990119552772195
GSM7791001_TGAATCGGTATCCTTT-1,residual,bulk,-0.11150941031319754,0.02108709557982632,0.5073640054354217
GSM7791001_TGAATGCAGTTCCATG-1,residual,bulk,0.12919276509966168,0.013019928778671964,-0.1192452023214031
GSM7791001_TGACAGTAGAATTCAG-1,residual,bulk,-0.03268259722089012,0.013171453216817737,-0.1451056286104992
GSM7791001_TGACAGTAGTACTGGG-1,residual,bulk,-0.005192170067438995,0.0077923223466218544,-0.11828045835116588
GSM7791001_TGACCCTCAGGCACAA-1,residual,bulk,0.011120113039773616,0.013826485367249664,0.23232702462197916
GSM7791001_TGACCCTCATGCGGTC-1,residual,bulk,-0.16142368861607143,0.020894653792524847,0.23288279992134395
GSM7791001_TGACCCTTCGATGGAG-1,residual,bulk,0.004482831046694807,0.01016753626447833,-0.2434104225192256
GSM7791001_TGACCCTTCTTAGGAC-1,residual,bulk,0.2402353005182175,0.022811202345659108,0.2731186980495626
GSM7791001_TGACGCGCAACACTAC-1,residual,bulk,-0.09858089991978236,0.01761698105885313,0.2608531712593478
GSM7791001_TGACGCGGTTAAAGTG-1,residual,bulk,-0.07634232657296317,0.020724976816836087,0.3611903251999142
GSM7791001_TGACTCCGTACGATTC-1,residual,ciliated,0.9866748004489474,0.020709444451141267,0.12214159511178603
GSM7791001_TGACTCCGTAGGCTCC-1,residual,bulk,0.17792512136792377,0.011444600823511192,-0.08542034475110269
GSM7791001_TGACTCCGTTGTCTAG-1,residual,bulk,-0.05212616640423973,0.022486357889023822,0.26637822430027086
GSM7791001_TGACTCCTCGGAGCAA-1,residual,bulk,-0.17197616395496185,0.011017183556552807,-0.18864611119948113
GSM7791001_TGAGCATAGGTCGAGT-1,residual,bulk,0.4923903559124658,0.009202469606081011,-0.06523607871449234
GSM7791001_TGAGCATGTCAAAGAT-1,residual,bulk,0.06557204261658683,0.009895509349899584,0.03012527617589715
GSM7791001_TGAGCGCCATTGCTGA-1,residual,bulk,-0.1150268196681189,0.00840049696163945,-0.05807211774164216
GSM7791001_TGAGGAGCAAATGAAC-1,residual,bulk,-0.18565008980887276,0.024051860852698958,0.32258372129197727
GSM7791001_TGAGGAGCACTGAGGA-1,residual,bulk,0.3997846285502116,0.023817025729397315,0.31816212953454936
GSM7791001_TGAGGAGGTTATCCAG-1,residual,ciliated,0.5615473108443003,0.013435447773812116,-0.1289650725105353
GSM7791001_TGAGGGAAGGGCCCTT-1,residual,bulk,0.09376889940292116,0.00858127014347896,-0.21747209448284366
GSM7791001_TGAGGTTAGGATTTCC-1,residual,bulk,-0.10764759199959892,0.026200118124010376,0.2668144379634419
GSM7791001_TGAGGTTAGTAGACCG-1,residual,bulk,0.12450394562312535,0.01614266171183076,0.4938449655893634
GSM7791001_TGAGGTTGTTAAGGGC-1,residual,bulk,0.08849795508006261,0.009738882982871818,-0.08222794756085912
GSM7791001_TGAGTCACAGTTGGTT-1,residual,bulk,-0.17766767229352678,0.021137602438009617,0.3074106857327975
GSM7791001_TGATCAGAGCTCAGAG-1,residual,ciliated,1.5846278466118708,0.006880744637394464,-0.10578094468523115
GSM7791001_TGATCAGAGTGCGACA-1,residual,bulk,0.000989763169061575,0.01158685664460064,-0.2586585240745902
GSM7791001_TGATCAGGTGAAAGTT-1,residual,bulk,-0.15016075134277343,0.02129095396418361,0.2704067683224
GSM7791001_TGATCTTGTCACGTGC-1,residual,bulk,-0.1799771009172712,0.016881665051430746,0.25762739201349194
GSM7791001_TGATGCAGTTACCTGA-1,residual,ciliated,1.7427354770236545,0.008306660357997223,-0.005386721768399092
GSM7791001_TGATGCATCGAGATGG-1,residual,bulk,-0.05808146658397856,0.01561078906326434,-0.16198864796058848
GSM7791001_TGATGGTCAAACTCGT-1,residual,ciliated,1.5117694909232005,0.015356570654495819,-0.017699698188025786
GSM7791001_TGATGGTCAGCAGTGA-1,residual,bulk,-0.019674606323242187,0.021180555159655813,0.6118767019424505
GSM7791001_TGATTCTAGCCGATCC-1,residual,bulk,-0.22207017103830973,0.007525991290360225,-0.11343084347679669
GSM7791001_TGATTCTAGGACTTCT-1,residual,bulk,-0.17716733660016742,0.01824562459360633,0.28374146220973906
GSM7791001_TGATTCTTCTATGCCC-1,residual,bulk,-0.051364492613171775,0.009752402096369744,-0.1491038600764001
GSM7791001_TGATTTCTCAAACTGC-1,residual,bulk,0.12064455531892326,0.010459389491420867,-0.2510401994364763
GSM7791001_TGCACGGAGATTGCGG-1,residual,ciliated,1.9926090240478516,0.014855398753148485,0.010164758303746402
GSM7791001_TGCACGGCACCCAATA-1,residual,bulk,0.19950383610195582,0.00900344148166545,-0.05946088320839015
GSM7791001_TGCAGATAGAGGCGGA-1,residual,bulk,-0.11150192502945187,0.012954471526686226,-0.03351629943556861
GSM7791001_TGCAGATGTCGCCACA-1,residual,bulk,-0.08342664851082697,0.01061779684896959,-0.08125811725591689
GSM7791001_TGCAGTAAGTGCACCC-1,residual,bulk,-0.16148721070516675,0.013251784329328211,-0.022588215022996048
GSM7791001_TGCAGTATCTGGCCTT-1,residual,bulk,-0.01896209716796875,0.020722651002717505,0.595833123589142
GSM7791001_TGCATCCCACAAATCC-1,residual,bulk,0.08064874770149352,0.007170220534140733,-0.11737297718366267
GSM7791001_TGCATGATCCTTCTTC-1,residual,bulk,0.028614459567599837,0.010478865800826869,-0.012924461623084815
GSM7791001_TGCCGAGGTAGATCCT-1,residual,bulk,-0.17102512904575892,0.016463544459874895,0.2696008189691714
GSM7791001_TGCCGAGTCAGAGTTC-1,residual,bulk,0.0708771690489754,0.010454796814499756,-0.16001235175290274
GSM7791001_TGCGACGCATCCTAAG-1,residual,bulk,-0.19145239693777902,0.022092504938808887,0.4123276261108231
GSM7791001_TGCGACGTCTAAGCGT-1,residual,bulk,-0.11002541004665314,0.011743023194872434,-0.055626624205425974
GSM7791001_TGCGACGTCTGAGAGG-1,residual,bulk,-0.2022257643654233,0.010551469502400278,-0.19065480341276014
GSM7791001_TGCGATAAGCGACTGA-1,residual,bulk,-0.03478754929133823,0.011641565240022866,-0.007450035328155146
GSM7791001_TGCGATACATCTCGTC-1,residual,bulk,-0.0859187752859933,0.016358517854352373,0.46667891553041374
GSM7791001_TGCGATACATTGCCGG-1,residual,bulk,-0.06764468223329573,0.008132606672157087,-0.05606272655990947
GSM7791001_TGCGATATCTAAGAAG-1,residual,bulk,0.21255295571826754,0.010534121853058718,-0.14084420834449343
GSM7791001_TGCGGCAAGAAAGCGA-1,residual,bulk,-0.15228226797921318,0.024835917158053226,0.29588462084243555
GSM7791001_TGCGGCAAGGATTTAG-1,residual,ciliated,1.641784661913675,0.014189835506877762,0.010998924179423799
GSM7791001_TGCGGCACACAGAAGC-1,residual,bulk,0.03641875766572497,0.02019091098200382,0.4397894842414507
GSM7791001_TGCGGCAGTCCTGTTC-1,residual,bulk,0.02388292115832133,0.010828874889070963,-0.054613426857949586
GSM7791001_TGCGGCATCTAGTGTG-1,residual,bulk,-0.07443429780384853,0.012030350937279203,-0.3011753348332945
GSM7791001_TGCGGGTCAATAGTCC-1,residual,bulk,-0.07673030308314732,0.015500987469990454,0.38663952782905797
GSM7791001_TGCGGGTCAGAGTCAG-1,residual,bulk,-0.17245228358677456,0.022033982518859768,0.23157764365535075
GSM7791001_TGCTCCAGTCGGAACA-1,residual,bulk,-0.06957582700820195,0.009102366502077578,-0.10707142195224556
GSM7791001_TGCTCGTCAGTGTACT-1,residual,bulk,0.0019101445637051961,0.010841007074768337,-0.19740935539310525
GSM7791001_TGCTCGTTCCTGGCTT-1,residual,bulk,-0.14103235517229354,0.020604498872115545,0.2784174170874882
GSM7791001_TGCTTCGAGAAACACT-1,residual,bulk,0.053286271776471814,0.017542230918267964,0.5409552076346275
GSM7791001_TGCTTCGAGGGACACT-1,residual,bulk,-0.21112677437918526,0.013786011327393861,0.11385634886310107
GSM7791001_TGCTTCGCAGAACGCA-1,residual,bulk,-0.027058415185837542,0.008185095423564106,-0.17765984013226557
GSM7791001_TGCTTCGGTGCGGTAA-1,residual,bulk,-0.10504353114536831,0.017276629060541077,0.12673372127150492
GSM7791001_TGCTTGCAGCAGGGAG-1,residual,ciliated,1.6693327706957621,0.012522577847173389,-0.10072832097085044
GSM7791001_TGCTTGCTCCACGTGG-1,residual,bulk,-0.028780440678672192,0.009319170378967194,-0.20094518494064798
GSM7791001_TGGAACTAGAGGCGGA-1,residual,bulk,0.04257317694406659,0.01605636564018679,0.1853740170579667
GSM7791001_TGGAACTCACATACTG-1,residual,bulk,-0.18252801077706474,0.023877499952398396,0.24085558498038137
GSM7791001_TGGAACTCACTAACCA-1,residual,bulk,-0.04670598083072239,0.020259096396023288,0.3509195661380059
GSM7791001_TGGAACTCACTCCTTG-1,residual,bulk,-0.04241672243390765,0.006056126118302078,-0.188453183959571
GSM7791001_TGGAACTCAGTCCGTG-1,residual,bulk,-0.09242874766153,0.010134226927012073,-0.18226999644807984
GSM7791001_TGGAGGAAGGTAAACT-1,residual,bulk,-0.031671711755177356,0.010956305893131669,-0.18911233195152427
GSM7791001_TGGAGGAGTATCACCA-1,residual,bulk,-0.023617719241550983,0.010084895189648519,-0.014361343835611402
GSM7791001_TGGAGGAGTCAAATCC-1,residual,bulk,-0.05728091088552323,0.011487947198645423,-0.22436236156194386
GSM7791001_TGGAGGAGTGGCAGAT-1,residual,bulk,-0.11088912963867187,0.017710704329253913,0.4407708977555602
GSM7791001_TGGAGGAGTGTCCAAT-1,residual,bulk,-0.1258088943693373,0.008460759280587147,-0.015777582822269678
GSM7791001_TGGAGGATCACTTCTA-1,residual,bulk,-0.01228185744512647,0.01004874734062757,-0.09135688586077012
GSM7791001_TGGATCACACAACCGC-1,residual,bulk,-0.05758429391043527,0.02030075906298261,0.3170017779806081
GSM7791001_TGGATCATCAACTGAC-1,residual,bulk,0.11543554956950841,0.008790874067687582,-0.08865152862653522
GSM7791001_TGGATGTCAGACTGCC-1,residual,bulk,-0.13208450022197904,0.00959592453130281,-0.07508497372889691
GSM7791001_TGGATGTGTTATTCTC-1,residual,bulk,-0.16264399937220983,0.016339901989127555,0.39084802575623034
GSM7791001_TGGCGTGCAAACACGG-1,residual,bulk,0.21103457178388324,0.020493284430979853,0.48264520867643046
GSM7791001_TGGCGTGCAAAGGCGT-1,residual,bulk,-0.0767511967250279,0.02241773709813061,0.4207157017921499
GSM7791001_TGGCGTGCATTGGGAG-1,residual,bulk,-0.09120536804199218,0.02238637395028353,0.49300080524706474
GSM7791001_TGGGAAGAGCCGTTGC-1,residual,bulk,0.35320090611775723,0.016191371045268983,0.20669021800514453
GSM7791001_TGGGAAGCAAACACCT-1,residual,bulk,-0.12228185381208147,0.02061113443334174,0.29101813561925
GSM7791001_TGGGAAGCACAATCTG-1,residual,bulk,-0.07567237369597904,0.021067109948812654,0.2300989424656002
GSM7791001_TGGGAAGTCTTCGTAT-1,residual,bulk,0.11964290815686421,0.009824597284249656,-0.08481356083587129
GSM7791001_TGGGAGAAGTCATGAA-1,residual,bulk,-0.11321661812918526,0.01754636321613159,0.3206353529285105
GSM7791001_TGGGAGATCGGCCAAC-1,residual,bulk,-0.16119706290108818,0.014269499969063746,-0.013438177055528298
GSM7791001_TGGGATTAGTAGAATC-1,residual,bulk,0.15472238578493636,0.01585115511078107,0.5291757742939668
GSM7791001_TGGGATTCAAGTTCGT-1,residual,bulk,-0.07225379255082873,0.008492354163458192,-0.24448442590084002
GSM7791001_TGGGATTGTGGCCTCA-1,residual,bulk,0.1027699164738731,0.006951037178027777,-0.08327216707844812
GSM7791001_TGGGATTTCCGAACGC-1,residual,bulk,-0.037477074350629525,0.017201492794442556,0.1569218215656409
GSM7791001_TGGGCGTCACAACCGC-1,residual,bulk,0.055914615146697516,0.01005421210551569,0.010645974074522516
GSM7791001_TGGGCGTGTCACTACA-1,residual,ciliated,0.7292037588452536,0.021322226657146077,0.6109364868438566
GSM7791001_TGGGCTGGTGGCTACC-1,residual,bulk,0.44101277427067836,0.0085300175443601,-0.10639702437782075
GSM7791001_TGGTACAGTGATGAAT-1,residual,bulk,-0.14272826058523996,0.020477546723764964,0.2940262204638118
GSM7791001_TGGTAGTCACGTCGGT-1,residual,bulk,-0.18788312639508928,0.014065462631983997,-0.08215573525837244
GSM7791001_TGGTAGTTCTTGTTAC-1,residual,bulk,-0.006747461954752593,0.007775752614361316,-0.2582166930139876
GSM7791001_TGGTGATCAAGTCCAT-1,residual,bulk,0.03234817671397375,0.010549043516086468,-0.22138471355813208
GSM7791001_TGGTTAGAGTCGGGAT-1,residual,bulk,-0.10521049302721783,0.006137872028713408,-0.2199232626407496
GSM7791001_TGGTTAGTCAGGAAGC-1,residual,bulk,-0.09602776966397722,0.014280465139289109,-0.020075031455717422
GSM7791001_TGTAACGAGTAACGAT-1,residual,bulk,0.03726309413001652,0.012656116248662688,-0.11255423477286917
GSM7791001_TGTAACGCAATGAGCG-1,residual,bulk,-0.13734563657215662,0.013534195051465907,-0.07839868763059164
GSM7791001_TGTAACGTCCCAACTC-1,residual,bulk,-0.1353275844029018,0.015590401778069217,0.041381243392758345
GSM7791001_TGTAAGCAGGTTCATC-1,residual,bulk,0.10740718614487421,0.013301452046839466,-0.013969862191145361
GSM7791001_TGTAAGCCACTTTATC-1,residual,bulk,0.24818671983385845,0.009471808761615973,-0.1852074246972507
GSM7791001_TGTAAGCGTAACTTCG-1,residual,ciliated,0.5952075240725563,0.024850229099739128,0.39176424962715733
GSM7791001_TGTAAGCGTACACGTT-1,residual,bulk,0.17003458053346662,0.024382876142095188,0.25619375334909744
GSM7791001_TGTAGACCATCACAGT-1,residual,ciliated,0.8042591101025778,0.022489344177670373,0.31439267856457115
GSM7791001_TGTAGACGTGCATGAG-1,residual,bulk,-0.12935427442429556,0.013140943512486476,0.030248142717997722
GSM7791001_TGTAGACTCAAGGACG-1,residual,bulk,-0.1678729248046875,0.025959523582960633,0.38324343774721514
GSM7791001_TGTCAGAAGTAAACAC-1,residual,bulk,-0.09491597512411694,0.021706789700839172,0.24390221096610343
GSM7791001_TGTCAGAAGTGCAGGT-1,residual,bulk,-0.20608925955636162,0.008659287681062548,0.023952236972753116
GSM7791001_TGTCAGACACATTCGA-1,residual,bulk,0.1429359785715739,0.018939573777980025,0.28098161390954884
GSM7791001_TGTCAGAGTAGGAGGG-1,residual,bulk,-0.0775276803970337,0.011475677994244612,-0.12278801400382759
GSM7791001_TGTCAGAGTCCTTGTC-1,residual,ciliated,1.286448250422402,0.020643464923975487,0.13434663621284415
GSM7791001_TGTCAGATCGAGAGCA-1,residual,bulk,0.12359320844922747,0.018006430351325063,0.355460439011486
GSM7791001_TGTCAGATCGTGTGAT-1,residual,bulk,-0.12294774411216614,0.008466911424239146,-0.17529933762962951
GSM7791001_TGTCAGATCTATTGTC-1,residual,bulk,-0.031191902160644533,0.021194728522044858,0.5695144718486971
GSM7791001_TGTCCACAGCGAGTAC-1,residual,bulk,-0.027829258328392392,0.006983755527904711,-0.0468981972141099
GSM7791001_TGTCCACAGGTTACAA-1,residual,bulk,-0.23697156633649555,0.0184619732116168,0.15569084321594456
GSM7791001_TGTCCACGTTGCTAGT-1,residual,bulk,0.03886936611599391,0.014557654163388146,0.32355039224652965
GSM7791001_TGTCCACTCAACCTTT-1,residual,bulk,-0.15991927010672433,0.014834684240877343,0.0862169373042911
GSM7791001_TGTCCCAGTTTCGTAG-1,residual,bulk,-0.05681421889199152,0.012645937289284925,-0.006438562654960404
GSM7791001_TGTCCCATCCGAGGCT-1,residual,bulk,0.1214894605818249,0.016063415905290698,0.1620604884115673
GSM7791001_TGTGAGTAGAGCAGTC-1,residual,ciliated,1.9244115460108198,0.011379574770739998,-0.032181921162031564
GSM7791001_TGTGAGTGTGCTGTCG-1,residual,bulk,-0.07481515611921039,0.020454475925635308,0.43234576291703025
GSM7791001_TGTGATGAGATGCAGC-1,residual,bulk,-0.1510637446812221,0.023227994851124433,0.3959039050179166
GSM7791001_TGTGATGAGCTCTATG-1,residual,bulk,-0.10020652770996094,0.02104218417429649,0.46324515163577556
GSM7791001_TGTGATGCACAACCGC-1,residual,bulk,0.16493924837263801,0.019589987068965448,0.36016858351101183
GSM7791001_TGTGCGGAGAACAGGA-1,residual,bulk,-0.11678102765764509,0.022750348540970276,0.39662155152774364
GSM7791001_TGTGCGGGTTAGGACG-1,residual,bulk,-0.14428649508763872,0.023938575235015674,0.3153419399095254
GSM7791001_TGTGCGGGTTGCATAC-1,residual,bulk,0.06926222892034621,0.018272722578810408,0.36008421667152485
GSM7791001_TGTGGCGCAGGTGTTT-1,residual,bulk,0.028695269539242688,0.023817387660265112,0.504485872573565
GSM7791001_TGTGGCGGTAGCTTTG-1,residual,bulk,-0.13827924455915178,0.018064328711355413,0.2742388801886676
GSM7791001_TGTGTGAAGTGATCGG-1,residual,bulk,0.09720457909599184,0.007453355634986134,-0.11842655698795357
GSM7791001_TGTTACTAGGACTAAT-1,residual,ciliated,0.7459564327058338,0.017543418892164635,0.46766293802402487
GSM7791001_TGTTACTAGTGATGGC-1,residual,bulk,-0.015005991496737064,0.008917204997283858,-0.1355401252730316
GSM7791001_TGTTACTAGTGCAAAT-1,residual,bulk,-0.03828093120029995,0.01725006563071621,0.5871642604642417
GSM7791001_TGTTACTCATCTCAAG-1,residual,bulk,0.040205836977277476,0.008634581826787325,-0.19407268042947962
GSM7791001_TGTTACTGTGATGAAT-1,residual,bulk,-0.08638205369313558,0.014938091528122099,0.07720849973337746
GSM7791001_TGTTACTTCGATCCAA-1,residual,bulk,-0.035770356011769144,0.0081354132178178,-0.11060638229404901
GSM7791001_TGTTCATAGGAATGTT-1,residual,bulk,-0.09754831586565291,0.02530362985548409,0.4068160542689234
GSM7791001_TGTTCATAGGCCACTC-1,residual,bulk,0.21643046999734547,0.008478955295617669,-0.06961054825517088
GSM7791001_TGTTCATCATTGCAAC-1,residual,bulk,-0.05229239671949355,0.022033515020206593,0.3096655622324841
GSM7791001_TGTTCATGTCCAGAAG-1,residual,ciliated,0.8547979433574373,0.006317187886089994,-0.15509493805121596
GSM7791001_TGTTCCGAGCAAACAT-1,residual,bulk,-0.15025741350083122,0.014612319595669023,-0.0008044515223064193
GSM7791001_TGTTCTAGTCGGCTAC-1,residual,bulk,0.26601067164587594,0.020995244039310232,0.4019402104142546
GSM7791001_TGTTCTATCAAGTTGC-1,residual,bulk,-0.0765202792863997,0.021585742377130745,0.37548523942148343
GSM7791001_TGTTCTATCATTCGGA-1,residual,bulk,-0.05630941663469587,0.018093779051111165,0.5291170165316026
GSM7791001_TGTTCTATCTATGCCC-1,residual,ciliated,0.95852479177808,0.022550959801301118,0.3470501859679039
GSM7791001_TGTTGAGGTCCTCCTA-1,residual,bulk,0.22669287348550465,0.012146225364775115,-0.06860115089786595
GSM7791001_TGTTGAGTCAATGCAC-1,residual,bulk,-0.13795466831752232,0.02188235847628635,0.23017779970332075
GSM7791001_TGTTGGAGTCAGGTAG-1,residual,bulk,-0.10337021721733942,0.014486032981133216,0.006730784338641387
GSM7791001_TGTTTGTTCACGAACT-1,residual,bulk,0.06303282798282683,0.013112385287290878,0.10389791883436555
GSM7791001_TTACAGGCAATCTAGC-1,residual,ciliated,0.8112542331029499,0.01040046830556764,-0.11699926607800755
GSM7791001_TTACCGCAGTAGGTTA-1,residual,bulk,0.43173624916682163,0.012609904699715077,-0.1607476976365268
GSM7791001_TTACCGCGTGCTGTCG-1,residual,ciliated,1.6357719348725819,0.017976839173221494,0.15164322931166827
GSM7791001_TTACCGCGTTGTTGAC-1,residual,bulk,-0.05323305803631981,0.015019505662162024,0.08449344114582542
GSM7791001_TTACGCCAGTTGCCCG-1,residual,bulk,0.40101827651735333,0.005549196849184631,-0.2544163460440986
GSM7791001_TTACGCCCACTTCCTG-1,residual,bulk,0.49829244431995207,0.021567323502751222,0.26789450536723025
GSM7791001_TTACGCCCAGGGTCTC-1,residual,bulk,0.009108709456428665,0.012628662854871044,-0.08124078433620513
GSM7791001_TTACGTTCACCTGCTT-1,residual,bulk,-0.050595805304391034,0.01251202070083991,-0.16576352417540352
GSM7791001_TTACGTTCATCATGAC-1,residual,bulk,0.11796322080824109,0.022288953024981933,0.3089027527660788
GSM7791001_TTACGTTTCTATCGGA-1,residual,bulk,-0.04012370374467639,0.01158268876563028,-0.03964155034650515
GSM7791001_TTACTGTGTACCTATG-1,residual,bulk,0.3260619817461286,0.017531437163819812,0.059367260554303136
GSM7791001_TTACTGTGTTGTAAAG-1,residual,bulk,-0.119830003995744,0.007307181772248976,-0.14348700888390994
GSM7791001_TTAGGCACAAGCTGTT-1,residual,bulk,-0.22445478166852678,0.013089087920330195,-0.13175175385406773
GSM7791001_TTAGGCAGTATTGAGA-1,residual,bulk,-0.0496205553175911,0.013674204898649038,-0.14984019964425302
GSM7791001_TTAGGCAGTTCGGGTC-1,residual,bulk,0.3207553893800765,0.011952600769364956,-0.008557208962025192
GSM7791001_TTAGGGTAGGCCCGTT-1,residual,bulk,-0.09321527004241942,0.009803323624049344,-0.08163987292743419
GSM7791001_TTAGGGTAGTATGACA-1,residual,ciliated,0.7003839420136951,0.020956416779983847,0.35102626999044884
GSM7791001_TTAGGGTCAATCCTAG-1,residual,bulk,0.4461098598298572,0.006520268273239508,-0.10833505342496963
GSM7791001_TTAGGGTCATGACAGG-1,residual,ciliated,0.7262473872351268,0.024777696018019612,0.37317540840266633
GSM7791001_TTAGGGTGTCTTTATC-1,residual,bulk,-0.08964718409946987,0.018201912285834607,0.3965249834707019
GSM7791001_TTAGTCTTCGACGTCG-1,residual,bulk,0.20096928702460398,0.019222398772786944,0.41149322745129135
GSM7791001_TTATTGCCAGTCACGC-1,residual,bulk,-0.13576241629464286,0.025658735490282233,0.36188645085077437
GSM7791001_TTCAATCCAAACTCTG-1,residual,bulk,-0.16239240373883929,0.0254536638863025,0.40591754200770286
GSM7791001_TTCAATCCAGACACCC-1,residual,bulk,0.195606624966576,0.03345783339204647,0.18026944719297458
GSM7791001_TTCAATCCATCGCTCT-1,residual,bulk,-0.11379316057477679,0.022559586745437427,0.30961763653785634
GSM7791001_TTCAATCGTCGACGCT-1,residual,ciliated,0.8908793004353841,0.006415667612314202,-0.15585599946192377
GSM7791001_TTCAATCGTGCTTATG-1,residual,bulk,-0.16673578349370805,0.012401993566628565,-0.22119703512658065
GSM7791001_TTCACCGCAGATTAAG-1,residual,ciliated,1.0037654840378534,0.020778536123590645,0.3453039467918023
GSM7791001_TTCACCGGTAGGTTTC-1,residual,bulk,0.07380166462489535,0.006294865493027843,-0.19927165498938387
GSM7791001_TTCACCGGTGCGGTAA-1,residual,ciliated,2.000676773313492,0.0069875834078897275,-0.09317632205830213
GSM7791001_TTCACGCCAATGTTGC-1,residual,bulk,0.05467034915136912,0.00809232808259586,-0.2971836171906329
GSM7791001_TTCACGCTCAAATAGG-1,residual,bulk,-0.07946144255380783,0.02082535867854589,0.15285582679166
GSM7791001_TTCACGCTCCGTAATG-1,residual,ciliated,1.3169695172991072,0.010493180522794103,-0.1621904832323269
GSM7791001_TTCAGGAAGCACCTGC-1,residual,bulk,0.11160075959705171,0.023142385938199953,0.3782037892856728
GSM7791001_TTCAGGAGTAGCTTAC-1,residual,bulk,-0.028620675783308708,0.005854073161879242,-0.15503630658611364
GSM7791001_TTCAGGATCTGCTGAA-1,residual,bulk,0.1865966733296712,0.007412368090668729,-0.20156588575408785
GSM7791001_TTCATGTCAAGCGAGT-1,residual,ciliated,0.5912916546776181,0.011275437493606289,-0.1774677365872705
GSM7791001_TTCATTGAGATGACCG-1,residual,bulk,0.020969255765279138,0.01726361612058592,0.29613537104388515
GSM7791001_TTCATTGAGCACTCGC-1,residual,bulk,0.17593048534696062,0.01749292917363111,0.28689500202451873
GSM7791001_TTCATTGCAACCGGAA-1,residual,bulk,-0.08152366638183593,0.024738253790579423,0.38891430242602015
GSM7791001_TTCATTGGTTGCAAGG-1,residual,bulk,-0.1101087406703404,0.02147401629778041,0.3977245397212715
GSM7791001_TTCCAATCAATGCAAA-1,residual,bulk,-0.061824735838269446,0.007309329565631161,-0.11640698839798673
GSM7791001_TTCCAATGTATCCCAA-1,residual,bulk,-0.09087694743322944,0.017471955291720756,-0.06114955366097738
GSM7791001_TTCCGGTAGAACGCGT-1,residual,bulk,0.1263151890890939,0.010687117792771192,-0.05374048223531865
GSM7791001_TTCCGGTGTACCTATG-1,residual,bulk,-0.014665218307858413,0.02151642570954195,0.43424814493503766
GSM7791001_TTCCGGTGTGTAACGG-1,residual,bulk,0.12226842077951583,0.010522385921275895,-0.154565046160961
GSM7791001_TTCCGTGAGTTTCGGT-1,residual,bulk,-0.04705216513739692,0.018221957565261418,0.2510700258904332
GSM7791001_TTCCTAACACTCCCTA-1,residual,bulk,-0.09850537633138992,0.012576240008926709,-0.004096476994790925
GSM7791001_TTCCTAATCAGAGCAG-1,residual,bulk,-0.14191521780831473,0.01775116771736208,0.3507571175599054
GSM7791001_TTCCTCTAGCGAGTCA-1,residual,bulk,-0.06749693734305245,0.018349134163436902,0.49708383035893616
GSM7791001_TTCCTTCAGAGGTGCT-1,residual,bulk,-0.14969813755580358,0.02001022821896648,0.3155010634225607
GSM7791001_TTCCTTCCAGGTCAGA-1,residual,bulk,-0.07070971118079292,0.01150832091827429,-0.1095735423616773
GSM7791001_TTCGATTAGAAGTCAT-1,residual,ciliated,1.166188125004844,0.007623422589618388,-0.15116480307030508
GSM7791001_TTCGCTGAGGACAAGA-1,residual,bulk,-0.15240842546735492,0.025274185499984256,0.38971365697902227
GSM7791001_TTCGCTGAGGGCAATC-1,residual,bulk,0.05840182652549142,0.008065710020633455,-0.10887774099306279
GSM7791001_TTCGGTCAGATACTGA-1,residual,bulk,0.06122757260761563,0.007506006652052703,-0.18974415279305712
GSM7791001_TTCGGTCGTCGCTTAA-1,residual,bulk,-0.018856391793205626,0.019729461262895615,0.30737144600521416
GSM7791001_TTCTAACGTCTGATCA-1,residual,bulk,-0.08208171291956826,0.022854917766419906,0.35771719482109104
GSM7791001_TTCTAGTAGTAAGGGA-1,residual,bulk,0.01684886652325826,0.008783805497033219,0.06529892784798423
GSM7791001_TTCTAGTAGTCATGGG-1,residual,bulk,-0.015937919465322345,0.012581581976523626,0.04465542596076852
GSM7791001_TTCTAGTCAACTCATG-1,residual,bulk,0.07166825854589068,0.008097286447925919,-0.20111229806321046
GSM7791001_TTCTAGTGTGGAGGTT-1,residual,bulk,0.14187175690181675,0.00633327570519576,-0.11876920787008795
GSM7791001_TTCTCTCTCCGCACGA-1,residual,bulk,0.03271519010029142,0.020131577324600424,0.21315777710695025
GSM7791001_TTCTGTACAGAAACCG-1,residual,bulk,-0.11099380493164063,0.01670995760625083,0.38094557708139104
GSM7791001_TTCTGTAGTCCGGACT-1,residual,bulk,0.06768770444960823,0.016234890731029884,0.10420681700327106
GSM7791001_TTCTGTATCAAGCCTA-1,residual,bulk,-0.06771317618233819,0.010323734527810246,-0.13654555928344486
GSM7791001_TTCTGTATCTCGGTCT-1,residual,bulk,-0.004174027632153229,0.02089116993974559,0.22539706445300062
GSM7791001_TTCTTGAAGTATAGGT-1,residual,bulk,-0.021831407092866434,0.006461337278953931,-0.13099901107666628
GSM7791001_TTGAACGAGTTAGTAG-1,residual,bulk,0.044721271726820194,0.007072201183845265,-0.08656192037058388
GSM7791001_TTGAACGGTAGCGATG-1,residual,bulk,-0.14941673278808593,0.01509099893454039,0.23200903314489368
GSM7791001_TTGACCCCAGCACAAG-1,residual,bulk,-0.07081516265869141,0.020114840179765992,0.6265125176537231
GSM7791001_TTGACCCGTACTGACT-1,residual,bulk,-0.1134148921663799,0.009028826646878482,-0.11545488981351724
GSM7791001_TTGACCCGTTATTCTC-1,residual,bulk,-0.03419323096199642,0.02522465095592781,0.20857328797515132
GSM7791001_TTGACCCTCCATAGAC-1,residual,bulk,-0.0002012316385904822,0.022199252055770228,0.2641437389553354
GSM7791001_TTGACCCTCGAGATGG-1,residual,bulk,-0.21039317539760044,0.01724763570686162,0.33708273316881965
GSM7791001_TTGAGTGAGGTCGTAG-1,residual,bulk,0.10111521100241039,0.015993171462649464,-0.16379977036085208
GSM7791001_TTGAGTGCAAGAGTTA-1,residual,bulk,-0.04511757532755531,0.007275515481526646,-0.14838244488276717
GSM7791001_TTGAGTGCACTAGGCC-1,residual,bulk,-0.09846421362861754,0.009762957575773095,-0.06040851611045958
GSM7791001_TTGAGTGGTGTTCCAA-1,residual,bulk,0.28066537841917977,0.018392597069544533,0.17770515493903546
GSM7791001_TTGATGGAGAAGCCAC-1,residual,bulk,-0.08313325064522879,0.0198421513514378,0.5498598640531199
GSM7791001_TTGCATTCACACAGCC-1,residual,bulk,-0.14761908394949777,0.019840820547612742,0.3270899971717692
GSM7791001_TTGCATTCACGATAGG-1,residual,bulk,-0.028645003182547434,0.020585024103891684,0.5933404205743805
GSM7791001_TTGCATTGTCTCAGAT-1,residual,bulk,-0.12582608904157366,0.02629409306834969,0.39850454538299135
GSM7791001_TTGCCTGCAGCACCCA-1,residual,ciliated,0.5747167899116636,0.010777945255939001,-0.2439611717512749
GSM7791001_TTGCCTGCAGCTAACT-1,residual,bulk,-0.13682356698172432,0.019919570550924057,0.2860112676820106
GSM7791001_TTGCGTCAGTCTAGAA-1,residual,bulk,-0.14523355412104771,0.00797913169449373,-0.13636143753799482
GSM7791001_TTGCTGCCAGGGCTTC-1,residual,bulk,-0.07019359588623048,0.024809737122521856,0.5225029985108594
GSM7791001_TTGCTGCGTTGATCGT-1,residual,bulk,-0.08268411409287227,0.007967203646421006,-0.07759008169848314
GSM7791001_TTGGATGAGTTTCTTC-1,residual,bulk,0.13549956609332373,0.013411868939980679,0.08349067771907497
GSM7791001_TTGGATGTCGCTTGAA-1,residual,bulk,-0.14605915803757924,0.006786663107082439,-0.17837207339894584
GSM7791001_TTGGGATAGCATGGGT-1,residual,bulk,-0.1163273184640067,0.023563612527630944,0.5122588341548225
GSM7791001_TTGGGATCAGTAGAGC-1,residual,bulk,0.011854780742100307,0.01087762831634942,-0.05183451436848133
GSM7791001_TTGGGATTCGGTCACG-1,residual,bulk,-0.04151819289676728,0.02217731758841611,0.3809391521159535
GSM7791001_TTGGGCGCATCCCACT-1,residual,bulk,-0.0849536579374283,0.009053100476559226,0.11205136830072615
GSM7791001_TTGGGCGGTCCAGCGT-1,residual,bulk,0.025345899718148365,0.016800675737566023,0.370590976926751
GSM7791001_TTGGGCGTCAGCTTCC-1,residual,bulk,-0.03181297786652096,0.007508674483961611,-0.12035950920793018
GSM7791001_TTGGGTAAGACTCATC-1,residual,bulk,-0.04960227693830219,0.01647192530209423,-0.11587748494740197
GSM7791001_TTGGGTACAGGGAGAG-1,residual,bulk,-0.0910470199584961,0.0224034237208768,0.3551667222003595
GSM7791001_TTGGGTAGTATCGCAT-1,residual,bulk,-0.006876672260344982,0.016840527686838427,0.24937358392890305
GSM7791001_TTGGGTATCATGCTAG-1,residual,ciliated,0.8642780207073877,0.007542378228674069,-0.17521259412336865
GSM7791001_TTGGTTTAGAGATGCC-1,residual,bulk,0.06996392401437912,0.006501576285095365,-0.15041706956635842
GSM7791001_TTGGTTTAGGGAGTTC-1,residual,bulk,-0.009399040312994072,0.0068677489320033355,-0.07650590692891025
GSM7791001_TTGGTTTCAAAGCGTG-1,residual,ciliated,0.8172598315042163,0.023167216744020187,0.268760866587147
GSM7791001_TTGTGGACACTTACAG-1,residual,bulk,-0.0718655988905165,0.008260465494682408,-0.07837374422977293
GSM7791001_TTGTGGAGTCACTAGT-1,residual,bulk,-0.039543392393324134,0.007905413832475769,-0.26395317468563867
GSM7791001_TTGTGTTAGGATTTCC-1,residual,bulk,-0.1478906804796249,0.006482374941764761,-0.18247424278653343
GSM7791001_TTGTGTTGTAAGATTG-1,residual,bulk,-0.018363846370152065,0.018483277097665497,0.6121018777512064
GSM7791001_TTGTGTTGTGTTATCG-1,residual,bulk,-0.24562367030552457,0.015447358963590842,-0.10192193660891109
GSM7791001_TTGTTCACATCCGAAT-1,residual,bulk,-0.012147997220357282,0.0068150803446636425,-0.1701162114840283
GSM7791001_TTGTTGTCAGACTCTA-1,residual,bulk,0.014324015965537423,0.009297667841751182,-0.10321344731558355
GSM7791001_TTGTTGTGTCATATGC-1,residual,bulk,-0.08967648642403739,0.018538041781069547,0.3770643706044955
GSM7791001_TTGTTTGAGCGATTCT-1,residual,bulk,-0.13412256134880912,0.013328470083306409,-0.28774046508948203
GSM7791001_TTGTTTGAGGATATAC-1,residual,bulk,0.13597951525733587,0.01626850089390612,0.24321246859390547
GSM7791001_TTGTTTGTCCAGCCTT-1,residual,bulk,-0.18083561488560268,0.019068793153333236,0.14347788546045775
GSM7791001_TTTACCAAGACTTAAG-1,residual,bulk,0.0015630108969552081,0.00857491966029383,-0.16455476348141587
GSM7791001_TTTACCACATGACGAG-1,residual,bulk,-0.07176814851306731,0.01182154275107499,-0.1022184832766076
GSM7791001_TTTACCAGTATGATCC-1,residual,bulk,0.07660390906863743,0.027945250812842597,0.27201507543289755
GSM7791001_TTTACCAGTCGCGGTT-1,residual,bulk,-0.14470879690987723,0.01901438643354188,0.353810013343347
GSM7791001_TTTACCATCTCGGCTT-1,residual,ciliated,0.6406593882848346,0.01989225975059931,0.3147602147551951
GSM7791001_TTTACGTAGTAGGATT-1,residual,bulk,-0.04901549203055246,0.023840365532792514,0.5338786556532431
GSM7791001_TTTACGTGTCTAACGT-1,residual,bulk,0.1506445645529126,0.006462908679966254,-0.17552336800890542
GSM7791001_TTTACGTGTGTAGTGG-1,residual,bulk,-0.15642195565359934,0.02208307994588331,0.387371502836994
GSM7791001_TTTACGTTCCCTCTTT-1,residual,bulk,0.1714186902273269,0.022124785656840187,0.5850143196071546
GSM7791001_TTTACGTTCCGTTTCG-1,residual,bulk,-0.03593822532229954,0.02042985473987363,0.2684147404225956
GSM7791001_TTTACTGAGGGCAGGA-1,residual,bulk,0.02293152725885786,0.02255202545993675,0.3092021038144172
GSM7791001_TTTACTGCACCCAAGC-1,residual,bulk,0.029724195268419018,0.008304268144634135,-0.20653859676320896
GSM7791001_TTTAGTCCAGTATGAA-1,residual,bulk,-0.06965708959670297,0.006163250038432655,-0.1558753513479091
GSM7791001_TTTAGTCGTGGTACAG-1,residual,bulk,0.03615641094389413,0.006054004885381493,-0.24904559396508047
GSM7791001_TTTATGCCACACTGGC-1,residual,bulk,-0.020434078489031112,0.02244206391998732,0.6006805365268434
GSM7791001_TTTATGCCACTTCATT-1,residual,bulk,-0.09449554027072968,0.024522004123828316,0.426467109559584
GSM7791001_TTTCACACAACTCCCT-1,residual,bulk,0.25273901500399154,0.00866319656735124,-0.13257474694561497
GSM7791001_TTTCACACAGAGAGGG-1,residual,bulk,0.17943019079783606,0.01828008223004562,0.6488493153562017
GSM7791001_TTTCACAGTGCTGCAC-1,residual,bulk,-0.032660751342773464,0.005317560864299166,-0.12492452546235801
GSM7791001_TTTCATGTCCAGTGTA-1,residual,bulk,0.36770421648782403,0.009009391983501619,-0.09158903449457655
GSM7791001_TTTCCTCAGATCGCCC-1,residual,bulk,-0.16448516845703126,0.024221850369511567,0.3579722145567055
GSM7791001_TTTCCTCAGGCGAACT-1,residual,bulk,0.18987382586040194,0.023230227229200075,0.28536942428233564
GSM7791001_TTTCCTCTCAGAGTTC-1,residual,bulk,-0.06448192596435547,0.019739363858911285,0.5915591165816088
GSM7791001_TTTCGATCATCGAACT-1,residual,ciliated,0.541071115221296,0.0229449186158942,0.16739239333955278
GSM7791001_TTTCGATGTTTATGCG-1,residual,bulk,0.07705427260625929,0.01142967125968512,0.055146769502197476
GSM7791001_TTTCGATGTTTCTATC-1,residual,bulk,0.31543800565931535,0.008602543599841044,-0.1496035456008139
GSM7791001_TTTGACTGTGGATACG-1,residual,ciliated,2.016742686922588,0.014099321730162763,-0.0659610618769454
GSM7791001_TTTGACTGTGGTGATG-1,residual,bulk,0.08987756244719972,0.006129265448496744,-0.12465915365909014
GSM7791001_TTTGATCAGGTAGTAT-1,residual,bulk,-0.06042831564706469,0.008877768552185559,-0.18313436181330317
GSM7791001_TTTGATCGTTTGTGGT-1,residual,bulk,-0.13607276208817012,0.018468636232896504,0.1521895985104007
GSM7791001_TTTGGAGAGACGCCAA-1,residual,bulk,-0.2008718178007338,0.008723296412709016,-0.2178873293083688
GSM7791001_TTTGGAGGTTAAGAAC-1,residual,bulk,-0.03106847066727897,0.011196775707937173,-0.06289675784375519
GSM7791001_TTTGGTTAGCTGCCAC-1,residual,bulk,-0.02626352158803788,0.00677991868221648,-0.10619257105195369
GSM7791001_TTTGGTTAGGGACTGT-1,residual,bulk,0.16916183047824437,0.0056000873718597905,-0.11384677147737099
GSM7791001_TTTGGTTCAATGAACA-1,residual,bulk,-0.20069340297154017,0.02262474650696536,0.25694162880427773
GSM7791001_TTTGGTTCACAGAAGC-1,residual,bulk,-0.10875734094589479,0.007354817366462741,-0.1184692583053687
GSM7791001_TTTGGTTCACTACTTT-1,residual,bulk,-0.06965369349434263,0.029322544667274852,0.35999952059272067
GSM7791001_TTTGGTTTCATGAGAA-1,residual,bulk,-0.08410034724644253,0.02018866660019374,0.24699584989690437
GSM7791001_TTTGTTGAGCTTCGTA-1,residual,bulk,-0.004911010378883002,0.011313102800634293,-0.12926930442617549
GSM7791001_TTTGTTGGTCTCTCTG-1,residual,bulk,0.1779294789026654,0.019618014290342326,0.1921465183597322
GSM7791001_TTTGTTGGTCTGTAGT-1,residual,bulk,-0.13168824369945226,0.01467941882821084,-0.00463687178751477
GSM7791001_TTTGTTGGTGCTCTTC-1,residual,bulk,-0.07178508440653483,0.005921049018041308,-0.150768687270657
